animal,pair,epoch,dim,peak_cc,sig,ifi,lag
1,DMS-DLS,naive,1,0.1524,0,-0.0096,0
1,DMS-DLS,naive,2,0.0684,0,-0.0587,0
1,DMS-DLS,naive,3,0.0009,0,0.017,5
1,DMS-DLS,naive,4,-0.0125,0,0.0245,5
1,DMS-DLS,naive,5,0.0136,0,-0.0255,-1
1,DMS-DLS,naive,6,0.021,0,-0.0265,0
1,DMS-DLS,naive,7,-0.0018,0,-0.0221,0
1,DMS-DLS,naive,8,0.0062,0,-0.0133,-2
1,DMS-DLS,naive,9,0.0255,0,-0.032,-2
1,DMS-DLS,naive,10,-0.0079,0,-0.0219,0
1,DMS-DLS,naive,11,0.007,0,0.0209,2
1,DMS-DLS,naive,12,0.0248,0,0.0253,0
1,DMS-DLS,naive,13,0.0037,0,0.0188,2
1,DMS-DLS,naive,14,0.0097,0,0.0191,3
1,DMS-DLS,naive,15,0.007,0,-0.0172,-3
1,DMS-DLS,naive,16,-0.0098,0,-0.0424,3
1,DMS-DLS,naive,17,-0.0033,0,-0.0145,3
1,DMS-DLS,naive,18,-0.0038,0,-0.0336,3
1,DMS-DLS,naive,19,0.0085,0,-0.1411,-5
1,DMS-DLS,naive,20,0.0067,0,0.1538,3
1,DMS-DLS,intermediate,1,0.192,0,0.0053,0
1,DMS-DLS,intermediate,2,0.0452,0,-0.0231,-2
1,DMS-DLS,intermediate,3,0.0133,0,0.0059,5
1,DMS-DLS,intermediate,4,0.0185,0,-0.0048,0
1,DMS-DLS,intermediate,5,-0.0029,0,0.0155,2
1,DMS-DLS,intermediate,6,0.0216,0,0.0343,1
1,DMS-DLS,intermediate,7,0.0057,0,0.0257,0
1,DMS-DLS,intermediate,8,0.0148,0,0.0483,1
1,DMS-DLS,intermediate,9,0.0041,0,0.0458,5
1,DMS-DLS,intermediate,10,-0.0114,0,0.0446,1
1,DMS-DLS,intermediate,11,0.032,0,0.0633,5
1,DMS-DLS,intermediate,12,0.0132,0,0.0528,1
1,DMS-DLS,intermediate,13,0.011,0,0.0712,1
1,DMS-DLS,intermediate,14,-0.0083,0,0.0651,3
1,DMS-DLS,intermediate,15,-0.0028,0,0.0666,1
1,DMS-DLS,intermediate,16,-0.0062,0,0.0641,1
1,DMS-DLS,intermediate,17,0.0069,0,0.1042,3
1,DMS-DLS,intermediate,18,-0.0017,0,0.0765,3
1,DMS-DLS,intermediate,19,-0.0003,0,0.2226,2
1,DMS-DLS,intermediate,20,0.0089,0,0.2394,-5
1,DMS-DLS,expert,1,-0.0777,0,-0.0001,0
1,DMS-DLS,expert,2,0.0727,0,-0.0127,-2
1,DMS-DLS,expert,3,0.2509,1,-0.0199,0
1,DMS-DLS,expert,4,-0.1226,0,-0.0036,0
1,DMS-DLS,expert,5,-0.1175,0,-0.0128,0
1,DMS-DLS,expert,6,0.1643,0,-0.0214,4
1,DMS-DLS,expert,7,0.1525,0,-0.0327,4
1,DMS-DLS,expert,8,0.0727,0,-0.0582,4
1,DMS-DLS,expert,9,0.0179,0,-0.0592,0
1,DMS-DLS,expert,10,0.1847,1,-0.0474,0
1,DMS-DLS,expert,11,-0.1176,0,-0.0755,-5
1,DMS-DLS,expert,12,0.1086,0,-0.0729,-5
1,DMS-DLS,expert,13,-0.1202,0,-0.0784,-5
1,DMS-DLS,expert,14,0.0987,0,-0.1063,4
1,DMS-DLS,expert,15,-0.181,0,-0.0158,0
1,DMS-DLS,expert,16,0.1333,0,-0.0333,-2
1,DMS-DLS,expert,17,0.0183,0,-0.0177,-2
1,DMS-DLS,expert,18,-0.0617,0,-0.0581,-3
1,DMS-DLS,expert,19,0.0764,0,0.0142,2
1,DMS-DLS,expert,20,-0.0662,0,0.1011,2
1,DMS-ACC,naive,1,0.2987,1,0.0301,0
1,DMS-ACC,naive,2,0.1414,0,-0.0689,-3
1,DMS-ACC,naive,3,-0.0035,0,-0.1392,-5
1,DMS-ACC,naive,4,0.0207,0,-0.1149,-3
1,DMS-ACC,naive,5,0.0077,0,-0.1074,-3
1,DMS-ACC,naive,6,0.0021,0,-0.1016,-3
1,DMS-ACC,naive,7,0.0187,0,-0.0736,-4
1,DMS-ACC,naive,8,0.017,0,-0.0591,-4
1,DMS-ACC,naive,9,0.0003,0,-0.084,-4
1,DMS-ACC,naive,10,-0.011,0,-0.0905,-3
1,DMS-ACC,naive,11,0.009,0,-0.06,-2
1,DMS-ACC,naive,12,-0.0121,0,-0.0563,-2
1,DMS-ACC,naive,13,-0.0195,0,-0.039,-5
1,DMS-ACC,naive,14,0.0052,0,-0.0563,-5
1,DMS-ACC,naive,15,0.0006,0,-0.0352,-3
1,DMS-ACC,naive,16,0.0133,0,0.0008,4
1,DMS-ACC,naive,17,0.0021,0,-0.0673,-3
1,DMS-ACC,naive,18,0.0,0,-0.0963,-3
1,DMS-ACC,naive,19,0.0076,0,0.0395,5
1,DMS-ACC,naive,20,0.003,0,0.2476,5
1,DMS-ACC,intermediate,1,0.2045,1,0.0306,0
1,DMS-ACC,intermediate,2,0.0387,0,0.0348,5
1,DMS-ACC,intermediate,3,0.0407,0,0.0116,4
1,DMS-ACC,intermediate,4,-0.0037,0,0.0013,4
1,DMS-ACC,intermediate,5,0.0112,0,-0.0035,4
1,DMS-ACC,intermediate,6,0.0015,0,-0.0278,-2
1,DMS-ACC,intermediate,7,-0.0035,0,-0.0411,-3
1,DMS-ACC,intermediate,8,0.0127,0,-0.0158,-1
1,DMS-ACC,intermediate,9,-0.0056,0,-0.0477,-2
1,DMS-ACC,intermediate,10,-0.0123,0,-0.022,-5
1,DMS-ACC,intermediate,11,-0.017,0,-0.0166,-1
1,DMS-ACC,intermediate,12,0.0153,0,-0.0736,-1
1,DMS-ACC,intermediate,13,-0.0057,0,-0.0688,-1
1,DMS-ACC,intermediate,14,-0.0118,0,-0.0593,-1
1,DMS-ACC,intermediate,15,-0.0057,0,-0.0488,-4
1,DMS-ACC,intermediate,16,0.0024,0,-0.0796,-3
1,DMS-ACC,intermediate,17,-0.0159,0,-0.0483,2
1,DMS-ACC,intermediate,18,0.0202,0,-0.0692,2
1,DMS-ACC,intermediate,19,-0.0221,0,-0.0247,-4
1,DMS-ACC,intermediate,20,-0.0089,0,0.1305,-4
1,DMS-ACC,expert,1,0.185,1,0.0212,0
1,DMS-ACC,expert,2,0.0574,0,0.006,-5
1,DMS-ACC,expert,3,0.0005,0,0.0426,3
1,DMS-ACC,expert,4,0.0152,0,-0.0117,-1
1,DMS-ACC,expert,5,-0.0076,0,-0.0053,-5
1,DMS-ACC,expert,6,0.0121,0,0.0304,1
1,DMS-ACC,expert,7,-0.0018,0,0.001,-5
1,DMS-ACC,expert,8,0.0146,0,-0.013,1
1,DMS-ACC,expert,9,-0.0038,0,-0.0162,-5
1,DMS-ACC,expert,10,-0.002,0,-0.0096,-5
1,DMS-ACC,expert,11,-0.0106,0,-0.0238,-2
1,DMS-ACC,expert,12,-0.0029,0,0.0189,3
1,DMS-ACC,expert,13,-0.0116,0,-0.0736,-2
1,DMS-ACC,expert,14,-0.0217,0,-0.026,1
1,DMS-ACC,expert,15,0.0046,0,-0.0406,1
1,DMS-ACC,expert,16,-0.0084,0,-0.0565,1
1,DMS-ACC,expert,17,0.0009,0,-0.0385,-1
1,DMS-ACC,expert,18,-0.0063,0,0.015,-2
1,DMS-ACC,expert,19,-0.0023,0,0.0642,-5
1,DMS-ACC,expert,20,-0.0098,0,0.282,0
1,DLS-ACC,naive,1,0.0028,0,-0.044,-5
1,DLS-ACC,naive,2,0.0069,0,-0.04,-2
1,DLS-ACC,naive,3,0.0072,0,-0.0419,-1
1,DLS-ACC,naive,4,0.0082,0,-0.0412,-1
1,DLS-ACC,naive,5,0.0034,0,-0.0215,-2
1,DLS-ACC,naive,6,-0.0057,0,-0.0282,-2
1,DLS-ACC,naive,7,0.0039,0,-0.0409,-2
1,DLS-ACC,naive,8,0.0196,0,-0.0783,-2
1,DLS-ACC,naive,9,-0.012,0,-0.0489,-2
1,DLS-ACC,naive,10,-0.0066,0,-0.0125,-2
1,DLS-ACC,naive,11,-0.0022,0,-0.0643,-2
1,DLS-ACC,naive,12,0.0038,0,-0.0248,0
1,DLS-ACC,naive,13,-0.0118,0,-0.0428,-2
1,DLS-ACC,naive,14,0.0071,0,-0.0601,0
1,DLS-ACC,naive,15,-0.008,0,-0.0998,0
1,DLS-ACC,naive,16,0.0046,0,-0.0647,0
1,DLS-ACC,naive,17,-0.0117,0,-0.1323,0
1,DLS-ACC,naive,18,0.0139,0,-0.0942,0
1,DLS-ACC,naive,19,-0.0065,0,0.0461,-1
1,DLS-ACC,naive,20,0.0012,0,0.2943,0
1,DLS-ACC,intermediate,1,-0.0044,0,-0.0201,-5
1,DLS-ACC,intermediate,2,0.0168,0,0.0113,-5
1,DLS-ACC,intermediate,3,-0.0034,0,0.0302,4
1,DLS-ACC,intermediate,4,-0.0076,0,0.0255,4
1,DLS-ACC,intermediate,5,0.0071,0,-0.0164,-4
1,DLS-ACC,intermediate,6,-0.0025,0,-0.0186,-4
1,DLS-ACC,intermediate,7,0.0193,0,0.0143,4
1,DLS-ACC,intermediate,8,-0.0206,0,-0.0221,-4
1,DLS-ACC,intermediate,9,0.0004,0,-0.0307,-4
1,DLS-ACC,intermediate,10,-0.0086,0,-0.0066,-4
1,DLS-ACC,intermediate,11,-0.0115,0,0.002,4
1,DLS-ACC,intermediate,12,-0.0131,0,-0.0113,-4
1,DLS-ACC,intermediate,13,-0.0004,0,-0.0312,-4
1,DLS-ACC,intermediate,14,-0.0034,0,0.0482,-4
1,DLS-ACC,intermediate,15,-0.0005,0,0.0164,-4
1,DLS-ACC,intermediate,16,0.0085,0,0.0496,-4
1,DLS-ACC,intermediate,17,-0.0209,0,0.0196,-4
1,DLS-ACC,intermediate,18,0.005,0,-0.114,-4
1,DLS-ACC,intermediate,19,0.008,0,-0.0169,-4
1,DLS-ACC,intermediate,20,-0.0104,0,-0.3118,-4
1,DLS-ACC,expert,1,-0.0201,0,-0.0593,-5
1,DLS-ACC,expert,2,0.0032,0,0.0026,-2
1,DLS-ACC,expert,3,0.0143,0,0.0147,1
1,DLS-ACC,expert,4,0.0108,0,0.0316,1
1,DLS-ACC,expert,5,0.0107,0,0.0148,-1
1,DLS-ACC,expert,6,0.0085,0,-0.0018,-1
1,DLS-ACC,expert,7,0.0011,0,-0.0226,0
1,DLS-ACC,expert,8,-0.003,0,0.0373,-1
1,DLS-ACC,expert,9,0.0029,0,0.0284,4
1,DLS-ACC,expert,10,-0.0011,0,0.0137,-1
1,DLS-ACC,expert,11,-0.0054,0,0.0047,-1
1,DLS-ACC,expert,12,-0.0064,0,0.061,-1
1,DLS-ACC,expert,13,-0.0054,0,0.0377,4
1,DLS-ACC,expert,14,-0.0165,0,0.048,-1
1,DLS-ACC,expert,15,-0.0053,0,0.0084,-1
1,DLS-ACC,expert,16,-0.0006,0,0.0418,-1
1,DLS-ACC,expert,17,-0.005,0,0.0698,-1
1,DLS-ACC,expert,18,-0.0085,0,0.082,-1
1,DLS-ACC,expert,19,-0.0009,0,-0.1068,-1
1,DLS-ACC,expert,20,0.0144,0,-0.2644,-1
2,DMS-DLS,naive,1,0.0509,0,0.0297,5
2,DMS-DLS,naive,2,0.0808,0,0.0274,5
2,DMS-DLS,naive,3,-0.0011,0,0.0568,5
2,DMS-DLS,naive,4,0.0145,0,-0.0051,4
2,DMS-DLS,naive,5,0.0069,0,0.0349,3
2,DMS-DLS,naive,6,0.0215,0,0.055,3
2,DMS-DLS,naive,7,-0.0138,0,0.0693,4
2,DMS-DLS,naive,8,-0.0001,0,0.0597,4
2,DMS-DLS,naive,9,0.0199,0,0.0538,3
2,DMS-DLS,naive,10,0.0063,0,0.0446,3
2,DMS-DLS,naive,11,0.0013,0,0.0242,4
2,DMS-DLS,naive,12,0.0055,0,0.0643,3
2,DMS-DLS,naive,13,-0.0013,0,0.0489,3
2,DMS-DLS,naive,14,0.0266,0,0.0623,5
2,DMS-DLS,naive,15,0.0317,0,0.06,5
2,DMS-DLS,naive,16,0.0057,0,0.1102,5
2,DMS-DLS,naive,17,0.0042,0,0.1099,5
2,DMS-DLS,naive,18,0.0251,0,0.1457,5
2,DMS-DLS,naive,19,-0.0111,0,-0.0252,-3
2,DMS-DLS,naive,20,-0.0196,0,0.0852,-3
2,DMS-DLS,intermediate,1,0.0903,0,-0.0325,-3
2,DMS-DLS,intermediate,2,0.0354,0,-0.0322,-4
2,DMS-DLS,intermediate,3,0.0489,0,0.0328,1
2,DMS-DLS,intermediate,4,0.0138,0,-0.0328,1
2,DMS-DLS,intermediate,5,0.0369,0,-0.0097,1
2,DMS-DLS,intermediate,6,0.0141,0,-0.0551,0
2,DMS-DLS,intermediate,7,0.0238,0,-0.0423,-3
2,DMS-DLS,intermediate,8,-0.0179,0,-0.0249,-3
2,DMS-DLS,intermediate,9,-0.0006,0,-0.0167,-3
2,DMS-DLS,intermediate,10,0.0035,0,-0.0324,-3
2,DMS-DLS,intermediate,11,-0.0111,0,-0.0262,-2
2,DMS-DLS,intermediate,12,-0.0138,0,-0.0568,-3
2,DMS-DLS,intermediate,13,0.0061,0,-0.0433,-3
2,DMS-DLS,intermediate,14,-0.0115,0,-0.0319,-3
2,DMS-DLS,intermediate,15,0.0135,0,0.0048,1
2,DMS-DLS,intermediate,16,-0.0055,0,-0.0316,1
2,DMS-DLS,intermediate,17,-0.0014,0,-0.0491,1
2,DMS-DLS,intermediate,18,-0.0065,0,0.0214,2
2,DMS-DLS,intermediate,19,-0.0094,0,-0.0687,-5
2,DMS-DLS,intermediate,20,-0.0069,0,0.104,3
2,DMS-DLS,expert,1,0.123,0,-0.0001,-3
2,DMS-DLS,expert,2,0.0802,0,-0.0312,-1
2,DMS-DLS,expert,3,0.062,0,-0.0345,-2
2,DMS-DLS,expert,4,0.0001,0,-0.0843,-2
2,DMS-DLS,expert,5,-0.0155,0,-0.052,-2
2,DMS-DLS,expert,6,0.0159,0,-0.0478,-5
2,DMS-DLS,expert,7,-0.021,0,-0.0687,-3
2,DMS-DLS,expert,8,0.0141,0,-0.0466,-5
2,DMS-DLS,expert,9,0.0003,0,-0.0402,-5
2,DMS-DLS,expert,10,-0.0056,0,-0.0473,-5
2,DMS-DLS,expert,11,0.0095,0,-0.0832,-5
2,DMS-DLS,expert,12,0.004,0,-0.0308,-5
2,DMS-DLS,expert,13,0.0019,0,-0.0583,-5
2,DMS-DLS,expert,14,0.0224,0,-0.0627,-4
2,DMS-DLS,expert,15,-0.0151,0,-0.0866,-3
2,DMS-DLS,expert,16,-0.0306,0,-0.1072,-4
2,DMS-DLS,expert,17,0.0013,0,-0.0518,-5
2,DMS-DLS,expert,18,0.0009,0,-0.0715,-5
2,DMS-DLS,expert,19,-0.0053,0,-0.0506,-5
2,DMS-DLS,expert,20,0.0126,0,-0.1434,-5
2,DMS-ACC,naive,1,0.6068,1,0.117,1
2,DMS-ACC,naive,2,-0.1859,0,0.0424,1
2,DMS-ACC,naive,3,0.2062,1,0.0184,2
2,DMS-ACC,naive,4,0.1983,1,0.0244,2
2,DMS-ACC,naive,5,-0.2041,0,-0.0091,-1
2,DMS-ACC,naive,6,-0.5823,0,-0.0119,-1
2,DMS-ACC,naive,7,0.6069,1,-0.0153,-1
2,DMS-ACC,naive,8,0.5987,1,0.0145,1
2,DMS-ACC,naive,9,-0.1893,0,-0.0129,-2
2,DMS-ACC,naive,10,-0.5998,0,-0.0067,0
2,DMS-ACC,naive,11,0.1952,1,-0.0076,-3
2,DMS-ACC,naive,12,-0.1918,0,0.0018,0
2,DMS-ACC,naive,13,0.5968,1,0.0144,0
2,DMS-ACC,naive,14,0.6144,1,-0.0051,-3
2,DMS-ACC,naive,15,0.2032,1,0.0088,2
2,DMS-ACC,naive,16,-0.212,0,0.075,5
2,DMS-ACC,naive,17,0.2011,1,0.0514,-2
2,DMS-ACC,naive,18,-0.593,0,0.1109,5
2,DMS-ACC,naive,19,-0.1986,0,-0.0384,3
2,DMS-ACC,naive,20,0.203,1,0.1335,-1
2,DMS-ACC,intermediate,1,-0.1594,0,-0.0327,-1
2,DMS-ACC,intermediate,2,-0.1508,0,0.0307,4
2,DMS-ACC,intermediate,3,-0.1886,0,0.0157,4
2,DMS-ACC,intermediate,4,0.2439,1,0.0163,4
2,DMS-ACC,intermediate,5,-0.2291,0,0.0369,4
2,DMS-ACC,intermediate,6,-0.2028,0,0.0192,4
2,DMS-ACC,intermediate,7,-0.1947,0,0.0266,4
2,DMS-ACC,intermediate,8,-0.1919,0,0.0012,4
2,DMS-ACC,intermediate,9,-0.1968,0,0.0126,4
2,DMS-ACC,intermediate,10,0.1996,1,0.0079,-2
2,DMS-ACC,intermediate,11,-0.1777,0,0.0118,5
2,DMS-ACC,intermediate,12,-0.2045,0,0.0357,5
2,DMS-ACC,intermediate,13,0.1957,1,0.0207,5
2,DMS-ACC,intermediate,14,0.1965,1,-0.0223,-2
2,DMS-ACC,intermediate,15,-0.1968,0,0.0191,4
2,DMS-ACC,intermediate,16,-0.2212,0,-0.0146,-1
2,DMS-ACC,intermediate,17,-0.1895,0,-0.0592,1
2,DMS-ACC,intermediate,18,-0.2045,0,0.0425,1
2,DMS-ACC,intermediate,19,-0.2143,0,0.1797,4
2,DMS-ACC,intermediate,20,0.1972,1,0.307,2
2,DMS-ACC,expert,1,0.098,0,0.0344,3
2,DMS-ACC,expert,2,0.0884,0,0.0606,1
2,DMS-ACC,expert,3,0.0071,0,0.016,1
2,DMS-ACC,expert,4,0.0249,0,0.0121,1
2,DMS-ACC,expert,5,0.0144,0,0.02,-2
2,DMS-ACC,expert,6,0.0099,0,0.0329,2
2,DMS-ACC,expert,7,-0.0134,0,0.0211,-2
2,DMS-ACC,expert,8,0.0091,0,0.0122,-2
2,DMS-ACC,expert,9,-0.0075,0,0.0238,2
2,DMS-ACC,expert,10,-0.0179,0,0.02,3
2,DMS-ACC,expert,11,-0.0084,0,0.0192,3
2,DMS-ACC,expert,12,-0.0001,0,0.0289,3
2,DMS-ACC,expert,13,-0.0312,0,0.0339,2
2,DMS-ACC,expert,14,0.0087,0,0.0234,-2
2,DMS-ACC,expert,15,0.0039,0,0.0237,3
2,DMS-ACC,expert,16,-0.008,0,-0.0004,-2
2,DMS-ACC,expert,17,-0.0113,0,-0.0458,-4
2,DMS-ACC,expert,18,-0.0148,0,0.1146,3
2,DMS-ACC,expert,19,0.0019,0,0.1459,3
2,DMS-ACC,expert,20,0.0036,0,0.1665,3
2,DLS-ACC,naive,1,0.1651,1,0.0599,5
2,DLS-ACC,naive,2,-0.1705,0,0.0196,5
2,DLS-ACC,naive,3,-0.2046,0,-0.0023,-4
2,DLS-ACC,naive,4,-0.2009,0,-0.0079,-1
2,DLS-ACC,naive,5,-0.122,0,0.004,-1
2,DLS-ACC,naive,6,-0.1926,0,-0.0136,-2
2,DLS-ACC,naive,7,0.1847,1,0.0002,3
2,DLS-ACC,naive,8,-0.15,0,0.0046,-4
2,DLS-ACC,naive,9,-0.2031,0,0.0112,1
2,DLS-ACC,naive,10,0.2014,1,0.0105,1
2,DLS-ACC,naive,11,-0.1848,0,0.0215,1
2,DLS-ACC,naive,12,-0.1996,0,-0.0076,-2
2,DLS-ACC,naive,13,-0.1821,0,0.0173,-2
2,DLS-ACC,naive,14,0.1586,1,0.0165,-2
2,DLS-ACC,naive,15,-0.168,0,0.0522,3
2,DLS-ACC,naive,16,-0.2016,0,0.0258,3
2,DLS-ACC,naive,17,0.1975,1,-0.0501,-5
2,DLS-ACC,naive,18,-0.1833,0,-0.1005,-2
2,DLS-ACC,naive,19,-0.1641,0,-0.155,-2
2,DLS-ACC,naive,20,-0.0975,0,-0.1464,-5
2,DLS-ACC,intermediate,1,-0.1423,0,-0.0279,4
2,DLS-ACC,intermediate,2,0.1855,1,-0.0449,-1
2,DLS-ACC,intermediate,3,-0.146,0,-0.0539,-1
2,DLS-ACC,intermediate,4,0.0023,0,-0.0374,-2
2,DLS-ACC,intermediate,5,-0.1428,0,-0.0301,-1
2,DLS-ACC,intermediate,6,-0.1374,0,0.0149,0
2,DLS-ACC,intermediate,7,0.0408,0,0.0248,4
2,DLS-ACC,intermediate,8,-0.1707,0,-0.0137,-1
2,DLS-ACC,intermediate,9,-0.1796,0,-0.0066,0
2,DLS-ACC,intermediate,10,0.0089,0,-0.0492,-2
2,DLS-ACC,intermediate,11,0.1516,1,-0.0147,-1
2,DLS-ACC,intermediate,12,-0.0919,0,-0.0349,3
2,DLS-ACC,intermediate,13,0.0581,0,-0.0073,3
2,DLS-ACC,intermediate,14,0.195,1,-0.0503,-1
2,DLS-ACC,intermediate,15,0.1766,1,0.0064,3
2,DLS-ACC,intermediate,16,0.1617,1,-0.0571,-2
2,DLS-ACC,intermediate,17,-0.1567,0,-0.0192,-3
2,DLS-ACC,intermediate,18,-0.1777,0,-0.017,-3
2,DLS-ACC,intermediate,19,0.0532,0,0.0408,4
2,DLS-ACC,intermediate,20,0.153,1,-0.3363,-3
2,DLS-ACC,expert,1,0.0324,0,-0.0416,-1
2,DLS-ACC,expert,2,0.0562,0,-0.004,0
2,DLS-ACC,expert,3,0.0025,0,-0.0084,-4
2,DLS-ACC,expert,4,-0.023,0,-0.0179,-1
2,DLS-ACC,expert,5,-0.019,0,-0.0049,2
2,DLS-ACC,expert,6,0.0085,0,-0.0154,-1
2,DLS-ACC,expert,7,-0.0072,0,-0.0228,-1
2,DLS-ACC,expert,8,-0.0066,0,-0.0186,-1
2,DLS-ACC,expert,9,-0.0153,0,-0.0122,1
2,DLS-ACC,expert,10,0.009,0,0.0195,-1
2,DLS-ACC,expert,11,0.0295,0,0.0191,1
2,DLS-ACC,expert,12,0.0254,0,0.0324,5
2,DLS-ACC,expert,13,0.0093,0,0.0094,-1
2,DLS-ACC,expert,14,0.0236,0,0.0508,0
2,DLS-ACC,expert,15,0.0031,0,-0.0161,-1
2,DLS-ACC,expert,16,0.0077,0,0.006,0
2,DLS-ACC,expert,17,0.0083,0,-0.0119,-1
2,DLS-ACC,expert,18,0.0166,0,0.0147,0
2,DLS-ACC,expert,19,-0.0005,0,-0.0263,0
2,DLS-ACC,expert,20,-0.0051,0,-0.2152,-3
4,DMS-DLS,naive,1,0.0911,0,0.2244,2
4,DMS-DLS,naive,2,0.0798,0,0.1105,-3
4,DMS-DLS,naive,3,-0.0101,0,0.0727,1
4,DMS-DLS,naive,4,0.0189,0,0.095,1
4,DMS-DLS,naive,5,0.0096,0,0.0496,2
4,DMS-DLS,naive,6,0.0067,0,0.0352,0
4,DMS-DLS,naive,7,0.0047,0,-0.0109,0
4,DMS-DLS,naive,8,0.0064,0,0.0161,1
4,DMS-DLS,naive,9,0.0042,0,0.0538,2
4,DMS-DLS,naive,10,0.0118,0,0.0105,1
4,DMS-DLS,naive,11,0.008,0,0.0704,1
4,DMS-DLS,naive,12,-0.0003,0,0.156,0
4,DMS-DLS,intermediate,1,0.0396,0,0.0075,5
4,DMS-DLS,intermediate,2,-0.0062,0,-0.0368,5
4,DMS-DLS,intermediate,3,0.0112,0,-0.0215,5
4,DMS-DLS,intermediate,4,0.0009,0,0.0322,5
4,DMS-DLS,intermediate,5,-0.0125,0,-0.0067,5
4,DMS-DLS,intermediate,6,-0.0091,0,0.0022,5
4,DMS-DLS,intermediate,7,0.004,0,-0.0038,5
4,DMS-DLS,intermediate,8,-0.0025,0,0.0055,5
4,DMS-DLS,intermediate,9,0.0009,0,0.1416,5
4,DMS-DLS,expert,1,0.0427,0,0.0137,3
4,DMS-DLS,expert,2,0.0234,0,-0.0191,-4
4,DMS-DLS,expert,3,0.0345,0,0.0132,0
4,DMS-DLS,expert,4,0.0214,0,0.0489,0
4,DMS-DLS,expert,5,0.007,0,0.0564,3
4,DMS-DLS,expert,6,0.0092,0,0.0111,3
4,DMS-DLS,expert,7,-0.0014,0,0.0035,3
4,DMS-DLS,expert,8,-0.016,0,0.0314,3
4,DMS-DLS,expert,9,-0.008,0,0.1546,3
4,DMS-DLS,expert,10,-0.0051,0,0.2001,0
4,DMS-DLS,expert,11,0.0021,0,0.17,2
4,DMS-ACC,naive,1,0.1866,1,-0.1238,0
4,DMS-ACC,naive,2,-0.1746,0,-0.0269,5
4,DMS-ACC,naive,3,-0.1614,0,-0.0226,0
4,DMS-ACC,naive,4,0.1629,1,-0.0691,0
4,DMS-ACC,naive,5,0.1708,1,-0.064,-5
4,DMS-ACC,naive,6,-0.1676,0,-0.0367,-5
4,DMS-ACC,naive,7,0.1956,1,-0.0575,-5
4,DMS-ACC,naive,8,-0.1838,0,-0.0762,-5
4,DMS-ACC,naive,9,0.2028,1,-0.0356,-5
4,DMS-ACC,naive,10,-0.0258,0,-0.0702,-5
4,DMS-ACC,naive,11,-0.0858,0,-0.1079,-5
4,DMS-ACC,naive,12,0.1941,1,-0.0942,-5
4,DMS-ACC,intermediate,1,0.0373,0,0.0453,1
4,DMS-ACC,intermediate,2,0.1326,1,0.0102,-2
4,DMS-ACC,intermediate,3,0.0437,0,0.0235,-2
4,DMS-ACC,intermediate,4,-0.0879,0,0.0493,1
4,DMS-ACC,intermediate,5,0.0274,0,0.0337,2
4,DMS-ACC,intermediate,6,0.1489,1,0.0126,1
4,DMS-ACC,intermediate,7,0.0306,0,0.0437,3
4,DMS-ACC,intermediate,8,-0.0818,0,0.0506,-2
4,DMS-ACC,intermediate,9,-0.0339,0,0.0313,0
4,DMS-ACC,expert,1,0.0144,0,-0.248,-2
4,DMS-ACC,expert,2,0.0177,0,-0.1387,-3
4,DMS-ACC,expert,3,0.0067,0,-0.078,-3
4,DMS-ACC,expert,4,0.0039,0,-0.0685,-3
4,DMS-ACC,expert,5,0.0175,0,-0.0696,0
4,DMS-ACC,expert,6,0.002,0,-0.0595,0
4,DMS-ACC,expert,7,-0.0002,0,-0.0511,0
4,DMS-ACC,expert,8,-0.0086,0,-0.077,0
4,DMS-ACC,expert,9,0.0037,0,-0.0235,0
4,DMS-ACC,expert,10,-0.0132,0,-0.0998,0
4,DMS-ACC,expert,11,-0.0063,0,-0.0425,0
4,DLS-ACC,naive,1,0.1575,1,0.0041,0
4,DLS-ACC,naive,2,0.0198,0,0.039,3
4,DLS-ACC,naive,3,0.0258,0,0.0435,0
4,DLS-ACC,naive,4,0.0021,0,0.0268,4
4,DLS-ACC,naive,5,0.0139,0,0.0458,0
4,DLS-ACC,naive,6,0.0017,0,0.0417,4
4,DLS-ACC,naive,7,0.0035,0,0.0401,0
4,DLS-ACC,naive,8,-0.0094,0,0.0583,1
4,DLS-ACC,naive,9,-0.0036,0,0.0675,4
4,DLS-ACC,naive,10,-0.0062,0,0.0579,2
4,DLS-ACC,naive,11,-0.0004,0,0.0421,5
4,DLS-ACC,naive,12,0.0046,0,0.0621,5
4,DLS-ACC,naive,13,-0.0052,0,0.0704,5
4,DLS-ACC,naive,14,-0.0003,0,0.0117,5
4,DLS-ACC,naive,15,0.0043,0,0.0454,5
4,DLS-ACC,naive,16,0.0021,0,0.0059,1
4,DLS-ACC,naive,17,-0.011,0,0.0092,5
4,DLS-ACC,naive,18,0.0106,0,0.0508,-3
4,DLS-ACC,naive,19,0.0102,0,-0.0237,4
4,DLS-ACC,naive,20,-0.0066,0,-0.2031,4
4,DLS-ACC,intermediate,1,0.2066,0,0.0075,-5
4,DLS-ACC,intermediate,2,0.0543,0,-0.0002,-4
4,DLS-ACC,intermediate,3,0.0306,0,0.0249,3
4,DLS-ACC,intermediate,4,0.0775,0,0.0356,0
4,DLS-ACC,intermediate,5,0.0167,0,0.0522,4
4,DLS-ACC,intermediate,6,0.0267,0,0.0135,3
4,DLS-ACC,intermediate,7,-0.0075,0,0.0129,-2
4,DLS-ACC,intermediate,8,0.0357,0,0.0674,3
4,DLS-ACC,intermediate,9,-0.0051,0,0.0425,3
4,DLS-ACC,intermediate,10,0.028,0,0.0462,3
4,DLS-ACC,intermediate,11,0.0216,0,0.0381,2
4,DLS-ACC,intermediate,12,-0.0028,0,0.0774,3
4,DLS-ACC,intermediate,13,0.0076,0,0.0567,4
4,DLS-ACC,intermediate,14,0.0032,0,-0.0107,2
4,DLS-ACC,intermediate,15,-0.0158,0,0.0371,4
4,DLS-ACC,intermediate,16,0.0156,0,0.0236,-2
4,DLS-ACC,intermediate,17,-0.0122,0,0.0047,-3
4,DLS-ACC,intermediate,18,-0.0018,0,-0.0522,-3
4,DLS-ACC,intermediate,19,-0.0263,0,0.1084,-2
4,DLS-ACC,intermediate,20,0.0096,0,0.044,-2
4,DLS-ACC,expert,1,0.1451,0,-0.0147,-5
4,DLS-ACC,expert,2,0.1399,0,0.0258,-2
4,DLS-ACC,expert,3,0.0414,0,-0.0314,-4
4,DLS-ACC,expert,4,0.0257,0,-0.0397,-4
4,DLS-ACC,expert,5,0.0038,0,-0.0345,-4
4,DLS-ACC,expert,6,0.0001,0,-0.0444,-4
4,DLS-ACC,expert,7,-0.0149,0,-0.011,-4
4,DLS-ACC,expert,8,0.0131,0,-0.0223,-4
4,DLS-ACC,expert,9,0.0091,0,-0.0546,-5
4,DLS-ACC,expert,10,-0.0072,0,-0.0425,-5
4,DLS-ACC,expert,11,0.0191,0,-0.0472,-4
4,DLS-ACC,expert,12,0.0006,0,-0.0398,-2
4,DLS-ACC,expert,13,0.0128,0,-0.0467,-4
4,DLS-ACC,expert,14,-0.0072,0,-0.04,-5
4,DLS-ACC,expert,15,-0.0068,0,-0.0779,-2
4,DLS-ACC,expert,16,-0.0085,0,-0.0893,-4
4,DLS-ACC,expert,17,-0.0,0,-0.0361,3
4,DLS-ACC,expert,18,0.0153,0,-0.2396,-5
4,DLS-ACC,expert,19,-0.0034,0,-0.247,-1
4,DLS-ACC,expert,20,0.0013,0,-0.5442,-4
5,DMS-DLS,naive,1,0.0931,0,-0.0825,0
5,DMS-DLS,naive,2,0.0804,0,-0.0701,0
5,DMS-DLS,naive,3,0.0621,0,-0.0402,0
5,DMS-DLS,naive,4,0.0369,0,-0.0773,-2
5,DMS-DLS,naive,5,0.0116,0,-0.0053,4
5,DMS-DLS,naive,6,0.0033,0,-0.034,-1
5,DMS-DLS,naive,7,0.0246,0,-0.0366,-4
5,DMS-DLS,naive,8,0.0073,0,-0.0494,-4
5,DMS-DLS,naive,9,0.0039,0,-0.0716,-4
5,DMS-DLS,naive,10,-0.0011,0,-0.071,-3
5,DMS-DLS,naive,11,0.0343,0,-0.0593,-3
5,DMS-DLS,naive,12,0.0034,0,-0.0812,-3
5,DMS-DLS,naive,13,-0.0055,0,-0.1136,-2
5,DMS-DLS,naive,14,0.0144,0,-0.1161,-4
5,DMS-DLS,naive,15,0.0116,0,-0.0913,-4
5,DMS-DLS,naive,16,-0.0141,0,-0.0469,-3
5,DMS-DLS,naive,17,-0.0089,0,-0.0373,-3
5,DMS-DLS,naive,18,-0.013,0,-0.0504,-5
5,DMS-DLS,naive,19,-0.0189,0,-0.0328,-3
5,DMS-DLS,naive,20,-0.0016,0,-0.0228,-3
5,DMS-DLS,intermediate,1,-0.079,0,-0.0223,0
5,DMS-DLS,intermediate,2,0.2111,0,-0.0399,0
5,DMS-DLS,intermediate,3,-0.0656,0,-0.0365,0
5,DMS-DLS,intermediate,4,0.201,0,-0.0111,-4
5,DMS-DLS,intermediate,5,0.2087,0,0.0139,0
5,DMS-DLS,intermediate,6,0.2056,0,-0.0109,-1
5,DMS-DLS,intermediate,7,-0.2127,0,-0.0191,0
5,DMS-DLS,intermediate,8,-0.1939,0,-0.0085,0
5,DMS-DLS,intermediate,9,0.5953,1,-0.0358,0
5,DMS-DLS,intermediate,10,0.5547,1,-0.0678,-5
5,DMS-DLS,intermediate,11,-0.6071,0,-0.0688,-5
5,DMS-DLS,intermediate,12,-0.2311,0,-0.045,0
5,DMS-DLS,intermediate,13,-0.1342,0,-0.0596,-2
5,DMS-DLS,intermediate,14,0.1827,0,-0.0169,-2
5,DMS-DLS,intermediate,15,0.2366,1,-0.0598,0
5,DMS-DLS,intermediate,16,-0.2001,0,0.007,0
5,DMS-DLS,intermediate,17,0.6087,1,-0.0786,0
5,DMS-DLS,intermediate,18,-0.5839,0,0.0243,0
5,DMS-DLS,intermediate,19,0.1961,0,0.0952,5
5,DMS-DLS,intermediate,20,-0.6025,0,0.3003,3
5,DMS-DLS,expert,1,0.5639,1,-0.0351,0
5,DMS-DLS,expert,2,0.0333,0,-0.0131,0
5,DMS-DLS,expert,3,-0.3361,0,0.039,1
5,DMS-DLS,expert,4,0.4211,1,-0.0022,0
5,DMS-DLS,expert,5,0.0043,0,-0.0199,1
5,DMS-DLS,expert,6,0.4058,1,-0.0182,1
5,DMS-DLS,expert,7,0.4007,1,0.0018,1
5,DMS-DLS,expert,8,0.2006,1,0.0011,1
5,DMS-DLS,expert,9,0.0108,0,0.0003,0
5,DMS-DLS,expert,10,0.0095,0,0.012,0
5,DMS-DLS,expert,11,0.0113,0,0.0157,-5
5,DMS-DLS,expert,12,0.007,0,-0.0143,4
5,DMS-DLS,expert,13,0.3951,1,0.02,4
5,DMS-DLS,expert,14,0.0813,0,0.0133,2
5,DMS-DLS,expert,15,0.0255,0,0.0444,1
5,DMS-DLS,expert,16,-0.4,0,0.0476,1
5,DMS-DLS,expert,17,0.0095,0,0.1013,4
5,DMS-DLS,expert,18,0.0044,0,0.0205,-2
5,DMS-DLS,expert,19,0.3947,1,0.0098,2
5,DMS-DLS,expert,20,-0.0276,0,-0.5215,-5
5,DMS-ACC,naive,1,0.3773,1,-0.0141,0
5,DMS-ACC,naive,2,0.223,1,0.0016,-1
5,DMS-ACC,naive,3,0.2163,1,0.0025,3
5,DMS-ACC,naive,4,0.1988,1,-0.0049,5
5,DMS-ACC,naive,5,-0.0784,0,-0.0068,1
5,DMS-ACC,naive,6,-0.1602,0,0.0194,1
5,DMS-ACC,naive,7,0.4776,1,0.0126,1
5,DMS-ACC,naive,8,-0.3974,0,0.0363,1
5,DMS-ACC,naive,9,-0.1375,0,0.0521,1
5,DMS-ACC,naive,10,-0.1521,0,0.0183,1
5,DMS-ACC,naive,11,-0.1698,0,0.0581,1
5,DMS-ACC,naive,12,0.215,1,0.0316,1
5,DMS-ACC,naive,13,0.2028,1,0.044,1
5,DMS-ACC,naive,14,-0.325,0,0.0192,1
5,DMS-ACC,naive,15,-0.2935,0,-0.0069,1
5,DMS-ACC,naive,16,-0.0597,0,-0.029,1
5,DMS-ACC,naive,17,0.0598,0,0.0196,1
5,DMS-ACC,naive,18,-0.1974,0,-0.0213,-2
5,DMS-ACC,naive,19,-0.1771,0,0.026,4
5,DMS-ACC,naive,20,-0.165,0,-0.0102,2
5,DMS-ACC,intermediate,1,0.6,1,-0.0337,0
5,DMS-ACC,intermediate,2,0.2001,1,0.0117,-4
5,DMS-ACC,intermediate,3,-1.0,0,-0.0071,-3
5,DMS-ACC,intermediate,4,-1.0,0,-0.0286,-3
5,DMS-ACC,intermediate,5,0.2,1,-0.0302,-3
5,DMS-ACC,intermediate,6,-0.6,0,-0.0171,-4
5,DMS-ACC,intermediate,7,-0.2,0,-0.015,-3
5,DMS-ACC,intermediate,8,0.2,1,0.0151,1
5,DMS-ACC,intermediate,9,0.2,1,0.0116,1
5,DMS-ACC,intermediate,10,0.6,1,-0.0122,-3
5,DMS-ACC,intermediate,11,-0.6,0,-0.0198,-4
5,DMS-ACC,intermediate,12,0.1994,1,-0.0277,-4
5,DMS-ACC,intermediate,13,-0.1997,0,0.0194,-3
5,DMS-ACC,intermediate,14,-0.6,0,0.0118,-4
5,DMS-ACC,intermediate,15,0.6001,1,-0.0311,-3
5,DMS-ACC,intermediate,16,0.2001,1,-0.0471,-4
5,DMS-ACC,intermediate,17,-0.6,0,-0.0059,-4
5,DMS-ACC,intermediate,18,-0.6,0,-0.0168,-4
5,DMS-ACC,intermediate,19,1.0,1,-0.0598,2
5,DMS-ACC,intermediate,20,-0.2,0,-0.3842,-4
5,DMS-ACC,expert,1,0.4591,1,-0.0425,0
5,DMS-ACC,expert,2,0.4035,1,0.0311,3
5,DMS-ACC,expert,3,0.0142,0,0.0314,4
5,DMS-ACC,expert,4,0.4028,1,0.0167,2
5,DMS-ACC,expert,5,-0.386,0,0.0343,3
5,DMS-ACC,expert,6,-0.0015,0,0.0383,0
5,DMS-ACC,expert,7,0.0177,0,0.0502,3
5,DMS-ACC,expert,8,0.3978,1,0.0283,2
5,DMS-ACC,expert,9,0.3909,1,0.0262,3
5,DMS-ACC,expert,10,-0.4012,0,0.0048,3
5,DMS-ACC,expert,11,-0.3987,0,-0.0053,3
5,DMS-ACC,expert,12,-0.3938,0,-0.0168,3
5,DMS-ACC,expert,13,0.4038,1,-0.0125,-5
5,DMS-ACC,expert,14,0.0036,0,-0.0185,3
5,DMS-ACC,expert,15,-0.3936,0,-0.0396,-5
5,DMS-ACC,expert,16,-0.0098,0,0.0236,3
5,DMS-ACC,expert,17,-0.0045,0,-0.0484,-1
5,DMS-ACC,expert,18,-0.3925,0,0.0349,5
5,DMS-ACC,expert,19,0.4032,1,0.0733,5
5,DMS-ACC,expert,20,0.0054,0,-0.3518,0
5,DLS-ACC,naive,1,0.2294,1,-0.008,2
5,DLS-ACC,naive,2,-0.0036,0,0.0147,2
5,DLS-ACC,naive,3,-0.0965,0,0.0071,1
5,DLS-ACC,naive,4,-0.1481,0,-0.0198,4
5,DLS-ACC,naive,5,0.1478,0,-0.0365,1
5,DLS-ACC,naive,6,0.1863,1,-0.0371,-4
5,DLS-ACC,naive,7,-0.1657,0,-0.0149,4
5,DLS-ACC,naive,8,-0.1655,0,0.0147,4
5,DLS-ACC,naive,9,0.1125,0,0.0204,4
5,DLS-ACC,naive,10,-0.1275,0,-0.0142,-4
5,DLS-ACC,naive,11,0.1535,0,-0.0243,-2
5,DLS-ACC,naive,12,0.1827,1,0.0003,-4
5,DLS-ACC,naive,13,-0.1531,0,0.0097,-2
5,DLS-ACC,naive,14,0.1788,1,0.0181,4
5,DLS-ACC,naive,15,-0.1742,0,-0.0469,-2
5,DLS-ACC,naive,16,0.0644,0,-0.0817,-2
5,DLS-ACC,naive,17,-0.0496,0,-0.0382,0
5,DLS-ACC,naive,18,0.1894,1,-0.0293,2
5,DLS-ACC,naive,19,-0.1288,0,0.2321,2
5,DLS-ACC,naive,20,0.153,0,0.2366,-1
5,DLS-ACC,intermediate,1,0.0785,0,-0.0041,0
5,DLS-ACC,intermediate,2,-0.799,0,0.1829,3
5,DLS-ACC,intermediate,3,0.4041,1,0.1071,3
5,DLS-ACC,intermediate,4,0.0061,0,0.0715,4
5,DLS-ACC,intermediate,5,-0.3931,0,0.0161,4
5,DLS-ACC,intermediate,6,-0.0017,0,0.0282,4
5,DLS-ACC,intermediate,7,-0.8071,0,0.0288,4
5,DLS-ACC,intermediate,8,0.0055,0,0.0518,4
5,DLS-ACC,intermediate,9,-0.003,0,0.0357,4
5,DLS-ACC,intermediate,10,0.0039,0,0.0187,5
5,DLS-ACC,intermediate,11,-0.0097,0,0.0267,-1
5,DLS-ACC,intermediate,12,-0.0005,0,0.0212,4
5,DLS-ACC,intermediate,13,0.3973,1,0.0263,5
5,DLS-ACC,intermediate,14,0.0053,0,0.0297,1
5,DLS-ACC,intermediate,15,0.3945,1,0.0181,4
5,DLS-ACC,intermediate,16,-0.0059,0,-0.0133,-1
5,DLS-ACC,intermediate,17,-0.3983,0,0.0309,-1
5,DLS-ACC,intermediate,18,-0.0013,0,-0.0617,3
5,DLS-ACC,intermediate,19,-0.0005,0,0.0538,1
5,DLS-ACC,intermediate,20,-0.0342,0,-0.1303,-3
5,DLS-ACC,expert,1,0.0569,0,0.0068,0
5,DLS-ACC,expert,2,0.2965,1,0.0415,0
5,DLS-ACC,expert,3,-0.1833,0,0.0108,0
5,DLS-ACC,expert,4,0.2354,0,0.0283,5
5,DLS-ACC,expert,5,0.2574,1,0.0157,0
5,DLS-ACC,expert,6,-0.1363,0,-0.0106,0
5,DLS-ACC,expert,7,0.2216,0,-0.0232,-2
5,DLS-ACC,expert,8,0.183,0,-0.0401,-5
5,DLS-ACC,expert,9,-0.1927,0,-0.0236,-4
5,DLS-ACC,expert,10,-0.1913,0,-0.0084,1
5,DLS-ACC,expert,11,0.2044,0,0.0252,1
5,DLS-ACC,expert,12,0.2085,0,0.0472,1
5,DLS-ACC,expert,13,-0.1959,0,0.048,1
5,DLS-ACC,expert,14,0.2071,0,0.0213,1
5,DLS-ACC,expert,15,-0.1959,0,-0.0025,1
5,DLS-ACC,expert,16,0.1951,0,-0.082,-3
5,DLS-ACC,expert,17,-0.1809,0,-0.0105,-3
5,DLS-ACC,expert,18,0.2112,0,0.088,2
5,DLS-ACC,expert,19,-0.2129,0,-0.0765,0
5,DLS-ACC,expert,20,0.1957,0,0.4924,3
6,DMS-ACC,naive,1,0.0235,0,0.0827,3
6,DMS-ACC,naive,2,-0.0121,0,0.0493,5
6,DMS-ACC,naive,3,-0.0144,0,0.2396,5
6,DMS-ACC,naive,4,-0.0015,0,0.2318,2
6,DMS-ACC,intermediate,1,0.0559,0,0.0136,-2
6,DMS-ACC,intermediate,2,0.0025,0,-0.0144,5
6,DMS-ACC,intermediate,3,-0.0114,0,-0.0441,2
6,DMS-ACC,expert,1,0.0278,0,-0.0492,-1
6,DMS-ACC,expert,2,-0.0025,0,-0.2477,-1
6,DMS-ACC,expert,3,-0.0082,0,-0.272,-1
6,DMS-ACC,expert,4,-0.0037,0,-0.2292,-4
7,DMS-ACC,naive,1,0.1829,1,-0.0516,-1
7,DMS-ACC,naive,2,0.018,0,-0.0699,-4
7,DMS-ACC,naive,3,0.0177,0,-0.0209,1
7,DMS-ACC,naive,4,0.0281,0,0.0034,0
7,DMS-ACC,naive,5,0.0185,0,0.0171,3
7,DMS-ACC,naive,6,0.0157,0,0.0015,3
7,DMS-ACC,naive,7,0.0026,0,0.0031,-2
7,DMS-ACC,naive,8,0.0232,0,0.0141,1
7,DMS-ACC,naive,9,0.0175,0,0.0219,2
7,DMS-ACC,naive,10,0.0029,0,0.0211,4
7,DMS-ACC,naive,11,-0.0005,0,0.013,4
7,DMS-ACC,naive,12,0.0012,0,0.0113,-5
7,DMS-ACC,intermediate,1,0.1033,1,0.0007,0
7,DMS-ACC,intermediate,2,0.0436,0,-0.0212,-1
7,DMS-ACC,intermediate,3,-0.0201,0,-0.0554,-3
7,DMS-ACC,intermediate,4,-0.0007,0,0.0074,1
7,DMS-ACC,intermediate,5,0.0015,0,-0.0212,-2
7,DMS-ACC,intermediate,6,0.0239,0,-0.0088,2
7,DMS-ACC,intermediate,7,0.0121,0,-0.0011,2
7,DMS-ACC,intermediate,8,0.0176,0,-0.0042,-2
7,DMS-ACC,intermediate,9,-0.0014,0,-0.0028,-2
7,DMS-ACC,intermediate,10,0.0109,0,-0.0037,1
7,DMS-ACC,intermediate,11,0.0084,0,-0.041,-2
7,DMS-ACC,intermediate,12,0.0104,0,-0.0122,-2
7,DMS-ACC,intermediate,13,0.0049,0,0.0357,-5
7,DMS-ACC,expert,1,0.0647,0,-0.026,-4
7,DMS-ACC,expert,2,0.0469,0,-0.0186,-2
7,DMS-ACC,expert,3,0.0099,0,-0.0659,-2
7,DMS-ACC,expert,4,0.0156,0,-0.0419,-3
7,DMS-ACC,expert,5,0.0045,0,-0.0159,0
7,DMS-ACC,expert,6,0.0301,0,0.003,0
7,DMS-ACC,expert,7,0.0168,0,0.0212,4
7,DMS-ACC,expert,8,0.0007,0,0.0261,3
7,DMS-ACC,expert,9,-0.0117,0,0.0054,-4
7,DMS-ACC,expert,10,0.0061,0,-0.0226,-4
7,DMS-ACC,expert,11,0.0192,0,0.0062,-4
7,DMS-ACC,expert,12,0.004,0,0.0383,1
7,DMS-ACC,expert,13,0.0108,0,0.0394,-1
9,DMS-ACC,naive,1,0.0677,0,0.0324,0
9,DMS-ACC,naive,2,0.0429,0,0.0272,3
9,DMS-ACC,naive,3,0.0183,0,0.0265,3
9,DMS-ACC,naive,4,0.0186,0,0.0035,0
9,DMS-ACC,naive,5,0.0079,0,-0.0014,1
9,DMS-ACC,naive,6,-0.0078,0,0.0161,1
9,DMS-ACC,naive,7,0.0022,0,-0.0206,-2
9,DMS-ACC,naive,8,-0.0017,0,-0.0094,2
9,DMS-ACC,naive,9,-0.0089,0,-0.0275,-4
9,DMS-ACC,naive,10,0.0177,0,-0.0299,-5
9,DMS-ACC,naive,11,0.006,0,-0.0297,-3
9,DMS-ACC,naive,12,-0.0053,0,-0.0252,-3
9,DMS-ACC,naive,13,-0.0133,0,-0.0117,-3
9,DMS-ACC,naive,14,0.0032,0,-0.0597,-3
9,DMS-ACC,naive,15,-0.0232,0,-0.0845,-3
9,DMS-ACC,naive,16,-0.0108,0,-0.0773,-3
9,DMS-ACC,naive,17,-0.0097,0,0.0345,-4
9,DMS-ACC,naive,18,0.0019,0,-0.0776,-3
9,DMS-ACC,naive,19,-0.0115,0,-0.0077,-4
9,DMS-ACC,naive,20,-0.0049,0,-0.0022,-4
9,DMS-ACC,intermediate,1,0.0225,0,-0.035,2
9,DMS-ACC,intermediate,2,0.046,0,-0.0414,-5
9,DMS-ACC,intermediate,3,0.0046,0,-0.0215,2
9,DMS-ACC,intermediate,4,0.0104,0,-0.0218,-5
9,DMS-ACC,intermediate,5,0.0068,0,-0.0024,3
9,DMS-ACC,intermediate,6,0.0056,0,0.0129,3
9,DMS-ACC,intermediate,7,0.0296,0,0.0312,3
9,DMS-ACC,intermediate,8,0.0054,0,0.0086,0
9,DMS-ACC,intermediate,9,0.0079,0,0.0153,0
9,DMS-ACC,intermediate,10,0.0244,0,0.0033,0
9,DMS-ACC,intermediate,11,-0.0047,0,0.0018,0
9,DMS-ACC,intermediate,12,0.0105,0,0.0246,0
9,DMS-ACC,intermediate,13,-0.0117,0,0.0291,2
9,DMS-ACC,intermediate,14,0.0028,0,0.043,2
9,DMS-ACC,intermediate,15,0.0188,0,0.0113,2
9,DMS-ACC,intermediate,16,-0.0032,0,-0.0103,0
9,DMS-ACC,intermediate,17,0.007,0,0.0008,-3
9,DMS-ACC,intermediate,18,0.0245,0,0.1249,0
9,DMS-ACC,intermediate,19,0.0277,0,0.0343,3
9,DMS-ACC,intermediate,20,0.0256,0,-0.0533,0
9,DMS-ACC,expert,1,0.2414,1,-0.0424,-4
9,DMS-ACC,expert,2,-0.0487,0,-0.0137,-1
9,DMS-ACC,expert,3,0.1607,1,0.0087,4
9,DMS-ACC,expert,4,-0.0298,0,0.0045,1
9,DMS-ACC,expert,5,-0.0608,0,0.0265,-2
9,DMS-ACC,expert,6,0.1816,1,0.0066,-3
9,DMS-ACC,expert,7,0.1303,1,0.0403,2
9,DMS-ACC,expert,8,0.184,1,0.0243,1
9,DMS-ACC,expert,9,0.1792,1,0.0392,1
9,DMS-ACC,expert,10,-0.0773,0,0.0398,1
9,DMS-ACC,expert,11,0.1183,1,0.0586,4
9,DMS-ACC,expert,12,0.2089,1,0.0262,4
9,DMS-ACC,expert,13,-0.1826,0,-0.0008,-3
9,DMS-ACC,expert,14,0.173,1,0.0225,3
9,DMS-ACC,expert,15,0.1901,1,-0.0295,-3
9,DMS-ACC,expert,16,-0.1853,0,-0.0233,5
9,DMS-ACC,expert,17,-0.0142,0,-0.0448,3
9,DMS-ACC,expert,18,-0.1574,0,-0.0927,-4
9,DMS-ACC,expert,19,-0.1675,0,-0.0679,-4
9,DMS-ACC,expert,20,0.0142,0,-0.3264,1
9,V1-DMS,naive,1,0.0103,0,-0.1104,-2
9,V1-DMS,naive,2,0.0626,0,-0.1061,-1
9,V1-DMS,naive,3,-0.0237,0,-0.0645,-1
9,V1-DMS,naive,4,0.0144,0,-0.05,-4
9,V1-DMS,naive,5,-0.0286,0,-0.0543,-5
9,V1-DMS,naive,6,-0.03,0,-0.0475,-4
9,V1-DMS,naive,7,0.0024,0,-0.035,-4
9,V1-DMS,naive,8,0.0143,0,-0.0313,-4
9,V1-DMS,naive,9,-0.0039,0,-0.0179,-4
9,V1-DMS,naive,10,0.0086,0,-0.048,-4
9,V1-DMS,naive,11,0.0032,0,-0.0373,-4
9,V1-DMS,naive,12,-0.0158,0,-0.0784,-1
9,V1-DMS,naive,13,0.016,0,-0.0585,-4
9,V1-DMS,naive,14,-0.004,0,-0.0816,-4
9,V1-DMS,naive,15,-0.0117,0,-0.0854,-3
9,V1-DMS,naive,16,0.024,0,-0.1542,-4
9,V1-DMS,naive,17,0.0166,0,-0.1174,-4
9,V1-DMS,naive,18,-0.0572,0,-0.1722,-4
9,V1-DMS,naive,19,-0.0007,0,-0.0884,2
9,V1-DMS,naive,20,-0.0056,0,-0.2525,-2
9,V1-DMS,intermediate,1,0.0091,0,0.0652,3
9,V1-DMS,intermediate,2,0.0294,0,0.0325,3
9,V1-DMS,intermediate,3,0.0064,0,0.0491,2
9,V1-DMS,intermediate,4,-0.0094,0,-0.0016,3
9,V1-DMS,intermediate,5,-0.0022,0,0.0236,2
9,V1-DMS,intermediate,6,-0.0113,0,0.0305,4
9,V1-DMS,intermediate,7,-0.0236,0,0.0228,4
9,V1-DMS,intermediate,8,-0.0103,0,0.0482,1
9,V1-DMS,intermediate,9,0.0016,0,0.0038,3
9,V1-DMS,intermediate,10,0.016,0,-0.004,-4
9,V1-DMS,intermediate,11,-0.0021,0,0.0317,3
9,V1-DMS,intermediate,12,-0.0237,0,0.0214,3
9,V1-DMS,intermediate,13,0.0061,0,-0.0147,-5
9,V1-DMS,intermediate,14,-0.0256,0,0.0015,-5
9,V1-DMS,intermediate,15,-0.0008,0,0.0281,1
9,V1-DMS,intermediate,16,-0.0042,0,0.0523,4
9,V1-DMS,intermediate,17,0.0134,0,0.0015,5
9,V1-DMS,intermediate,18,-0.0076,0,-0.1368,-4
9,V1-DMS,intermediate,19,0.0082,0,-0.1168,-3
9,V1-DMS,intermediate,20,-0.0112,0,0.135,0
9,V1-DMS,expert,1,0.0168,0,0.2487,2
9,V1-DMS,expert,2,0.0059,0,0.1429,1
9,V1-DMS,expert,3,0.0091,0,0.061,0
9,V1-DMS,expert,4,0.0037,0,0.0734,1
9,V1-DMS,expert,5,0.0148,0,0.0545,-2
9,V1-DMS,expert,6,0.023,0,0.068,-2
9,V1-DMS,expert,7,0.0202,0,0.094,5
9,V1-DMS,expert,8,0.0166,0,0.082,1
9,V1-DMS,expert,9,0.0083,0,0.0905,2
9,V1-DMS,expert,10,0.0105,0,0.1207,1
9,V1-DMS,expert,11,0.0013,0,0.096,1
9,V1-DMS,expert,12,-0.0037,0,0.0802,1
9,V1-DMS,expert,13,-0.0234,0,0.0909,1
9,V1-DMS,expert,14,-0.021,0,0.0597,1
9,V1-DMS,expert,15,-0.0079,0,0.0597,5
9,V1-DMS,expert,16,-0.0096,0,0.0798,1
9,V1-DMS,expert,17,-0.0064,0,0.0559,1
9,V1-DMS,expert,18,0.0038,0,0.0679,2
9,V1-DMS,expert,19,-0.0098,0,0.0201,-1
9,V1-DMS,expert,20,-0.0032,0,-0.0653,-1
9,V1-ACC,naive,1,0.1106,0,0.0154,0
9,V1-ACC,naive,2,-0.0031,0,-0.0002,1
9,V1-ACC,naive,3,-0.0028,0,0.0275,1
9,V1-ACC,naive,4,0.0232,0,0.0265,0
9,V1-ACC,naive,5,0.0015,0,0.0261,2
9,V1-ACC,naive,6,0.0138,0,0.0306,3
9,V1-ACC,naive,7,0.004,0,0.0213,4
9,V1-ACC,naive,8,0.0068,0,0.0184,3
9,V1-ACC,naive,9,0.0187,0,0.013,1
9,V1-ACC,naive,10,0.0132,0,0.0214,0
9,V1-ACC,naive,11,-0.0197,0,0.0215,-1
9,V1-ACC,naive,12,0.0011,0,0.0167,-1
9,V1-ACC,naive,13,0.0154,0,0.0228,3
9,V1-ACC,naive,14,-0.0267,0,-0.0244,4
9,V1-ACC,naive,15,0.0057,0,-0.0187,4
9,V1-ACC,naive,16,-0.0235,0,-0.0516,-1
9,V1-ACC,naive,17,-0.0285,0,-0.0142,-1
9,V1-ACC,naive,18,-0.0306,0,-0.0043,1
9,V1-ACC,naive,19,-0.0011,0,0.1386,5
9,V1-ACC,naive,20,0.009,0,-0.1853,4
9,V1-ACC,intermediate,1,0.044,0,-0.0768,-2
9,V1-ACC,intermediate,2,0.0273,0,-0.0095,2
9,V1-ACC,intermediate,3,0.0593,0,-0.0131,-1
9,V1-ACC,intermediate,4,0.0151,0,-0.0457,-1
9,V1-ACC,intermediate,5,0.0104,0,-0.0002,5
9,V1-ACC,intermediate,6,-0.0041,0,-0.0034,4
9,V1-ACC,intermediate,7,0.0036,0,-0.0199,4
9,V1-ACC,intermediate,8,0.0011,0,-0.0243,4
9,V1-ACC,intermediate,9,-0.0077,0,-0.0194,4
9,V1-ACC,intermediate,10,0.0021,0,-0.038,4
9,V1-ACC,intermediate,11,0.0196,0,-0.0076,4
9,V1-ACC,intermediate,12,0.0121,0,0.0096,4
9,V1-ACC,intermediate,13,-0.0049,0,0.0431,4
9,V1-ACC,intermediate,14,0.0108,0,0.0615,4
9,V1-ACC,intermediate,15,0.0043,0,0.0609,4
9,V1-ACC,intermediate,16,-0.0078,0,0.0122,-4
9,V1-ACC,intermediate,17,0.0147,0,0.0378,-2
9,V1-ACC,intermediate,18,0.004,0,0.0709,5
9,V1-ACC,intermediate,19,-0.0223,0,0.0629,5
9,V1-ACC,intermediate,20,-0.0018,0,0.235,3
9,V1-ACC,expert,1,0.0344,0,0.0042,1
9,V1-ACC,expert,2,0.0266,0,0.01,-4
9,V1-ACC,expert,3,0.0183,0,0.0425,4
9,V1-ACC,expert,4,0.0203,0,0.0146,1
9,V1-ACC,expert,5,0.0182,0,0.0193,1
9,V1-ACC,expert,6,0.0149,0,0.0403,1
9,V1-ACC,expert,7,0.0151,0,0.0147,1
9,V1-ACC,expert,8,0.0055,0,0.0155,0
9,V1-ACC,expert,9,0.0228,0,-0.0006,0
9,V1-ACC,expert,10,0.019,0,-0.0416,-2
9,V1-ACC,expert,11,-0.0103,0,-0.0293,-3
9,V1-ACC,expert,12,-0.0195,0,-0.0238,-3
9,V1-ACC,expert,13,-0.0071,0,-0.0345,-3
9,V1-ACC,expert,14,-0.0102,0,0.0003,5
9,V1-ACC,expert,15,-0.0206,0,-0.0011,-3
9,V1-ACC,expert,16,-0.0162,0,0.0182,-3
9,V1-ACC,expert,17,-0.0221,0,0.0428,2
9,V1-ACC,expert,18,-0.0134,0,-0.0187,-3
9,V1-ACC,expert,19,-0.0003,0,0.1336,2
9,V1-ACC,expert,20,0.0163,0,-0.0913,-4
10,DMS-DLS,naive,1,0.5001,1,-0.0129,0
10,DMS-DLS,naive,2,0.2536,1,-0.0154,-1
10,DMS-DLS,naive,3,0.1172,0,0.0968,-1
10,DMS-DLS,naive,4,0.1367,0,0.0349,-1
10,DMS-DLS,naive,5,0.0392,0,0.0306,-1
10,DMS-DLS,naive,6,0.0509,0,0.055,0
10,DMS-DLS,naive,7,0.0799,0,0.0487,0
10,DMS-DLS,naive,8,0.0341,0,0.0472,2
10,DMS-DLS,naive,9,0.0167,0,0.0374,3
10,DMS-DLS,naive,10,0.0066,0,0.034,2
10,DMS-DLS,naive,11,0.0156,0,-0.0041,-1
10,DMS-DLS,naive,12,0.0223,0,0.006,-1
10,DMS-DLS,naive,13,-0.0126,0,-0.0574,-1
10,DMS-DLS,naive,14,0.0106,0,-0.0015,-1
10,DMS-DLS,naive,15,-0.0066,0,-0.0093,2
10,DMS-DLS,naive,16,-0.0021,0,-0.0586,2
10,DMS-DLS,naive,17,-0.0175,0,-0.057,2
10,DMS-DLS,naive,18,-0.0268,0,0.0037,3
10,DMS-DLS,naive,19,-0.0139,0,-0.1187,-4
10,DMS-DLS,naive,20,-0.0101,0,-0.0561,3
10,DMS-DLS,intermediate,1,0.5363,1,0.0188,0
10,DMS-DLS,intermediate,2,0.4053,1,0.0141,0
10,DMS-DLS,intermediate,3,0.1484,0,0.0253,1
10,DMS-DLS,intermediate,4,0.0824,0,0.0184,1
10,DMS-DLS,intermediate,5,0.083,0,-0.0111,-1
10,DMS-DLS,intermediate,6,0.0303,0,0.0116,-1
10,DMS-DLS,intermediate,7,0.0696,0,0.0255,0
10,DMS-DLS,intermediate,8,0.0057,0,0.033,1
10,DMS-DLS,intermediate,9,-0.011,0,0.0245,1
10,DMS-DLS,intermediate,10,0.0029,0,0.005,2
10,DMS-DLS,intermediate,11,0.0008,0,0.0291,1
10,DMS-DLS,intermediate,12,0.0058,0,-0.0274,-4
10,DMS-DLS,intermediate,13,0.0031,0,-0.0046,0
10,DMS-DLS,intermediate,14,0.0081,0,0.0354,4
10,DMS-DLS,intermediate,15,0.0002,0,0.0535,-1
10,DMS-DLS,intermediate,16,0.012,0,0.0272,4
10,DMS-DLS,intermediate,17,-0.0094,0,0.0999,5
10,DMS-DLS,intermediate,18,-0.0064,0,0.0692,4
10,DMS-DLS,intermediate,19,0.0012,0,0.1927,4
10,DMS-DLS,expert,1,0.5909,1,-0.0025,0
10,DMS-DLS,expert,2,0.3678,1,0.0483,0
10,DMS-DLS,expert,3,0.232,0,-0.0875,-1
10,DMS-DLS,expert,4,0.226,0,-0.0139,0
10,DMS-DLS,expert,5,0.1246,0,-0.0588,0
10,DMS-DLS,expert,6,0.0133,0,-0.0344,-1
10,DMS-DLS,expert,7,-0.0014,0,-0.0318,-1
10,DMS-DLS,expert,8,0.0027,0,-0.0276,5
10,DMS-DLS,expert,9,0.0346,0,-0.0428,-3
10,DMS-DLS,expert,10,0.0292,0,-0.0577,-2
10,DMS-DLS,expert,11,-0.0082,0,-0.0472,-2
10,DMS-DLS,expert,12,0.0261,0,-0.0508,-2
10,DMS-DLS,expert,13,-0.0018,0,-0.0041,-3
10,DMS-DLS,expert,14,0.0123,0,-0.0477,-5
10,DMS-DLS,expert,15,0.012,0,-0.0359,-3
10,DMS-DLS,expert,16,0.0067,0,0.0548,-3
10,DMS-DLS,expert,17,0.0139,0,-0.018,0
10,DMS-DLS,expert,18,-0.0217,0,0.0692,2
10,DMS-ACC,naive,1,0.227,1,-0.0613,0
10,DMS-ACC,naive,2,0.1245,0,0.0318,0
10,DMS-ACC,naive,3,0.0788,0,0.0597,0
10,DMS-ACC,naive,4,0.0098,0,0.0658,4
10,DMS-ACC,naive,5,0.0447,0,0.0359,1
10,DMS-ACC,naive,6,-0.0138,0,0.0377,2
10,DMS-ACC,naive,7,0.0116,0,0.0077,1
10,DMS-ACC,naive,8,0.0186,0,-0.0312,0
10,DMS-ACC,naive,9,0.0205,0,0.007,0
10,DMS-ACC,naive,10,0.0418,0,0.016,0
10,DMS-ACC,naive,11,0.0066,0,0.0047,-2
10,DMS-ACC,naive,12,-0.0096,0,-0.0374,-2
10,DMS-ACC,naive,13,0.0049,0,-0.0055,4
10,DMS-ACC,naive,14,-0.0038,0,-0.0704,-1
10,DMS-ACC,intermediate,1,0.229,1,0.0211,0
10,DMS-ACC,intermediate,2,0.1123,0,0.0022,0
10,DMS-ACC,intermediate,3,0.0852,0,-0.0129,0
10,DMS-ACC,intermediate,4,0.0506,0,-0.0201,1
10,DMS-ACC,intermediate,5,0.0165,0,0.0102,1
10,DMS-ACC,intermediate,6,0.0454,0,0.0308,0
10,DMS-ACC,intermediate,7,0.0149,0,0.0326,0
10,DMS-ACC,intermediate,8,0.0016,0,0.0346,0
10,DMS-ACC,intermediate,9,0.005,0,0.0339,3
10,DMS-ACC,intermediate,10,0.0343,0,0.0572,0
10,DMS-ACC,intermediate,11,0.0268,0,0.075,0
10,DMS-ACC,intermediate,12,0.0288,0,0.0831,1
10,DMS-ACC,intermediate,13,0.0088,0,0.1435,3
10,DMS-ACC,intermediate,14,0.0392,0,0.1286,0
10,DMS-ACC,expert,1,0.1789,0,0.0497,0
10,DMS-ACC,expert,2,0.1409,0,0.0488,0
10,DMS-ACC,expert,3,0.0866,0,0.0224,0
10,DMS-ACC,expert,4,0.0053,0,0.0244,1
10,DMS-ACC,expert,5,0.0346,0,-0.01,-2
10,DMS-ACC,expert,6,0.032,0,-0.0079,0
10,DMS-ACC,expert,7,0.0206,0,-0.0268,-2
10,DMS-ACC,expert,8,0.0216,0,-0.0091,-2
10,DMS-ACC,expert,9,0.0265,0,0.0004,0
10,DMS-ACC,expert,10,0.0068,0,-0.0126,2
10,DMS-ACC,expert,11,0.0029,0,-0.0085,2
10,DMS-ACC,expert,12,-0.0077,0,-0.046,2
10,DMS-ACC,expert,13,-0.0049,0,-0.007,2
10,DMS-ACC,expert,14,0.0132,0,-0.0028,3
10,DLS-ACC,naive,1,0.1023,0,0.0104,-5
10,DLS-ACC,naive,2,0.0818,0,0.0185,0
10,DLS-ACC,naive,3,0.0165,0,-0.0358,1
10,DLS-ACC,naive,4,0.0305,0,-0.0471,-1
10,DLS-ACC,naive,5,0.0321,0,-0.0359,-5
10,DLS-ACC,naive,6,0.0409,0,-0.0715,-2
10,DLS-ACC,naive,7,0.0104,0,-0.0736,-5
10,DLS-ACC,naive,8,-0.0052,0,-0.0274,1
10,DLS-ACC,naive,9,-0.003,0,-0.0496,-2
10,DLS-ACC,naive,10,0.0167,0,-0.05,-2
10,DLS-ACC,naive,11,0.024,0,-0.034,-5
10,DLS-ACC,naive,12,-0.0099,0,0.013,-5
10,DLS-ACC,naive,13,-0.0033,0,0.0243,2
10,DLS-ACC,naive,14,0.0124,0,-0.0209,-4
10,DLS-ACC,intermediate,1,0.1433,1,0.01,0
10,DLS-ACC,intermediate,2,0.0517,0,0.0144,0
10,DLS-ACC,intermediate,3,0.0616,0,0.0388,0
10,DLS-ACC,intermediate,4,0.0636,0,0.0303,5
10,DLS-ACC,intermediate,5,0.0138,0,0.0431,5
10,DLS-ACC,intermediate,6,0.0193,0,0.0583,5
10,DLS-ACC,intermediate,7,0.0101,0,0.0778,4
10,DLS-ACC,intermediate,8,0.0478,0,0.0106,4
10,DLS-ACC,intermediate,9,0.0379,0,0.0356,0
10,DLS-ACC,intermediate,10,0.0225,0,0.0392,1
10,DLS-ACC,intermediate,11,-0.0136,0,0.0209,5
10,DLS-ACC,intermediate,12,0.007,0,0.0397,2
10,DLS-ACC,intermediate,13,0.0195,0,0.0668,-4
10,DLS-ACC,intermediate,14,-0.0192,0,0.1287,0
10,DLS-ACC,expert,1,0.0697,0,0.1614,2
10,DLS-ACC,expert,2,0.1321,0,0.1068,0
10,DLS-ACC,expert,3,0.0536,0,0.0737,4
10,DLS-ACC,expert,4,0.0394,0,0.048,4
10,DLS-ACC,expert,5,0.0405,0,0.0662,5
10,DLS-ACC,expert,6,-0.0006,0,0.0217,-2
10,DLS-ACC,expert,7,0.0288,0,0.0285,4
10,DLS-ACC,expert,8,0.0327,0,-0.0021,4
10,DLS-ACC,expert,9,0.0028,0,0.0392,4
10,DLS-ACC,expert,10,-0.0022,0,-0.0406,-2
10,DLS-ACC,expert,11,-0.007,0,-0.0203,-1
10,DLS-ACC,expert,12,0.0107,0,-0.0066,-1
10,DLS-ACC,expert,13,-0.0166,0,0.0113,5
10,DLS-ACC,expert,14,-0.0031,0,0.0232,5
10,V1-DMS,naive,1,0.0036,0,0.0062,-5
10,V1-DMS,naive,2,0.0269,0,-0.0228,-5
10,V1-DMS,naive,3,0.0377,0,-0.0397,0
10,V1-DMS,naive,4,0.0126,0,-0.0566,0
10,V1-DMS,naive,5,0.0071,0,-0.0086,-5
10,V1-DMS,naive,6,0.0214,0,-0.0145,-5
10,V1-DMS,naive,7,0.0289,0,-0.0446,0
10,V1-DMS,intermediate,1,0.0389,0,-0.0027,5
10,V1-DMS,intermediate,2,0.03,0,0.037,5
10,V1-DMS,intermediate,3,0.0125,0,0.0044,-5
10,V1-DMS,intermediate,4,0.0285,0,0.0284,0
10,V1-DMS,intermediate,5,0.005,0,0.0213,2
10,V1-DMS,intermediate,6,-0.0198,0,-0.0036,1
10,V1-DMS,intermediate,7,-0.016,0,0.11,2
10,V1-DMS,expert,1,0.0777,0,-0.0422,-3
10,V1-DMS,expert,2,-0.0065,0,0.0421,1
10,V1-DMS,expert,3,0.0182,0,0.0603,1
10,V1-DMS,expert,4,-0.0126,0,-0.0492,-4
10,V1-DMS,expert,5,-0.0015,0,0.0007,1
10,V1-DMS,expert,6,0.0057,0,0.01,1
10,V1-DMS,expert,7,0.0052,0,-0.0106,-4
10,V1-DLS,naive,1,0.0117,0,-0.0023,-4
10,V1-DLS,naive,2,0.0113,0,0.0112,5
10,V1-DLS,naive,3,0.0179,0,-0.0268,-4
10,V1-DLS,naive,4,0.0201,0,-0.0496,-2
10,V1-DLS,naive,5,-0.012,0,-0.0663,-2
10,V1-DLS,naive,6,0.0153,0,-0.1171,-4
10,V1-DLS,naive,7,0.031,0,-0.0245,5
10,V1-DLS,intermediate,1,0.0332,0,0.0569,0
10,V1-DLS,intermediate,2,-0.0046,0,0.0327,3
10,V1-DLS,intermediate,3,0.0074,0,0.0119,0
10,V1-DLS,intermediate,4,0.0038,0,0.0152,5
10,V1-DLS,intermediate,5,0.0089,0,-0.0139,-4
10,V1-DLS,intermediate,6,-0.0146,0,-0.0311,-5
10,V1-DLS,intermediate,7,0.0174,0,-0.0177,-5
10,V1-DLS,expert,1,0.0094,0,0.0657,4
10,V1-DLS,expert,2,0.0222,0,0.0341,3
10,V1-DLS,expert,3,0.0373,0,0.0497,0
10,V1-DLS,expert,4,-0.0032,0,0.0191,2
10,V1-DLS,expert,5,0.012,0,0.0646,2
10,V1-DLS,expert,6,-0.029,0,0.054,2
10,V1-DLS,expert,7,-0.0261,0,0.0849,1
10,V1-ACC,naive,1,-0.0105,0,-0.0694,-2
10,V1-ACC,naive,2,0.0375,0,-0.0152,-2
10,V1-ACC,naive,3,-0.0198,0,0.02,1
10,V1-ACC,naive,4,0.0104,0,0.0395,1
10,V1-ACC,naive,5,0.0245,0,-0.0059,-4
10,V1-ACC,naive,6,0.0044,0,0.0332,0
10,V1-ACC,naive,7,-0.0016,0,-0.0181,2
10,V1-ACC,intermediate,1,0.0026,0,-0.0687,-3
10,V1-ACC,intermediate,2,0.0136,0,0.0275,1
10,V1-ACC,intermediate,3,-0.0241,0,-0.0528,5
10,V1-ACC,intermediate,4,-0.0057,0,-0.0658,5
10,V1-ACC,intermediate,5,0.0103,0,-0.0846,-1
10,V1-ACC,intermediate,6,0.019,0,-0.0709,0
10,V1-ACC,intermediate,7,0.0115,0,-0.0093,0
10,V1-ACC,expert,1,0.0019,0,-0.0376,-1
10,V1-ACC,expert,2,0.0039,0,-0.0652,-4
10,V1-ACC,expert,3,0.0043,0,-0.0752,-4
10,V1-ACC,expert,4,-0.0056,0,-0.0833,-4
10,V1-ACC,expert,5,-0.003,0,-0.0487,-1
10,V1-ACC,expert,6,0.0148,0,-0.0448,1
10,V1-ACC,expert,7,-0.0076,0,-0.1051,-5
11,DMS-DLS,naive,1,0.1171,1,-0.0106,0
11,DMS-DLS,naive,2,0.0273,0,0.0342,3
11,DMS-DLS,naive,3,0.0165,0,0.0295,0
11,DMS-DLS,naive,4,0.02,0,0.0271,0
11,DMS-DLS,naive,5,-0.0155,0,0.0826,4
11,DMS-DLS,intermediate,1,0.0045,0,-0.125,0
11,DMS-DLS,intermediate,2,0.0496,0,-0.0725,0
11,DMS-DLS,intermediate,3,0.0163,0,-0.0219,0
11,DMS-DLS,intermediate,4,-0.0023,0,-0.0258,4
11,DMS-DLS,expert,1,0.0146,0,0.0471,3
11,DMS-DLS,expert,2,-0.2194,0,-0.0505,5
11,DMS-DLS,expert,3,-0.2121,0,-0.0353,5
11,DMS-DLS,expert,4,0.1869,1,0.0559,3
11,DMS-DLS,expert,5,0.1905,1,0.1209,5
11,DMS-ACC,naive,1,0.0444,0,-0.0387,0
11,DMS-ACC,naive,2,0.0514,0,0.02,0
11,DMS-ACC,naive,3,0.0177,0,-0.0154,-3
11,DMS-ACC,naive,4,0.0512,0,-0.015,-3
11,DMS-ACC,naive,5,-0.0049,0,-0.0358,-3
11,DMS-ACC,naive,6,0.0309,0,-0.0039,2
11,DMS-ACC,naive,7,-0.0045,0,-0.0374,-2
11,DMS-ACC,naive,8,0.0247,0,-0.0409,-4
11,DMS-ACC,naive,9,0.0153,0,-0.0398,-4
11,DMS-ACC,naive,10,-0.0104,0,-0.0073,2
11,DMS-ACC,naive,11,0.0061,0,0.0078,2
11,DMS-ACC,naive,12,0.02,0,0.0133,2
11,DMS-ACC,naive,13,0.0168,0,-0.0104,2
11,DMS-ACC,naive,14,-0.0109,0,0.0224,2
11,DMS-ACC,naive,15,-0.0007,0,-0.0133,-5
11,DMS-ACC,naive,16,0.012,0,0.0129,2
11,DMS-ACC,naive,17,0.0027,0,0.0402,2
11,DMS-ACC,naive,18,0.0193,0,0.0448,3
11,DMS-ACC,naive,19,-0.0173,0,0.1217,3
11,DMS-ACC,naive,20,-0.0049,0,0.5821,2
11,DMS-ACC,intermediate,1,0.2092,0,0.0742,5
11,DMS-ACC,intermediate,2,0.0131,0,0.031,0
11,DMS-ACC,intermediate,3,0.0488,0,0.0055,0
11,DMS-ACC,intermediate,4,0.0074,0,0.0249,1
11,DMS-ACC,intermediate,5,0.0229,0,0.0384,1
11,DMS-ACC,intermediate,6,-0.0128,0,0.0258,1
11,DMS-ACC,intermediate,7,-0.0027,0,0.0366,1
11,DMS-ACC,intermediate,8,0.0073,0,0.0209,4
11,DMS-ACC,intermediate,9,-0.0077,0,-0.022,-1
11,DMS-ACC,intermediate,10,0.0067,0,-0.0224,0
11,DMS-ACC,intermediate,11,-0.0133,0,-0.0268,0
11,DMS-ACC,intermediate,12,0.0089,0,-0.0291,0
11,DMS-ACC,intermediate,13,0.0004,0,-0.0096,4
11,DMS-ACC,intermediate,14,0.0182,0,-0.0597,-1
11,DMS-ACC,intermediate,15,0.0133,0,-0.0153,4
11,DMS-ACC,intermediate,16,0.0011,0,-0.0782,-1
11,DMS-ACC,intermediate,17,-0.0134,0,-0.1107,-2
11,DMS-ACC,intermediate,18,-0.0359,0,-0.0745,-1
11,DMS-ACC,expert,1,0.1521,0,0.0008,0
11,DMS-ACC,expert,2,0.0647,0,-0.0008,-5
11,DMS-ACC,expert,3,-0.0034,0,0.0475,1
11,DMS-ACC,expert,4,-0.0182,0,-0.0276,4
11,DMS-ACC,expert,5,-0.0434,0,-0.0296,-3
11,DMS-ACC,expert,6,0.0438,0,-0.0358,-4
11,DMS-ACC,expert,7,-0.0002,0,-0.0293,-4
11,DMS-ACC,expert,8,-0.0004,0,0.0341,-4
11,DMS-ACC,expert,9,0.0204,0,0.0477,-4
11,DMS-ACC,expert,10,0.0304,0,0.0472,-4
11,DMS-ACC,expert,11,-0.0169,0,0.0195,-4
11,DMS-ACC,expert,12,-0.0035,0,0.0427,3
11,DMS-ACC,expert,13,0.0283,0,0.073,3
11,DMS-ACC,expert,14,0.0179,0,0.0626,5
11,DMS-ACC,expert,15,-0.0076,0,0.0144,5
11,DMS-ACC,expert,16,-0.026,0,0.0587,5
11,DMS-ACC,expert,17,0.0242,0,0.0484,4
11,DMS-ACC,expert,18,-0.0066,0,0.0595,-3
11,DMS-ACC,expert,19,-0.0179,0,0.2446,5
11,DLS-ACC,naive,1,0.1332,1,0.1549,3
11,DLS-ACC,naive,2,0.0053,0,-0.0458,-2
11,DLS-ACC,naive,3,-0.0096,0,0.0223,-2
11,DLS-ACC,naive,4,0.0129,0,0.0247,2
11,DLS-ACC,naive,5,-0.0087,0,-0.0314,-3
11,DLS-ACC,intermediate,1,0.0532,0,-0.0162,1
11,DLS-ACC,intermediate,2,-0.0265,0,-0.0278,5
11,DLS-ACC,intermediate,3,0.0096,0,0.0457,5
11,DLS-ACC,intermediate,4,0.0017,0,0.0453,5
11,DLS-ACC,expert,1,0.0725,0,-0.3194,-2
11,DLS-ACC,expert,2,-0.0131,0,-0.0226,3
11,DLS-ACC,expert,3,-0.0031,0,0.0262,3
11,DLS-ACC,expert,4,0.0097,0,0.0514,0
11,DLS-ACC,expert,5,0.0097,0,-0.0013,0
11,V1-DMS,naive,1,0.1211,0,0.0105,0
11,V1-DMS,naive,2,0.0377,0,0.0534,2
11,V1-DMS,naive,3,0.0231,0,-0.004,-1
11,V1-DMS,naive,4,0.0334,0,0.0097,1
11,V1-DMS,naive,5,0.0028,0,0.0366,2
11,V1-DMS,naive,6,0.0087,0,0.0325,1
11,V1-DMS,naive,7,-0.0052,0,0.0248,5
11,V1-DMS,naive,8,-0.003,0,0.0327,1
11,V1-DMS,naive,9,0.0099,0,0.0069,1
11,V1-DMS,naive,10,-0.0111,0,0.0109,-1
11,V1-DMS,naive,11,-0.0274,0,0.0276,-1
11,V1-DMS,naive,12,-0.0043,0,0.0597,1
11,V1-DMS,naive,13,-0.0251,0,0.0529,1
11,V1-DMS,naive,14,0.0227,0,0.0571,4
11,V1-DMS,naive,15,-0.002,0,0.0291,1
11,V1-DMS,naive,16,-0.0064,0,-0.005,1
11,V1-DMS,naive,17,-0.0112,0,0.0075,1
11,V1-DMS,naive,18,-0.0007,0,-0.0599,-5
11,V1-DMS,naive,19,0.0119,0,-0.0326,1
11,V1-DMS,naive,20,-0.0239,0,0.0847,1
11,V1-DMS,intermediate,1,0.0619,0,0.0434,0
11,V1-DMS,intermediate,2,0.0635,0,0.0293,0
11,V1-DMS,intermediate,3,-0.0143,0,0.048,4
11,V1-DMS,intermediate,4,-0.0014,0,0.0484,4
11,V1-DMS,intermediate,5,0.0224,0,0.0352,4
11,V1-DMS,intermediate,6,0.0111,0,0.0493,4
11,V1-DMS,intermediate,7,0.0152,0,0.0526,4
11,V1-DMS,intermediate,8,-0.0079,0,0.041,4
11,V1-DMS,intermediate,9,-0.0138,0,0.0483,4
11,V1-DMS,intermediate,10,-0.0244,0,0.0384,4
11,V1-DMS,intermediate,11,0.0063,0,0.0572,3
11,V1-DMS,intermediate,12,-0.0086,0,0.0257,2
11,V1-DMS,intermediate,13,-0.006,0,0.0523,2
11,V1-DMS,intermediate,14,0.0028,0,0.0265,-1
11,V1-DMS,intermediate,15,0.0037,0,0.0028,-2
11,V1-DMS,intermediate,16,0.0017,0,0.0742,3
11,V1-DMS,intermediate,17,0.0001,0,0.0415,-1
11,V1-DMS,intermediate,18,-0.003,0,-0.1299,-1
11,V1-DMS,expert,1,0.2203,1,-0.1254,-5
11,V1-DMS,expert,2,-0.1843,0,-0.1067,-1
11,V1-DMS,expert,3,0.1661,1,-0.0452,-4
11,V1-DMS,expert,4,-0.2014,0,-0.0379,-1
11,V1-DMS,expert,5,-0.1805,0,-0.0408,0
11,V1-DMS,expert,6,-0.1905,0,-0.0318,-5
11,V1-DMS,expert,7,0.1703,1,-0.0243,1
11,V1-DMS,expert,8,0.1858,1,-0.0425,-5
11,V1-DMS,expert,9,-0.1982,0,-0.0271,-5
11,V1-DMS,expert,10,-0.1771,0,-0.0145,-5
11,V1-DMS,expert,11,0.1992,1,-0.0003,0
11,V1-DMS,expert,12,0.1992,1,-0.0123,-3
11,V1-DMS,expert,13,0.1958,1,-0.0476,-3
11,V1-DMS,expert,14,-0.2049,0,-0.0553,0
11,V1-DMS,expert,15,-0.2102,0,0.0071,0
11,V1-DMS,expert,16,0.1816,1,0.0327,1
11,V1-DMS,expert,17,-0.2096,0,0.1125,1
11,V1-DMS,expert,18,0.1921,1,0.0354,1
11,V1-DMS,expert,19,0.1812,1,0.0006,0
11,V1-DLS,naive,1,0.034,0,-0.075,-3
11,V1-DLS,naive,2,0.0027,0,-0.0785,-2
11,V1-DLS,naive,3,0.0277,0,-0.0351,5
11,V1-DLS,naive,4,-0.0094,0,-0.0004,5
11,V1-DLS,naive,5,0.0038,0,0.0041,5
11,V1-DLS,intermediate,1,0.0044,0,0.0158,-4
11,V1-DLS,intermediate,2,0.0015,0,-0.0208,0
11,V1-DLS,intermediate,3,-0.0113,0,0.0206,-5
11,V1-DLS,intermediate,4,0.0073,0,-0.0189,1
11,V1-DLS,expert,1,-0.1916,0,-0.0471,-4
11,V1-DLS,expert,2,0.2008,1,-0.0414,-5
11,V1-DLS,expert,3,-0.2112,0,-0.0562,-5
11,V1-DLS,expert,4,0.1645,1,-0.0423,-1
11,V1-DLS,expert,5,0.1951,1,0.0568,2
11,V1-ACC,naive,1,0.0665,0,0.0283,0
11,V1-ACC,naive,2,0.0357,0,-0.0119,-2
11,V1-ACC,naive,3,0.0158,0,0.0154,-2
11,V1-ACC,naive,4,0.0168,0,-0.0222,-2
11,V1-ACC,naive,5,0.0032,0,-0.0073,-3
11,V1-ACC,naive,6,0.0269,0,0.0057,2
11,V1-ACC,naive,7,0.0121,0,-0.0214,2
11,V1-ACC,naive,8,-0.019,0,-0.0079,-5
11,V1-ACC,naive,9,0.0099,0,-0.0246,-5
11,V1-ACC,naive,10,0.0168,0,-0.035,-5
11,V1-ACC,naive,11,0.0009,0,0.0045,-1
11,V1-ACC,naive,12,0.0058,0,-0.009,-5
11,V1-ACC,naive,13,-0.0098,0,0.0198,-5
11,V1-ACC,naive,14,0.0065,0,-0.0482,-5
11,V1-ACC,naive,15,-0.0104,0,-0.0076,-5
11,V1-ACC,naive,16,0.021,0,0.0538,3
11,V1-ACC,naive,17,-0.0057,0,0.0453,4
11,V1-ACC,naive,18,-0.0061,0,0.1045,2
11,V1-ACC,naive,19,-0.0144,0,0.1398,2
11,V1-ACC,naive,20,-0.0018,0,-0.3771,-2
11,V1-ACC,intermediate,1,0.0587,0,0.046,0
11,V1-ACC,intermediate,2,-0.0087,0,-0.0102,0
11,V1-ACC,intermediate,3,0.0141,0,-0.0136,0
11,V1-ACC,intermediate,4,0.0065,0,0.0051,4
11,V1-ACC,intermediate,5,0.0074,0,0.0072,1
11,V1-ACC,intermediate,6,-0.0015,0,-0.015,-5
11,V1-ACC,intermediate,7,-0.0099,0,-0.042,-1
11,V1-ACC,intermediate,8,0.0218,0,-0.0258,2
11,V1-ACC,intermediate,9,-0.0055,0,-0.0205,-5
11,V1-ACC,intermediate,10,-0.0274,0,0.0232,3
11,V1-ACC,intermediate,11,-0.018,0,0.0042,3
11,V1-ACC,intermediate,12,-0.021,0,0.0484,4
11,V1-ACC,intermediate,13,-0.0127,0,0.0287,4
11,V1-ACC,intermediate,14,-0.011,0,-0.0081,4
11,V1-ACC,intermediate,15,-0.0098,0,0.01,4
11,V1-ACC,intermediate,16,0.0006,0,0.0019,4
11,V1-ACC,intermediate,17,-0.0041,0,0.0127,-5
11,V1-ACC,intermediate,18,-0.0188,0,-0.0779,2
11,V1-ACC,intermediate,19,0.0019,0,-0.0397,2
11,V1-ACC,intermediate,20,0.0029,0,-0.3115,0
11,V1-ACC,expert,1,0.031,0,0.0019,0
11,V1-ACC,expert,2,0.0495,0,-0.0307,0
11,V1-ACC,expert,3,0.0421,0,0.0032,0
11,V1-ACC,expert,4,0.0003,0,-0.0012,-2
11,V1-ACC,expert,5,0.0375,0,0.01,3
11,V1-ACC,expert,6,0.0176,0,0.0002,-2
11,V1-ACC,expert,7,-0.0117,0,0.0128,-2
11,V1-ACC,expert,8,-0.0077,0,0.0133,1
11,V1-ACC,expert,9,0.0115,0,-0.0069,-2
11,V1-ACC,expert,10,0.0268,0,-0.0271,-2
11,V1-ACC,expert,11,-0.0002,0,-0.0001,-2
11,V1-ACC,expert,12,0.002,0,0.0045,-5
11,V1-ACC,expert,13,0.0009,0,-0.0039,-3
11,V1-ACC,expert,14,0.0079,0,0.0018,-3
11,V1-ACC,expert,15,0.0104,0,-0.0088,1
11,V1-ACC,expert,16,0.0234,0,0.0049,1
11,V1-ACC,expert,17,0.004,0,0.0106,1
11,V1-ACC,expert,18,0.0094,0,0.0078,1
11,V1-ACC,expert,19,-0.0041,0,0.0814,-5
11,V1-ACC,expert,20,0.0069,0,0.4767,4
11,CA1-DMS,naive,1,-0.0171,0,-0.0295,-5
11,CA1-DMS,naive,2,-0.0184,0,0.0168,3
11,CA1-DMS,naive,3,0.0018,0,0.0124,-5
11,CA1-DMS,naive,4,-0.0372,0,0.0075,3
11,CA1-DMS,naive,5,-0.0035,0,0.0121,-1
11,CA1-DMS,naive,6,-0.0015,0,-0.0123,-5
11,CA1-DMS,naive,7,0.0083,0,0.0089,-5
11,CA1-DMS,naive,8,0.0051,0,-0.0081,2
11,CA1-DMS,naive,9,0.0126,0,0.0027,-1
11,CA1-DMS,naive,10,-0.0015,0,-0.0071,-1
11,CA1-DMS,naive,11,-0.0028,0,0.0376,3
11,CA1-DMS,naive,12,-0.004,0,0.0219,2
11,CA1-DMS,naive,13,-0.0082,0,0.0097,2
11,CA1-DMS,naive,14,0.0032,0,-0.0263,-4
11,CA1-DMS,naive,15,0.0032,0,-0.0299,-4
11,CA1-DMS,naive,16,0.01,0,-0.0522,-4
11,CA1-DMS,naive,17,-0.0118,0,-0.0389,-4
11,CA1-DMS,naive,18,-0.0053,0,0.0039,-1
11,CA1-DMS,naive,19,0.0088,0,-0.0064,-2
11,CA1-DMS,naive,20,0.0077,0,0.209,4
11,CA1-DMS,intermediate,1,0.0284,0,0.0478,5
11,CA1-DMS,intermediate,2,0.0731,0,0.038,1
11,CA1-DMS,intermediate,3,-0.0026,0,0.0269,1
11,CA1-DMS,intermediate,4,0.0314,0,0.0234,3
11,CA1-DMS,intermediate,5,0.0027,0,0.0302,3
11,CA1-DMS,intermediate,6,-0.0073,0,-0.0034,0
11,CA1-DMS,intermediate,7,0.0139,0,0.0053,1
11,CA1-DMS,intermediate,8,0.0189,0,-0.0033,1
11,CA1-DMS,intermediate,9,0.0342,0,-0.0052,0
11,CA1-DMS,intermediate,10,-0.003,0,0.0379,3
11,CA1-DMS,intermediate,11,0.0085,0,0.0325,2
11,CA1-DMS,intermediate,12,0.0202,0,0.0378,2
11,CA1-DMS,intermediate,13,0.0344,0,0.0587,1
11,CA1-DMS,intermediate,14,0.0125,0,0.0396,0
11,CA1-DMS,intermediate,15,-0.0079,0,-0.0258,-3
11,CA1-DMS,intermediate,16,0.0119,0,-0.0012,-3
11,CA1-DMS,intermediate,17,-0.009,0,-0.0403,-3
11,CA1-DMS,intermediate,18,0.014,0,-0.0122,2
11,CA1-DMS,expert,1,0.2105,1,-0.1057,-2
11,CA1-DMS,expert,2,0.1056,0,-0.0295,-3
11,CA1-DMS,expert,3,-0.1779,0,-0.0376,-4
11,CA1-DMS,expert,4,0.2051,1,-0.0431,-3
11,CA1-DMS,expert,5,-0.2005,0,-0.0711,-3
11,CA1-DMS,expert,6,0.1988,1,-0.0304,-3
11,CA1-DMS,expert,7,-0.1887,0,-0.0295,-4
11,CA1-DMS,expert,8,-0.0419,0,-0.0098,-3
11,CA1-DMS,expert,9,0.178,1,-0.0061,-3
11,CA1-DMS,expert,10,-0.1998,0,-0.0008,-3
11,CA1-DMS,expert,11,-0.2075,0,-0.0057,-3
11,CA1-DMS,expert,12,-0.1951,0,-0.022,-3
11,CA1-DMS,expert,13,-0.1795,0,-0.0538,-3
11,CA1-DMS,expert,14,0.2112,1,-0.0386,-3
11,CA1-DMS,expert,15,0.2064,1,-0.0692,-3
11,CA1-DMS,expert,16,-0.2068,0,-0.0128,2
11,CA1-DMS,expert,17,0.1873,1,-0.0947,-4
11,CA1-DMS,expert,18,-0.1469,0,-0.1344,-4
11,CA1-DMS,expert,19,-0.142,0,-0.1761,-2
11,CA1-DLS,naive,1,0.019,0,0.0507,5
11,CA1-DLS,naive,2,0.0044,0,-0.023,-5
11,CA1-DLS,naive,3,-0.0302,0,-0.0354,-5
11,CA1-DLS,naive,4,-0.0027,0,-0.0479,-5
11,CA1-DLS,naive,5,0.0121,0,-0.0447,-5
11,CA1-DLS,intermediate,1,0.0732,0,0.2263,2
11,CA1-DLS,intermediate,2,0.0295,0,0.1094,4
11,CA1-DLS,intermediate,3,0.0132,0,0.0198,3
11,CA1-DLS,intermediate,4,0.0243,0,0.088,4
11,CA1-DLS,expert,1,0.3446,1,-0.1025,-4
11,CA1-DLS,expert,2,0.1978,1,-0.0673,-2
11,CA1-DLS,expert,3,0.176,1,-0.073,-2
11,CA1-DLS,expert,4,0.1816,1,-0.0541,-5
11,CA1-DLS,expert,5,0.1997,1,-0.1173,-5
11,CA1-ACC,naive,1,0.0481,0,0.0328,1
11,CA1-ACC,naive,2,0.0299,0,0.0301,0
11,CA1-ACC,naive,3,-0.0109,0,0.0298,1
11,CA1-ACC,naive,4,0.0145,0,0.0102,3
11,CA1-ACC,naive,5,-0.0163,0,0.0031,3
11,CA1-ACC,naive,6,0.0141,0,-0.0026,2
11,CA1-ACC,naive,7,0.0204,0,-0.0084,0
11,CA1-ACC,naive,8,0.0222,0,-0.0088,0
11,CA1-ACC,naive,9,0.0163,0,-0.0202,0
11,CA1-ACC,naive,10,0.0315,0,-0.0032,0
11,CA1-ACC,naive,11,0.0313,0,0.005,0
11,CA1-ACC,naive,12,-0.0033,0,-0.039,-4
11,CA1-ACC,naive,13,0.0015,0,0.0048,3
11,CA1-ACC,naive,14,0.0084,0,0.0249,0
11,CA1-ACC,naive,15,0.0137,0,0.0184,5
11,CA1-ACC,naive,16,0.0176,0,-0.0491,-2
11,CA1-ACC,naive,17,-0.0155,0,0.0215,0
11,CA1-ACC,naive,18,-0.016,0,-0.0407,-5
11,CA1-ACC,naive,19,0.0061,0,-0.0668,-4
11,CA1-ACC,naive,20,0.0042,0,-0.1222,1
11,CA1-ACC,intermediate,1,0.0874,0,-0.0441,-3
11,CA1-ACC,intermediate,2,0.0233,0,-0.0264,-4
11,CA1-ACC,intermediate,3,0.0289,0,-0.0168,-3
11,CA1-ACC,intermediate,4,0.0024,0,-0.0,2
11,CA1-ACC,intermediate,5,0.0092,0,0.009,-5
11,CA1-ACC,intermediate,6,0.0033,0,0.0121,1
11,CA1-ACC,intermediate,7,0.0095,0,0.0106,5
11,CA1-ACC,intermediate,8,0.0011,0,0.0158,1
11,CA1-ACC,intermediate,9,-0.0038,0,-0.0029,-5
11,CA1-ACC,intermediate,10,0.0108,0,-0.0045,-1
11,CA1-ACC,intermediate,11,0.0003,0,0.0071,-1
11,CA1-ACC,intermediate,12,0.0011,0,-0.0109,-1
11,CA1-ACC,intermediate,13,0.0082,0,0.0184,-3
11,CA1-ACC,intermediate,14,0.0092,0,0.0009,5
11,CA1-ACC,intermediate,15,-0.002,0,0.0303,2
11,CA1-ACC,intermediate,16,0.013,0,0.035,2
11,CA1-ACC,intermediate,17,-0.012,0,-0.0092,0
11,CA1-ACC,intermediate,18,-0.0009,0,-0.0072,2
11,CA1-ACC,intermediate,19,0.016,0,-0.0405,2
11,CA1-ACC,intermediate,20,-0.0037,0,0.3945,0
11,CA1-ACC,expert,1,0.0413,0,-0.0427,0
11,CA1-ACC,expert,2,-0.0041,0,-0.01,0
11,CA1-ACC,expert,3,0.0263,0,-0.0097,2
11,CA1-ACC,expert,4,0.0126,0,-0.009,0
11,CA1-ACC,expert,5,0.0033,0,-0.0253,2
11,CA1-ACC,expert,6,-0.0103,0,-0.0296,-2
11,CA1-ACC,expert,7,-0.0042,0,-0.0482,-2
11,CA1-ACC,expert,8,0.0118,0,-0.0151,-2
11,CA1-ACC,expert,9,-0.0205,0,-0.0071,0
11,CA1-ACC,expert,10,-0.0021,0,0.0086,1
11,CA1-ACC,expert,11,-0.0197,0,-0.0,4
11,CA1-ACC,expert,12,-0.0087,0,0.0015,1
11,CA1-ACC,expert,13,0.0101,0,-0.0217,1
11,CA1-ACC,expert,14,-0.0156,0,0.0491,1
11,CA1-ACC,expert,15,0.0048,0,-0.0005,1
11,CA1-ACC,expert,16,0.0189,0,-0.0177,0
11,CA1-ACC,expert,17,-0.0214,0,0.0317,3
11,CA1-ACC,expert,18,-0.0275,0,0.0584,3
11,CA1-ACC,expert,19,-0.0074,0,0.0399,-5
11,CA1-ACC,expert,20,0.0078,0,-0.1358,-1
11,CA1-V1,naive,1,0.08,0,-0.0122,-3
11,CA1-V1,naive,2,0.0563,0,-0.0074,5
11,CA1-V1,naive,3,0.0443,0,0.037,0
11,CA1-V1,naive,4,-0.0125,0,0.028,1
11,CA1-V1,naive,5,0.0088,0,-0.0128,0
11,CA1-V1,naive,6,0.0161,0,-0.0018,4
11,CA1-V1,naive,7,0.0057,0,-0.0234,0
11,CA1-V1,naive,8,0.005,0,-0.031,4
11,CA1-V1,naive,9,0.0112,0,-0.0645,-3
11,CA1-V1,naive,10,0.024,0,-0.0429,-5
11,CA1-V1,naive,11,-0.0079,0,-0.0473,-1
11,CA1-V1,naive,12,0.0153,0,-0.0765,-1
11,CA1-V1,naive,13,0.0051,0,-0.0007,0
11,CA1-V1,naive,14,-0.0144,0,0.0009,1
11,CA1-V1,naive,15,-0.007,0,-0.0365,-1
11,CA1-V1,naive,16,-0.0204,0,-0.0372,-3
11,CA1-V1,naive,17,0.0068,0,-0.0517,-3
11,CA1-V1,naive,18,-0.0083,0,-0.0254,-4
11,CA1-V1,naive,19,0.0065,0,0.0265,4
11,CA1-V1,naive,20,0.0229,0,-0.0625,-3
11,CA1-V1,intermediate,1,0.083,0,-0.0475,-3
11,CA1-V1,intermediate,2,0.0408,0,0.0028,-2
11,CA1-V1,intermediate,3,0.0467,0,-0.0124,0
11,CA1-V1,intermediate,4,0.0266,0,0.0029,-4
11,CA1-V1,intermediate,5,-0.0018,0,0.0119,-5
11,CA1-V1,intermediate,6,0.0034,0,0.0056,0
11,CA1-V1,intermediate,7,0.0306,0,0.0282,3
11,CA1-V1,intermediate,8,0.0345,0,0.0132,0
11,CA1-V1,intermediate,9,0.017,0,0.0326,0
11,CA1-V1,intermediate,10,0.0105,0,0.0132,3
11,CA1-V1,intermediate,11,0.0263,0,0.0264,3
11,CA1-V1,intermediate,12,0.0104,0,0.0432,0
11,CA1-V1,intermediate,13,0.0009,0,0.0588,3
11,CA1-V1,intermediate,14,0.009,0,0.0095,0
11,CA1-V1,intermediate,15,-0.0045,0,0.0231,3
11,CA1-V1,intermediate,16,0.006,0,0.0546,3
11,CA1-V1,intermediate,17,0.0065,0,0.0424,3
11,CA1-V1,intermediate,18,-0.0038,0,0.0376,3
11,CA1-V1,intermediate,19,-0.0042,0,-0.0451,5
11,CA1-V1,intermediate,20,0.01,0,-0.0834,-2
11,CA1-V1,expert,1,0.2815,1,0.0449,0
11,CA1-V1,expert,2,0.2532,1,0.0304,-2
11,CA1-V1,expert,3,0.2482,1,0.019,2
11,CA1-V1,expert,4,0.2044,1,0.032,5
11,CA1-V1,expert,5,0.2245,1,0.0117,5
11,CA1-V1,expert,6,-0.1836,0,0.0063,0
11,CA1-V1,expert,7,-0.1888,0,0.0154,0
11,CA1-V1,expert,8,-0.2061,0,0.0233,5
11,CA1-V1,expert,9,-0.1864,0,0.0435,0
11,CA1-V1,expert,10,-0.0421,0,0.0516,0
11,CA1-V1,expert,11,-0.1919,0,0.0183,0
11,CA1-V1,expert,12,0.222,1,-0.0026,2
11,CA1-V1,expert,13,0.2092,1,-0.041,-1
11,CA1-V1,expert,14,0.2122,1,-0.024,-5
11,CA1-V1,expert,15,0.2182,1,-0.0142,-4
11,CA1-V1,expert,16,0.1919,1,0.0285,2
11,CA1-V1,expert,17,-0.1852,0,-0.0552,0
11,CA1-V1,expert,18,0.2101,1,-0.0182,0
11,CA1-V1,expert,19,-0.2102,0,0.0042,-3
11,CA1-V1,expert,20,0.1876,1,0.1652,0
11,DG-DMS,naive,1,0.014,0,0.0463,1
11,DG-DMS,naive,2,0.0116,0,0.0651,0
11,DG-DMS,naive,3,0.024,0,0.069,0
11,DG-DMS,naive,4,-0.0257,0,0.0342,1
11,DG-DMS,naive,5,-0.0086,0,0.0071,-2
11,DG-DMS,naive,6,0.0333,0,0.0819,0
11,DG-DMS,intermediate,1,0.0091,0,-0.0174,1
11,DG-DMS,intermediate,2,-0.0189,0,-0.1695,0
11,DG-DMS,intermediate,3,-0.0338,0,-0.1412,-5
11,DG-DMS,intermediate,4,-0.0124,0,-0.1102,-4
11,DG-DMS,intermediate,5,0.0143,0,-0.0432,0
11,DG-DMS,intermediate,6,0.0032,0,-0.0422,-5
11,DG-DMS,expert,1,0.1791,1,-0.0237,-3
11,DG-DMS,expert,2,-0.1956,0,-0.0663,-3
11,DG-DMS,expert,3,0.1853,1,0.016,3
11,DG-DMS,expert,4,-0.1994,0,-0.0968,-5
11,DG-DMS,expert,5,0.0208,0,-0.1166,-3
11,DG-DMS,expert,6,0.1719,1,-0.0953,-1
11,DG-DLS,naive,1,-0.0235,0,0.1386,3
11,DG-DLS,naive,2,0.0128,0,0.1456,3
11,DG-DLS,naive,3,-0.0108,0,0.0466,4
11,DG-DLS,naive,4,-0.0023,0,-0.0595,-4
11,DG-DLS,naive,5,0.0093,0,-0.2119,-1
11,DG-DLS,intermediate,1,-0.0284,0,-0.0144,-3
11,DG-DLS,intermediate,2,0.0082,0,0.134,2
11,DG-DLS,intermediate,3,0.0084,0,-0.0054,-2
11,DG-DLS,intermediate,4,0.0246,0,0.0016,-5
11,DG-DLS,expert,1,0.3221,1,-0.0951,0
11,DG-DLS,expert,2,-0.1279,0,0.2316,3
11,DG-DLS,expert,3,-0.1704,0,-0.0782,-5
11,DG-DLS,expert,4,-0.2294,0,-0.0737,-1
11,DG-DLS,expert,5,-0.2344,0,-0.2868,-5
11,DG-ACC,naive,1,0.0197,0,0.0295,3
11,DG-ACC,naive,2,0.0165,0,-0.0263,-2
11,DG-ACC,naive,3,-0.011,0,0.0301,5
11,DG-ACC,naive,4,0.0232,0,0.0252,1
11,DG-ACC,naive,5,-0.0254,0,0.0499,5
11,DG-ACC,naive,6,0.0092,0,0.1288,5
11,DG-ACC,intermediate,1,0.0048,0,-0.1067,-4
11,DG-ACC,intermediate,2,0.0476,0,-0.0964,-5
11,DG-ACC,intermediate,3,0.0306,0,-0.0565,-5
11,DG-ACC,intermediate,4,0.0148,0,-0.0597,0
11,DG-ACC,intermediate,5,0.0059,0,-0.0549,-5
11,DG-ACC,intermediate,6,-0.0074,0,-0.0463,-1
11,DG-ACC,expert,1,0.0215,0,-0.0361,-1
11,DG-ACC,expert,2,0.0556,0,-0.0002,-5
11,DG-ACC,expert,3,-0.0171,0,-0.0982,-3
11,DG-ACC,expert,4,-0.0086,0,-0.0832,-5
11,DG-ACC,expert,5,-0.0026,0,-0.0807,-5
11,DG-ACC,expert,6,0.0108,0,-0.0848,-1
11,DG-V1,naive,1,0.102,1,-0.1181,-1
11,DG-V1,naive,2,0.0417,0,-0.0299,2
11,DG-V1,naive,3,0.0268,0,-0.1032,-1
11,DG-V1,naive,4,0.0161,0,-0.06,-2
11,DG-V1,naive,5,0.0089,0,-0.0962,-2
11,DG-V1,naive,6,-0.0011,0,-0.0652,-3
11,DG-V1,intermediate,1,0.036,0,0.002,-3
11,DG-V1,intermediate,2,0.0249,0,-0.0143,-1
11,DG-V1,intermediate,3,-0.0066,0,0.009,2
11,DG-V1,intermediate,4,0.0414,0,0.0367,1
11,DG-V1,intermediate,5,0.0136,0,-0.0085,3
11,DG-V1,intermediate,6,0.0037,0,-0.0135,3
11,DG-V1,expert,1,-0.1724,0,-0.0763,-5
11,DG-V1,expert,2,-0.1672,0,0.0397,0
11,DG-V1,expert,3,0.2127,1,0.0607,0
11,DG-V1,expert,4,-0.183,0,0.0281,0
11,DG-V1,expert,5,-0.1946,0,0.0844,0
11,DG-V1,expert,6,-0.1959,0,0.1017,5
11,DG-CA1,naive,1,0.1867,1,-0.026,0
11,DG-CA1,naive,2,0.1084,1,0.0926,1
11,DG-CA1,naive,3,-0.0205,0,0.0053,-2
11,DG-CA1,naive,4,-0.0143,0,0.0344,3
11,DG-CA1,naive,5,0.0022,0,0.0224,-2
11,DG-CA1,naive,6,0.0013,0,-0.0233,0
11,DG-CA1,intermediate,1,0.3373,1,0.2417,0
11,DG-CA1,intermediate,2,0.1543,1,0.1461,1
11,DG-CA1,intermediate,3,0.0451,0,-0.1254,-1
11,DG-CA1,intermediate,4,0.0074,0,-0.0736,1
11,DG-CA1,intermediate,5,0.003,0,-0.1157,-3
11,DG-CA1,intermediate,6,-0.004,0,-0.1002,-5
11,DG-CA1,expert,1,0.512,1,0.108,0
11,DG-CA1,expert,2,0.3031,1,0.1297,1
11,DG-CA1,expert,3,-0.1829,0,-0.056,-5
11,DG-CA1,expert,4,-0.1761,0,-0.0168,0
11,DG-CA1,expert,5,0.2155,1,-0.035,-4
11,DG-CA1,expert,6,-0.2061,0,-0.093,-4
13,DMS-DLS,naive,1,-0.0159,0,0.1032,3
13,DMS-DLS,naive,2,-0.0042,0,0.1076,1
13,DMS-DLS,naive,3,-0.0007,0,0.1414,2
13,DMS-DLS,naive,4,0.0131,0,0.1863,0
13,DMS-DLS,naive,5,-0.0118,0,0.0312,0
13,DMS-DLS,intermediate,1,0.0736,1,0.0186,-5
13,DMS-DLS,intermediate,2,0.009,0,-0.0502,3
13,DMS-DLS,intermediate,3,0.0117,0,-0.0281,0
13,DMS-DLS,intermediate,4,-0.0064,0,-0.1565,-1
13,DMS-DLS,intermediate,5,0.0128,0,0.1334,0
13,DMS-DLS,expert,1,0.0018,0,0.4392,4
13,DMS-DLS,expert,2,0.0085,0,0.088,3
13,DMS-DLS,expert,3,0.0001,0,0.1252,3
13,DMS-DLS,expert,4,-0.0026,0,0.1494,4
13,DMS-DLS,expert,5,0.0031,0,0.1325,5
13,DMS-ACC,naive,1,-0.0029,0,-0.0963,-4
13,DMS-ACC,naive,2,-0.0233,0,0.0581,1
13,DMS-ACC,naive,3,-0.0133,0,0.0354,1
13,DMS-ACC,naive,4,0.007,0,0.0811,-4
13,DMS-ACC,naive,5,-0.0001,0,0.0083,-2
13,DMS-ACC,naive,6,0.0031,0,0.0889,3
13,DMS-ACC,naive,7,0.0045,0,0.3149,3
13,DMS-ACC,intermediate,1,-0.0013,0,0.0619,-5
13,DMS-ACC,intermediate,2,0.0173,0,0.0361,-5
13,DMS-ACC,intermediate,3,0.0,0,0.0539,3
13,DMS-ACC,intermediate,4,0.0029,0,0.0866,5
13,DMS-ACC,intermediate,5,0.0065,0,0.0957,5
13,DMS-ACC,intermediate,6,0.0138,0,0.0569,0
13,DMS-ACC,intermediate,7,-0.0048,0,0.6305,5
13,DMS-ACC,expert,1,0.026,0,0.1371,4
13,DMS-ACC,expert,2,0.007,0,0.0239,0
13,DMS-ACC,expert,3,0.0006,0,0.0353,0
13,DMS-ACC,expert,4,0.0033,0,0.038,0
13,DMS-ACC,expert,5,0.0058,0,0.0498,1
13,DMS-ACC,expert,6,0.0037,0,-0.0764,-5
13,DMS-ACC,expert,7,0.0048,0,0.0756,4
13,DLS-ACC,naive,1,0.0713,1,0.0389,0
13,DLS-ACC,naive,2,-0.015,0,-0.0855,-2
13,DLS-ACC,naive,3,0.0052,0,-0.0172,2
13,DLS-ACC,naive,4,0.0027,0,0.0755,2
13,DLS-ACC,naive,5,0.0065,0,0.1845,2
13,DLS-ACC,intermediate,1,0.0361,0,-0.0058,0
13,DLS-ACC,intermediate,2,0.0444,1,-0.0441,0
13,DLS-ACC,intermediate,3,0.0145,0,-0.0963,0
13,DLS-ACC,intermediate,4,-0.0296,0,0.0017,3
13,DLS-ACC,intermediate,5,-0.0028,0,0.0774,3
13,DLS-ACC,expert,1,0.0382,0,0.0218,0
13,DLS-ACC,expert,2,0.0035,0,0.0048,1
13,DLS-ACC,expert,3,-0.0162,0,-0.0141,-5
13,DLS-ACC,expert,4,-0.0054,0,-0.0037,-4
13,DLS-ACC,expert,5,0.0096,0,-0.0222,-5
13,V1-DMS,naive,1,0.009,0,0.0015,-3
13,V1-DMS,naive,2,-0.0043,0,0.0406,5
13,V1-DMS,naive,3,0.0071,0,0.0008,5
13,V1-DMS,naive,4,-0.0037,0,-0.0131,1
13,V1-DMS,naive,5,0.0068,0,-0.0328,-3
13,V1-DMS,naive,6,-0.008,0,-0.0453,-3
13,V1-DMS,naive,7,-0.0002,0,0.0374,-4
13,V1-DMS,intermediate,1,0.0255,0,-0.0038,-5
13,V1-DMS,intermediate,2,0.0083,0,-0.0067,-4
13,V1-DMS,intermediate,3,-0.0029,0,0.0124,2
13,V1-DMS,intermediate,4,0.0148,0,-0.0263,4
13,V1-DMS,intermediate,5,0.0106,0,-0.0408,-5
13,V1-DMS,intermediate,6,0.0253,0,0.036,3
13,V1-DMS,intermediate,7,0.0047,0,-0.0699,-4
13,V1-DMS,expert,1,0.0116,0,0.0159,-1
13,V1-DMS,expert,2,0.0223,0,-0.0375,-1
13,V1-DMS,expert,3,0.0094,0,0.0029,0
13,V1-DMS,expert,4,0.0051,0,0.012,0
13,V1-DMS,expert,5,-0.021,0,-0.0072,-3
13,V1-DMS,expert,6,-0.0018,0,0.0247,-3
13,V1-DMS,expert,7,0.0183,0,0.0986,0
13,V1-DLS,naive,1,0.0119,0,-0.0972,-2
13,V1-DLS,naive,2,0.0171,0,-0.1132,-2
13,V1-DLS,naive,3,0.0001,0,-0.1245,-4
13,V1-DLS,naive,4,-0.0087,0,-0.0696,-5
13,V1-DLS,naive,5,-0.0064,0,-0.111,-5
13,V1-DLS,intermediate,1,0.0778,0,-0.0011,0
13,V1-DLS,intermediate,2,0.0109,0,0.038,2
13,V1-DLS,intermediate,3,0.0142,0,0.0547,2
13,V1-DLS,intermediate,4,-0.0053,0,-0.0561,-3
13,V1-DLS,intermediate,5,-0.0011,0,0.0331,5
13,V1-DLS,expert,1,0.0703,0,-0.0035,-2
13,V1-DLS,expert,2,0.0345,0,-0.0485,-4
13,V1-DLS,expert,3,-0.002,0,-0.0357,-4
13,V1-DLS,expert,4,-0.0072,0,-0.019,-4
13,V1-DLS,expert,5,-0.0042,0,-0.0838,-4
13,V1-ACC,naive,1,0.0255,0,0.0036,-1
13,V1-ACC,naive,2,-0.0156,0,-0.0172,-4
13,V1-ACC,naive,3,0.0055,0,0.0312,4
13,V1-ACC,naive,4,-0.0006,0,-0.0014,4
13,V1-ACC,naive,5,0.0115,0,-0.0091,-2
13,V1-ACC,naive,6,-0.0036,0,0.0152,1
13,V1-ACC,naive,7,-0.0198,0,0.014,-5
13,V1-ACC,intermediate,1,0.0521,0,-0.0009,-1
13,V1-ACC,intermediate,2,-0.001,0,-0.0071,-4
13,V1-ACC,intermediate,3,0.0026,0,0.0241,0
13,V1-ACC,intermediate,4,0.0184,0,0.0274,2
13,V1-ACC,intermediate,5,0.0087,0,-0.0084,1
13,V1-ACC,intermediate,6,0.0024,0,-0.0065,-5
13,V1-ACC,intermediate,7,0.019,0,0.0764,3
13,V1-ACC,expert,1,0.0327,0,0.1004,5
13,V1-ACC,expert,2,0.0277,0,0.0429,1
13,V1-ACC,expert,3,0.0055,0,-0.0329,-3
13,V1-ACC,expert,4,0.0031,0,-0.0166,-3
13,V1-ACC,expert,5,0.0022,0,0.0341,1
13,V1-ACC,expert,6,-0.0083,0,-0.027,-3
13,V1-ACC,expert,7,-0.0086,0,-0.0204,-4
13,CA1-DMS,naive,1,0.0211,0,-0.0021,-4
13,CA1-DMS,naive,2,-0.0041,0,-0.038,-3
13,CA1-DMS,naive,3,0.0127,0,-0.0256,-4
13,CA1-DMS,naive,4,-0.0057,0,0.005,-4
13,CA1-DMS,naive,5,0.0161,0,0.0004,-4
13,CA1-DMS,naive,6,-0.0095,0,-0.0592,-4
13,CA1-DMS,naive,7,-0.0031,0,-0.0637,-3
13,CA1-DMS,intermediate,1,0.0612,0,-0.081,0
13,CA1-DMS,intermediate,2,0.0257,0,0.0283,1
13,CA1-DMS,intermediate,3,0.0139,0,-0.0416,0
13,CA1-DMS,intermediate,4,0.0215,0,-0.0468,-1
13,CA1-DMS,intermediate,5,-0.0132,0,-0.0455,-1
13,CA1-DMS,intermediate,6,0.0033,0,-0.0807,-1
13,CA1-DMS,intermediate,7,-0.0192,0,-0.045,1
13,CA1-DMS,expert,1,0.0704,0,-0.0569,-2
13,CA1-DMS,expert,2,0.0309,0,0.0181,4
13,CA1-DMS,expert,3,0.0147,0,0.0499,3
13,CA1-DMS,expert,4,-0.0099,0,0.0619,4
13,CA1-DMS,expert,5,0.0108,0,0.0727,4
13,CA1-DMS,expert,6,-0.0038,0,-0.011,-1
13,CA1-DMS,expert,7,-0.0015,0,-0.0167,-3
13,CA1-DLS,naive,1,0.0074,0,-0.0162,-2
13,CA1-DLS,naive,2,-0.0044,0,-0.0119,-3
13,CA1-DLS,naive,3,0.0035,0,0.0112,2
13,CA1-DLS,naive,4,-0.0027,0,-0.0434,4
13,CA1-DLS,naive,5,0.0031,0,-0.049,-5
13,CA1-DLS,intermediate,1,0.0429,0,-0.0438,-1
13,CA1-DLS,intermediate,2,0.0182,0,0.0656,2
13,CA1-DLS,intermediate,3,0.0005,0,0.0557,3
13,CA1-DLS,intermediate,4,0.0064,0,0.0099,0
13,CA1-DLS,intermediate,5,0.0143,0,0.0069,-2
13,CA1-DLS,expert,1,0.0361,0,0.0392,0
13,CA1-DLS,expert,2,-0.0069,0,0.014,-3
13,CA1-DLS,expert,3,0.007,0,0.0244,2
13,CA1-DLS,expert,4,0.0102,0,0.0316,0
13,CA1-DLS,expert,5,0.0001,0,0.0948,0
13,CA1-ACC,naive,1,0.0394,0,-0.0237,1
13,CA1-ACC,naive,2,0.0002,0,0.0343,5
13,CA1-ACC,naive,3,0.0013,0,0.0544,5
13,CA1-ACC,naive,4,0.0131,0,0.044,-2
13,CA1-ACC,naive,5,0.0197,0,0.0404,2
13,CA1-ACC,naive,6,0.0116,0,0.038,5
13,CA1-ACC,naive,7,-0.0053,0,0.0394,4
13,CA1-ACC,intermediate,1,0.0398,0,0.0169,-5
13,CA1-ACC,intermediate,2,0.0058,0,0.0337,4
13,CA1-ACC,intermediate,3,-0.0052,0,0.001,-1
13,CA1-ACC,intermediate,4,0.0074,0,0.0441,4
13,CA1-ACC,intermediate,5,0.0079,0,0.0383,4
13,CA1-ACC,intermediate,6,0.0086,0,0.0202,3
13,CA1-ACC,intermediate,7,0.0034,0,0.0088,5
13,CA1-ACC,expert,1,0.062,0,0.0109,-4
13,CA1-ACC,expert,2,-0.0135,0,-0.0757,-4
13,CA1-ACC,expert,3,-0.0032,0,-0.0518,3
13,CA1-ACC,expert,4,0.0159,0,-0.0167,3
13,CA1-ACC,expert,5,-0.0007,0,-0.0351,3
13,CA1-ACC,expert,6,0.0127,0,-0.063,-4
13,CA1-ACC,expert,7,0.0133,0,-0.0635,-4
13,CA1-V1,naive,1,0.1904,1,0.1173,1
13,CA1-V1,naive,2,0.0929,1,0.0473,1
13,CA1-V1,naive,3,0.0259,0,-0.0691,-3
13,CA1-V1,naive,4,-0.0011,0,-0.0668,-5
13,CA1-V1,naive,5,0.0009,0,-0.0399,-1
13,CA1-V1,naive,6,-0.0004,0,-0.0206,-3
13,CA1-V1,naive,7,0.0057,0,-0.0155,-3
13,CA1-V1,naive,8,-0.0015,0,-0.0194,-1
13,CA1-V1,naive,9,-0.0003,0,0.0167,1
13,CA1-V1,naive,10,0.01,0,-0.0003,-1
13,CA1-V1,naive,11,-0.0045,0,-0.0073,1
13,CA1-V1,naive,12,0.0096,0,-0.0063,0
13,CA1-V1,naive,13,0.0069,0,0.03,1
13,CA1-V1,naive,14,0.015,0,-0.0357,0
13,CA1-V1,naive,15,0.0015,0,0.0107,-1
13,CA1-V1,naive,16,0.0129,0,-0.0313,3
13,CA1-V1,naive,17,-0.0092,0,-0.0399,4
13,CA1-V1,naive,18,0.0083,0,-0.0096,4
13,CA1-V1,naive,19,0.0046,0,-0.09,0
13,CA1-V1,naive,20,0.0003,0,0.4695,3
13,CA1-V1,intermediate,1,0.2577,1,0.0772,0
13,CA1-V1,intermediate,2,0.0431,0,0.0857,3
13,CA1-V1,intermediate,3,0.0204,0,0.0032,4
13,CA1-V1,intermediate,4,0.0249,0,0.0002,-1
13,CA1-V1,intermediate,5,0.0127,0,0.0356,1
13,CA1-V1,intermediate,6,0.0011,0,-0.0029,0
13,CA1-V1,intermediate,7,0.02,0,-0.0068,0
13,CA1-V1,intermediate,8,0.0079,0,0.0056,0
13,CA1-V1,intermediate,9,0.0092,0,0.0178,0
13,CA1-V1,intermediate,10,0.0227,0,0.0083,1
13,CA1-V1,intermediate,11,0.0084,0,0.0217,1
13,CA1-V1,intermediate,12,0.009,0,-0.0027,-5
13,CA1-V1,intermediate,13,0.008,0,-0.0083,1
13,CA1-V1,intermediate,14,0.0069,0,-0.0211,-5
13,CA1-V1,intermediate,15,-0.0007,0,-0.0237,3
13,CA1-V1,intermediate,16,-0.0034,0,0.0225,1
13,CA1-V1,intermediate,17,0.0076,0,0.0479,-5
13,CA1-V1,intermediate,18,-0.0154,0,0.1982,2
13,CA1-V1,intermediate,19,0.0026,0,0.0992,5
13,CA1-V1,intermediate,20,0.0024,0,0.7342,1
13,CA1-V1,expert,1,0.2565,1,0.0482,0
13,CA1-V1,expert,2,0.0461,0,0.0189,-3
13,CA1-V1,expert,3,0.0592,0,0.0015,0
13,CA1-V1,expert,4,-0.0097,0,0.0095,2
13,CA1-V1,expert,5,0.0056,0,-0.0033,1
13,CA1-V1,expert,6,0.0008,0,-0.0079,-4
13,CA1-V1,expert,7,-0.0043,0,-0.0104,-4
13,CA1-V1,expert,8,0.0152,0,-0.0049,0
13,CA1-V1,expert,9,-0.0058,0,-0.01,-3
13,CA1-V1,expert,10,0.0028,0,0.0198,3
13,CA1-V1,expert,11,0.0088,0,0.0204,3
13,CA1-V1,expert,12,0.0145,0,-0.0112,-3
13,CA1-V1,expert,13,-0.0003,0,-0.0175,1
13,CA1-V1,expert,14,-0.0021,0,0.0076,1
13,CA1-V1,expert,15,-0.0193,0,0.0562,4
13,CA1-V1,expert,16,0.0054,0,0.0281,4
13,CA1-V1,expert,17,-0.0087,0,0.0151,4
13,CA1-V1,expert,18,0.0221,0,0.1074,1
13,CA1-V1,expert,19,0.0026,0,-0.0087,-3
13,CA1-V1,expert,20,0.0095,0,0.2576,3
14,DMS-DLS,naive,1,0.0666,0,0.0209,3
14,DMS-DLS,naive,2,0.0327,0,-0.0,0
14,DMS-DLS,naive,3,0.0269,0,0.0099,-1
14,DMS-DLS,naive,4,-0.006,0,0.0046,0
14,DMS-DLS,naive,5,0.0379,0,-0.0018,-1
14,DMS-DLS,naive,6,0.0187,0,-0.0026,3
14,DMS-DLS,naive,7,-0.0165,0,-0.0357,-1
14,DMS-DLS,naive,8,0.012,0,-0.0322,-4
14,DMS-DLS,naive,9,-0.0014,0,-0.01,4
14,DMS-DLS,naive,10,0.0035,0,-0.0269,3
14,DMS-DLS,naive,11,-0.0182,0,-0.0416,-1
14,DMS-DLS,naive,12,-0.0146,0,-0.0415,-4
14,DMS-DLS,naive,13,-0.0261,0,-0.0311,-4
14,DMS-DLS,naive,14,-0.0172,0,-0.0254,-4
14,DMS-DLS,naive,15,-0.0105,0,-0.0166,3
14,DMS-DLS,naive,16,-0.017,0,0.0014,3
14,DMS-DLS,naive,17,-0.0064,0,0.0099,1
14,DMS-DLS,naive,18,-0.0116,0,-0.075,-1
14,DMS-DLS,naive,19,0.0024,0,-0.179,-1
14,DMS-DLS,naive,20,0.0052,0,-0.3407,-4
14,DMS-DLS,intermediate,1,0.0122,0,0.1379,3
14,DMS-DLS,intermediate,2,0.0273,0,0.0977,3
14,DMS-DLS,intermediate,3,0.0408,0,0.0586,3
14,DMS-DLS,intermediate,4,-0.0196,0,0.0355,3
14,DMS-DLS,intermediate,5,-0.005,0,0.0217,3
14,DMS-DLS,intermediate,6,0.0058,0,0.0144,3
14,DMS-DLS,intermediate,7,0.0206,0,0.009,3
14,DMS-DLS,intermediate,8,-0.0082,0,-0.0049,-3
14,DMS-DLS,intermediate,9,0.0241,0,0.0001,0
14,DMS-DLS,intermediate,10,0.0279,0,-0.0227,-3
14,DMS-DLS,intermediate,11,0.0296,0,0.0008,0
14,DMS-DLS,intermediate,12,-0.005,0,0.0467,0
14,DMS-DLS,intermediate,13,-0.0193,0,0.0552,0
14,DMS-DLS,intermediate,14,0.006,0,0.0739,3
14,DMS-DLS,intermediate,15,0.0123,0,0.0772,3
14,DMS-DLS,intermediate,16,0.0319,0,0.0933,3
14,DMS-DLS,intermediate,17,0.0052,0,0.1413,2
14,DMS-DLS,intermediate,18,-0.0113,0,0.1513,-5
14,DMS-DLS,intermediate,19,-0.0102,0,0.0563,-5
14,DMS-DLS,intermediate,20,0.0178,0,-0.1205,-5
14,DMS-DLS,expert,1,0.1005,0,0.0852,5
14,DMS-DLS,expert,2,0.0541,0,0.0625,4
14,DMS-DLS,expert,3,-0.0155,0,0.0287,1
14,DMS-DLS,expert,4,-0.0177,0,0.018,5
14,DMS-DLS,expert,5,-0.0057,0,0.0124,1
14,DMS-DLS,expert,6,0.0081,0,0.0077,0
14,DMS-DLS,expert,7,0.0283,0,0.0202,0
14,DMS-DLS,expert,8,0.0097,0,0.0422,2
14,DMS-DLS,expert,9,-0.0112,0,0.021,2
14,DMS-DLS,expert,10,0.0075,0,0.0149,-1
14,DMS-DLS,expert,11,0.0036,0,0.0195,2
14,DMS-DLS,expert,12,0.0142,0,-0.0206,0
14,DMS-DLS,expert,13,0.012,0,-0.0444,0
14,DMS-DLS,expert,14,-0.0111,0,0.0047,1
14,DMS-DLS,expert,15,0.0075,0,-0.0549,-1
14,DMS-DLS,expert,16,-0.0331,0,-0.1637,-2
14,DMS-DLS,expert,17,0.0138,0,-0.071,-1
14,DMS-DLS,expert,18,-0.0024,0,0.0455,1
14,DMS-DLS,expert,19,0.005,0,0.0768,1
14,DMS-DLS,expert,20,-0.0028,0,0.0573,2
14,DMS-ACC,naive,1,0.0476,0,-0.1672,0
14,DMS-ACC,naive,2,-0.003,0,-0.1868,-3
14,DMS-ACC,naive,3,0.0268,0,-0.158,-3
14,DMS-ACC,naive,4,0.0407,0,-0.1726,-3
14,DMS-ACC,naive,5,0.013,0,-0.1784,-3
14,DMS-ACC,naive,6,0.0178,0,-0.1242,-1
14,DMS-ACC,naive,7,-0.0012,0,-0.1507,-1
14,DMS-ACC,naive,8,0.0116,0,-0.1385,-1
14,DMS-ACC,naive,9,-0.015,0,-0.1547,-3
14,DMS-ACC,naive,10,-0.0036,0,-0.1533,-1
14,DMS-ACC,naive,11,-0.0027,0,-0.1615,-3
14,DMS-ACC,naive,12,0.0166,0,-0.2372,-1
14,DMS-ACC,naive,13,-0.0113,0,-0.4553,-3
14,DMS-ACC,intermediate,1,0.0041,0,-0.1694,-2
14,DMS-ACC,intermediate,2,-0.009,0,-0.0894,0
14,DMS-ACC,intermediate,3,0.0086,0,-0.058,-1
14,DMS-ACC,intermediate,4,-0.0087,0,-0.0386,0
14,DMS-ACC,intermediate,5,0.0171,0,-0.0528,-1
14,DMS-ACC,intermediate,6,0.0115,0,-0.0859,-1
14,DMS-ACC,intermediate,7,0.0141,0,-0.1105,-1
14,DMS-ACC,intermediate,8,-0.0021,0,-0.0857,-1
14,DMS-ACC,intermediate,9,-0.0042,0,-0.089,-1
14,DMS-ACC,intermediate,10,0.0002,0,-0.0911,-1
14,DMS-ACC,intermediate,11,0.0015,0,-0.1244,-1
14,DMS-ACC,intermediate,12,-0.0135,0,-0.1393,-1
14,DMS-ACC,intermediate,13,-0.0128,0,-0.1359,0
14,DMS-ACC,intermediate,14,-0.0073,0,-0.1729,0
14,DMS-ACC,intermediate,15,-0.0021,0,-0.2284,-1
14,DMS-ACC,intermediate,16,0.0433,0,-0.0374,-1
14,DMS-ACC,intermediate,17,0.0104,0,-0.02,-1
14,DMS-ACC,expert,1,0.083,0,-0.0658,5
14,DMS-ACC,expert,2,0.025,0,-0.1343,-3
14,DMS-ACC,expert,3,0.0357,0,-0.1775,-2
14,DMS-ACC,expert,4,0.0675,0,-0.1578,-2
14,DMS-ACC,expert,5,-0.0044,0,-0.1496,-2
14,DMS-ACC,expert,6,0.0139,0,-0.154,-2
14,DMS-ACC,expert,7,0.0282,0,-0.1366,-2
14,DMS-ACC,expert,8,0.0029,0,-0.1345,-2
14,DMS-ACC,expert,9,0.0264,0,-0.1555,-2
14,DMS-ACC,expert,10,0.0255,0,-0.1155,-2
14,DMS-ACC,expert,11,0.0065,0,-0.1627,-2
14,DMS-ACC,expert,12,-0.0116,0,-0.1072,-2
14,DMS-ACC,expert,13,0.0058,0,-0.1187,-2
14,DMS-ACC,expert,14,0.0107,0,-0.1104,-2
14,DMS-ACC,expert,15,-0.0027,0,-0.0833,-2
14,DMS-ACC,expert,16,0.0081,0,-0.1707,-2
14,DMS-ACC,expert,17,-0.0046,0,-0.0465,-1
14,DLS-ACC,naive,1,0.0309,0,-0.0221,-1
14,DLS-ACC,naive,2,0.0139,0,-0.0631,-1
14,DLS-ACC,naive,3,-0.0094,0,0.0235,2
14,DLS-ACC,naive,4,-0.0001,0,0.0122,5
14,DLS-ACC,naive,5,0.021,0,0.0194,5
14,DLS-ACC,naive,6,0.005,0,0.0152,1
14,DLS-ACC,naive,7,-0.0017,0,0.0479,5
14,DLS-ACC,naive,8,0.0046,0,0.0379,-1
14,DLS-ACC,naive,9,-0.0065,0,0.035,-1
14,DLS-ACC,naive,10,-0.0155,0,0.0516,-1
14,DLS-ACC,naive,11,-0.0141,0,-0.0078,1
14,DLS-ACC,naive,12,-0.0051,0,0.0275,-1
14,DLS-ACC,naive,13,0.0062,0,0.0589,0
14,DLS-ACC,intermediate,1,-0.0124,0,0.0904,-3
14,DLS-ACC,intermediate,2,0.0121,0,0.0188,-3
14,DLS-ACC,intermediate,3,-0.0117,0,-0.0069,-3
14,DLS-ACC,intermediate,4,-0.0069,0,0.0113,2
14,DLS-ACC,intermediate,5,-0.017,0,0.043,1
14,DLS-ACC,intermediate,6,0.0037,0,0.0311,1
14,DLS-ACC,intermediate,7,0.0031,0,0.0512,1
14,DLS-ACC,intermediate,8,0.003,0,0.0259,1
14,DLS-ACC,intermediate,9,0.0076,0,0.0127,1
14,DLS-ACC,intermediate,10,-0.0023,0,0.0332,1
14,DLS-ACC,intermediate,11,-0.0141,0,0.0851,1
14,DLS-ACC,intermediate,12,-0.0035,0,0.1592,1
14,DLS-ACC,intermediate,13,-0.0041,0,0.1644,1
14,DLS-ACC,intermediate,14,0.01,0,0.1299,-3
14,DLS-ACC,intermediate,15,-0.0043,0,0.2378,1
14,DLS-ACC,intermediate,16,0.0026,0,0.2203,1
14,DLS-ACC,intermediate,17,-0.0043,0,0.1161,1
14,DLS-ACC,expert,1,0.009,0,-0.0699,-1
14,DLS-ACC,expert,2,0.01,0,-0.0304,-3
14,DLS-ACC,expert,3,0.0006,0,-0.0411,3
14,DLS-ACC,expert,4,0.0029,0,-0.0387,-3
14,DLS-ACC,expert,5,0.0154,0,-0.033,-3
14,DLS-ACC,expert,6,0.0139,0,-0.0609,-3
14,DLS-ACC,expert,7,-0.0099,0,-0.0682,-1
14,DLS-ACC,expert,8,0.0104,0,-0.0422,0
14,DLS-ACC,expert,9,0.0106,0,-0.0628,0
14,DLS-ACC,expert,10,0.0178,0,-0.0389,1
14,DLS-ACC,expert,11,-0.0165,0,-0.0556,0
14,DLS-ACC,expert,12,0.0181,0,-0.047,3
14,DLS-ACC,expert,13,-0.0045,0,-0.1377,-1
14,DLS-ACC,expert,14,-0.0129,0,-0.1402,-1
14,DLS-ACC,expert,15,-0.0048,0,-0.0053,3
14,DLS-ACC,expert,16,-0.0102,0,0.0555,3
14,DLS-ACC,expert,17,-0.0142,0,0.1476,3
