animal,pair,epoch,lag_bin,lag_ms,cc1
1,DMS-DLS,naive,-2,-50,0.3159
1,DMS-DLS,naive,-1,-25,0.327
1,DMS-DLS,naive,0,0,0.333
1,DMS-DLS,naive,1,25,0.3368
1,DMS-DLS,naive,2,50,0.3304
1,DMS-DLS,intermediate,-2,-50,0.3446
1,DMS-DLS,intermediate,-1,-25,0.3237
1,DMS-DLS,intermediate,0,0,0.3646
1,DMS-DLS,intermediate,1,25,0.3299
1,DMS-DLS,intermediate,2,50,0.3329
1,DMS-DLS,expert,-2,-50,0.2565
1,DMS-DLS,expert,-1,-25,0.2543
1,DMS-DLS,expert,0,0,0.2828
1,DMS-DLS,expert,1,25,0.2489
1,DMS-DLS,expert,2,50,0.2555
1,DMS-ACC,naive,-2,-50,0.3631
1,DMS-ACC,naive,-1,-25,0.468
1,DMS-ACC,naive,0,0,0.5659
1,DMS-ACC,naive,1,25,0.4927
1,DMS-ACC,naive,2,50,0.4376
1,DMS-ACC,intermediate,-2,-50,0.3077
1,DMS-ACC,intermediate,-1,-25,0.3485
1,DMS-ACC,intermediate,0,0,0.4009
1,DMS-ACC,intermediate,1,25,0.3651
1,DMS-ACC,intermediate,2,50,0.3599
1,DMS-ACC,expert,-2,-50,0.3074
1,DMS-ACC,expert,-1,-25,0.3101
1,DMS-ACC,expert,0,0,0.3726
1,DMS-ACC,expert,1,25,0.3218
1,DMS-ACC,expert,2,50,0.318
1,DLS-ACC,naive,-2,-50,0.2149
1,DLS-ACC,naive,-1,-25,0.1399
1,DLS-ACC,naive,0,0,0.1499
1,DLS-ACC,naive,1,25,0.1396
1,DLS-ACC,naive,2,50,0.197
1,DLS-ACC,intermediate,-2,-50,0.1434
1,DLS-ACC,intermediate,-1,-25,0.1162
1,DLS-ACC,intermediate,0,0,0.1485
1,DLS-ACC,intermediate,1,25,0.1367
1,DLS-ACC,intermediate,2,50,0.1203
1,DLS-ACC,expert,-2,-50,0.1208
1,DLS-ACC,expert,-1,-25,0.1666
1,DLS-ACC,expert,0,0,0.1336
1,DLS-ACC,expert,1,25,0.1218
1,DLS-ACC,expert,2,50,0.1163
2,DMS-DLS,naive,-2,-50,0.2752
2,DMS-DLS,naive,-1,-25,0.2657
2,DMS-DLS,naive,0,0,0.3018
2,DMS-DLS,naive,1,25,0.3029
2,DMS-DLS,naive,2,50,0.3099
2,DMS-DLS,intermediate,-2,-50,0.2587
2,DMS-DLS,intermediate,-1,-25,0.2397
2,DMS-DLS,intermediate,0,0,0.2524
2,DMS-DLS,intermediate,1,25,0.2335
2,DMS-DLS,intermediate,2,50,0.2225
2,DMS-DLS,expert,-2,-50,0.2328
2,DMS-DLS,expert,-1,-25,0.25
2,DMS-DLS,expert,0,0,0.2502
2,DMS-DLS,expert,1,25,0.2269
2,DMS-DLS,expert,2,50,0.2286
2,DMS-ACC,naive,-2,-50,0.1477
2,DMS-ACC,naive,-1,-25,0.1997
2,DMS-ACC,naive,0,0,0.3211
2,DMS-ACC,naive,1,25,0.2455
2,DMS-ACC,naive,2,50,0.1594
2,DMS-ACC,intermediate,-2,-50,0.2519
2,DMS-ACC,intermediate,-1,-25,0.2547
2,DMS-ACC,intermediate,0,0,0.2765
2,DMS-ACC,intermediate,1,25,0.2603
2,DMS-ACC,intermediate,2,50,0.2338
2,DMS-ACC,expert,-2,-50,0.2261
2,DMS-ACC,expert,-1,-25,0.2504
2,DMS-ACC,expert,0,0,0.2715
2,DMS-ACC,expert,1,25,0.2663
2,DMS-ACC,expert,2,50,0.2397
2,DLS-ACC,naive,-2,-50,0.1625
2,DLS-ACC,naive,-1,-25,0.1626
2,DLS-ACC,naive,0,0,0.1624
2,DLS-ACC,naive,1,25,0.18
2,DLS-ACC,naive,2,50,0.1673
2,DLS-ACC,intermediate,-2,-50,0.1903
2,DLS-ACC,intermediate,-1,-25,0.181
2,DLS-ACC,intermediate,0,0,0.1838
2,DLS-ACC,intermediate,1,25,0.16
2,DLS-ACC,intermediate,2,50,0.159
2,DLS-ACC,expert,-2,-50,0.1933
2,DLS-ACC,expert,-1,-25,0.1929
2,DLS-ACC,expert,0,0,0.1909
2,DLS-ACC,expert,1,25,0.1718
2,DLS-ACC,expert,2,50,0.169
4,DMS-DLS,naive,-2,-50,0.2155
4,DMS-DLS,naive,-1,-25,0.2657
4,DMS-DLS,naive,0,0,0.2527
4,DMS-DLS,naive,1,25,0.5869
4,DMS-DLS,naive,2,50,0.2062
4,DMS-DLS,intermediate,-2,-50,0.2635
4,DMS-DLS,intermediate,-1,-25,0.0934
4,DMS-DLS,intermediate,0,0,0.106
4,DMS-DLS,intermediate,1,25,0.0858
4,DMS-DLS,intermediate,2,50,0.1478
4,DMS-DLS,expert,-2,-50,0.1352
4,DMS-DLS,expert,-1,-25,0.1365
4,DMS-DLS,expert,0,0,0.1361
4,DMS-DLS,expert,1,25,0.1429
4,DMS-DLS,expert,2,50,0.0999
4,DMS-ACC,naive,-2,-50,0.1161
4,DMS-ACC,naive,-1,-25,0.1474
4,DMS-ACC,naive,0,0,0.1981
4,DMS-ACC,naive,1,25,0.1116
4,DMS-ACC,naive,2,50,0.1128
4,DMS-ACC,intermediate,-2,-50,0.1173
4,DMS-ACC,intermediate,-1,-25,0.1501
4,DMS-ACC,intermediate,0,0,0.1299
4,DMS-ACC,intermediate,1,25,0.2059
4,DMS-ACC,intermediate,2,50,0.1284
4,DMS-ACC,expert,-2,-50,0.1538
4,DMS-ACC,expert,-1,-25,0.324
4,DMS-ACC,expert,0,0,0.2725
4,DMS-ACC,expert,1,25,0.1274
4,DMS-ACC,expert,2,50,0.1257
4,DLS-ACC,naive,-2,-50,0.2921
4,DLS-ACC,naive,-1,-25,0.282
4,DLS-ACC,naive,0,0,0.3025
4,DLS-ACC,naive,1,25,0.2916
4,DLS-ACC,naive,2,50,0.2818
4,DLS-ACC,intermediate,-2,-50,0.4052
4,DLS-ACC,intermediate,-1,-25,0.3857
4,DLS-ACC,intermediate,0,0,0.3761
4,DLS-ACC,intermediate,1,25,0.4083
4,DLS-ACC,intermediate,2,50,0.3985
4,DLS-ACC,expert,-2,-50,0.368
4,DLS-ACC,expert,-1,-25,0.3503
4,DLS-ACC,expert,0,0,0.3485
4,DLS-ACC,expert,1,25,0.3476
4,DLS-ACC,expert,2,50,0.3507
5,DMS-DLS,naive,-2,-50,0.2192
5,DMS-DLS,naive,-1,-25,0.2424
5,DMS-DLS,naive,0,0,0.313
5,DMS-DLS,naive,1,25,0.2011
5,DMS-DLS,naive,2,50,0.2274
5,DMS-DLS,intermediate,-2,-50,0.3469
5,DMS-DLS,intermediate,-1,-25,0.3584
5,DMS-DLS,intermediate,0,0,0.532
5,DMS-DLS,intermediate,1,25,0.3826
5,DMS-DLS,intermediate,2,50,0.2806
5,DMS-DLS,expert,-2,-50,0.3024
5,DMS-DLS,expert,-1,-25,0.3253
5,DMS-DLS,expert,0,0,0.4242
5,DMS-DLS,expert,1,25,0.3151
5,DMS-DLS,expert,2,50,0.2688
5,DMS-ACC,naive,-2,-50,0.2446
5,DMS-ACC,naive,-1,-25,0.253
5,DMS-ACC,naive,0,0,0.3643
5,DMS-ACC,naive,1,25,0.2507
5,DMS-ACC,naive,2,50,0.246
5,DMS-ACC,intermediate,-2,-50,0.1549
5,DMS-ACC,intermediate,-1,-25,0.1827
5,DMS-ACC,intermediate,0,0,0.2197
5,DMS-ACC,intermediate,1,25,0.1902
5,DMS-ACC,intermediate,2,50,0.1685
5,DMS-ACC,expert,-2,-50,0.1689
5,DMS-ACC,expert,-1,-25,0.1719
5,DMS-ACC,expert,0,0,0.2009
5,DMS-ACC,expert,1,25,0.1612
5,DMS-ACC,expert,2,50,0.1434
5,DLS-ACC,naive,-2,-50,0.2616
5,DLS-ACC,naive,-1,-25,0.2596
5,DLS-ACC,naive,0,0,0.2892
5,DLS-ACC,naive,1,25,0.2635
5,DLS-ACC,naive,2,50,0.2955
5,DLS-ACC,intermediate,-2,-50,0.3782
5,DLS-ACC,intermediate,-1,-25,0.4025
5,DLS-ACC,intermediate,0,0,0.5028
5,DLS-ACC,intermediate,1,25,0.3956
5,DLS-ACC,intermediate,2,50,0.3763
5,DLS-ACC,expert,-2,-50,0.3773
5,DLS-ACC,expert,-1,-25,0.389
5,DLS-ACC,expert,0,0,0.493
5,DLS-ACC,expert,1,25,0.3772
5,DLS-ACC,expert,2,50,0.3745
6,DMS-ACC,naive,-2,-50,0.0433
6,DMS-ACC,naive,-1,-25,0.0355
6,DMS-ACC,naive,0,0,0.0541
6,DMS-ACC,naive,1,25,0.05
6,DMS-ACC,naive,2,50,0.0481
6,DMS-ACC,intermediate,-2,-50,0.0742
6,DMS-ACC,intermediate,-1,-25,0.1291
6,DMS-ACC,intermediate,0,0,0.1069
6,DMS-ACC,intermediate,1,25,0.1163
6,DMS-ACC,intermediate,2,50,0.0929
6,DMS-ACC,expert,-2,-50,0.0485
6,DMS-ACC,expert,-1,-25,0.0655
6,DMS-ACC,expert,0,0,0.0702
6,DMS-ACC,expert,1,25,0.0871
6,DMS-ACC,expert,2,50,0.0268
7,DMS-ACC,naive,-2,-50,0.2998
7,DMS-ACC,naive,-1,-25,0.3004
7,DMS-ACC,naive,0,0,0.3135
7,DMS-ACC,naive,1,25,0.2845
7,DMS-ACC,naive,2,50,0.2778
7,DMS-ACC,intermediate,-2,-50,0.1997
7,DMS-ACC,intermediate,-1,-25,0.2058
7,DMS-ACC,intermediate,0,0,0.2295
7,DMS-ACC,intermediate,1,25,0.2067
7,DMS-ACC,intermediate,2,50,0.2067
7,DMS-ACC,expert,-2,-50,0.1851
7,DMS-ACC,expert,-1,-25,0.1795
7,DMS-ACC,expert,0,0,0.1796
7,DMS-ACC,expert,1,25,0.1757
7,DMS-ACC,expert,2,50,0.1789
9,DMS-ACC,naive,-2,-50,0.1967
9,DMS-ACC,naive,-1,-25,0.1922
9,DMS-ACC,naive,0,0,0.2221
9,DMS-ACC,naive,1,25,0.1927
9,DMS-ACC,naive,2,50,0.1997
9,DMS-ACC,intermediate,-2,-50,0.1875
9,DMS-ACC,intermediate,-1,-25,0.1805
9,DMS-ACC,intermediate,0,0,0.1601
9,DMS-ACC,intermediate,1,25,0.1871
9,DMS-ACC,intermediate,2,50,0.1825
9,DMS-ACC,expert,-2,-50,0.1928
9,DMS-ACC,expert,-1,-25,0.1678
9,DMS-ACC,expert,0,0,0.1884
9,DMS-ACC,expert,1,25,0.1677
9,DMS-ACC,expert,2,50,0.1661
9,V1-DMS,naive,-2,-50,0.1686
9,V1-DMS,naive,-1,-25,0.1992
9,V1-DMS,naive,0,0,0.1883
9,V1-DMS,naive,1,25,0.1662
9,V1-DMS,naive,2,50,0.1187
9,V1-DMS,intermediate,-2,-50,0.1346
9,V1-DMS,intermediate,-1,-25,0.1517
9,V1-DMS,intermediate,0,0,0.186
9,V1-DMS,intermediate,1,25,0.1818
9,V1-DMS,intermediate,2,50,0.1447
9,V1-DMS,expert,-2,-50,0.1371
9,V1-DMS,expert,-1,-25,0.1478
9,V1-DMS,expert,0,0,0.2754
9,V1-DMS,expert,1,25,0.3019
9,V1-DMS,expert,2,50,0.1605
9,V1-ACC,naive,-2,-50,0.2368
9,V1-ACC,naive,-1,-25,0.244
9,V1-ACC,naive,0,0,0.2541
9,V1-ACC,naive,1,25,0.2265
9,V1-ACC,naive,2,50,0.2333
9,V1-ACC,intermediate,-2,-50,0.2003
9,V1-ACC,intermediate,-1,-25,0.1975
9,V1-ACC,intermediate,0,0,0.188
9,V1-ACC,intermediate,1,25,0.1793
9,V1-ACC,intermediate,2,50,0.1849
9,V1-ACC,expert,-2,-50,0.1845
9,V1-ACC,expert,-1,-25,0.1687
9,V1-ACC,expert,0,0,0.1693
9,V1-ACC,expert,1,25,0.1824
9,V1-ACC,expert,2,50,0.1787
10,DMS-DLS,naive,-2,-50,0.5478
10,DMS-DLS,naive,-1,-25,0.6341
10,DMS-DLS,naive,0,0,0.6852
10,DMS-DLS,naive,1,25,0.6041
10,DMS-DLS,naive,2,50,0.5345
10,DMS-DLS,intermediate,-2,-50,0.5254
10,DMS-DLS,intermediate,-1,-25,0.567
10,DMS-DLS,intermediate,0,0,0.6947
10,DMS-DLS,intermediate,1,25,0.5993
10,DMS-DLS,intermediate,2,50,0.561
10,DMS-DLS,expert,-2,-50,0.5865
10,DMS-DLS,expert,-1,-25,0.6157
10,DMS-DLS,expert,0,0,0.7627
10,DMS-DLS,expert,1,25,0.6203
10,DMS-DLS,expert,2,50,0.6179
10,DMS-ACC,naive,-2,-50,0.2621
10,DMS-ACC,naive,-1,-25,0.258
10,DMS-ACC,naive,0,0,0.3326
10,DMS-ACC,naive,1,25,0.2425
10,DMS-ACC,naive,2,50,0.2409
10,DMS-ACC,intermediate,-2,-50,0.231
10,DMS-ACC,intermediate,-1,-25,0.2422
10,DMS-ACC,intermediate,0,0,0.3509
10,DMS-ACC,intermediate,1,25,0.2646
10,DMS-ACC,intermediate,2,50,0.2273
10,DMS-ACC,expert,-2,-50,0.2175
10,DMS-ACC,expert,-1,-25,0.2676
10,DMS-ACC,expert,0,0,0.3712
10,DMS-ACC,expert,1,25,0.2751
10,DMS-ACC,expert,2,50,0.2513
10,DLS-ACC,naive,-2,-50,0.2331
10,DLS-ACC,naive,-1,-25,0.2026
10,DLS-ACC,naive,0,0,0.2302
10,DLS-ACC,naive,1,25,0.2114
10,DLS-ACC,naive,2,50,0.2153
10,DLS-ACC,intermediate,-2,-50,0.1915
10,DLS-ACC,intermediate,-1,-25,0.2168
10,DLS-ACC,intermediate,0,0,0.281
10,DLS-ACC,intermediate,1,25,0.2231
10,DLS-ACC,intermediate,2,50,0.2372
10,DLS-ACC,expert,-2,-50,0.2071
10,DLS-ACC,expert,-1,-25,0.2037
10,DLS-ACC,expert,0,0,0.2852
10,DLS-ACC,expert,1,25,0.2888
10,DLS-ACC,expert,2,50,0.2737
10,V1-DMS,naive,-2,-50,0.1169
10,V1-DMS,naive,-1,-25,0.1155
10,V1-DMS,naive,0,0,0.135
10,V1-DMS,naive,1,25,0.1142
10,V1-DMS,naive,2,50,0.1305
10,V1-DMS,intermediate,-2,-50,0.1328
10,V1-DMS,intermediate,-1,-25,0.1187
10,V1-DMS,intermediate,0,0,0.147
10,V1-DMS,intermediate,1,25,0.1317
10,V1-DMS,intermediate,2,50,0.1597
10,V1-DMS,expert,-2,-50,0.1273
10,V1-DMS,expert,-1,-25,0.1506
10,V1-DMS,expert,0,0,0.1404
10,V1-DMS,expert,1,25,0.121
10,V1-DMS,expert,2,50,0.1423
10,V1-DLS,naive,-2,-50,0.1216
10,V1-DLS,naive,-1,-25,0.1378
10,V1-DLS,naive,0,0,0.125
10,V1-DLS,naive,1,25,0.1208
10,V1-DLS,naive,2,50,0.1354
10,V1-DLS,intermediate,-2,-50,0.1562
10,V1-DLS,intermediate,-1,-25,0.1226
10,V1-DLS,intermediate,0,0,0.1694
10,V1-DLS,intermediate,1,25,0.1366
10,V1-DLS,intermediate,2,50,0.157
10,V1-DLS,expert,-2,-50,0.1293
10,V1-DLS,expert,-1,-25,0.1095
10,V1-DLS,expert,0,0,0.1286
10,V1-DLS,expert,1,25,0.1364
10,V1-DLS,expert,2,50,0.1295
10,V1-ACC,naive,-2,-50,0.0882
10,V1-ACC,naive,-1,-25,0.1328
10,V1-ACC,naive,0,0,0.1232
10,V1-ACC,naive,1,25,0.1249
10,V1-ACC,naive,2,50,0.1156
10,V1-ACC,intermediate,-2,-50,0.1212
10,V1-ACC,intermediate,-1,-25,0.11
10,V1-ACC,intermediate,0,0,0.1189
10,V1-ACC,intermediate,1,25,0.091
10,V1-ACC,intermediate,2,50,0.1143
10,V1-ACC,expert,-2,-50,0.108
10,V1-ACC,expert,-1,-25,0.0999
10,V1-ACC,expert,0,0,0.1101
10,V1-ACC,expert,1,25,0.0985
10,V1-ACC,expert,2,50,0.1152
11,DMS-DLS,naive,-2,-50,0.1037
11,DMS-DLS,naive,-1,-25,0.1698
11,DMS-DLS,naive,0,0,0.1923
11,DMS-DLS,naive,1,25,0.1609
11,DMS-DLS,naive,2,50,0.1706
11,DMS-DLS,intermediate,-2,-50,0.0885
11,DMS-DLS,intermediate,-1,-25,0.1703
11,DMS-DLS,intermediate,0,0,0.2597
11,DMS-DLS,intermediate,1,25,0.109
11,DMS-DLS,intermediate,2,50,0.1179
11,DMS-DLS,expert,-2,-50,0.1383
11,DMS-DLS,expert,-1,-25,0.1242
11,DMS-DLS,expert,0,0,0.1509
11,DMS-DLS,expert,1,25,0.1302
11,DMS-DLS,expert,2,50,0.1585
11,DMS-ACC,naive,-2,-50,0.1962
11,DMS-ACC,naive,-1,-25,0.2629
11,DMS-ACC,naive,0,0,0.2818
11,DMS-ACC,naive,1,25,0.2678
11,DMS-ACC,naive,2,50,0.2152
11,DMS-ACC,intermediate,-2,-50,0.3446
11,DMS-ACC,intermediate,-1,-25,0.3598
11,DMS-ACC,intermediate,0,0,0.4181
11,DMS-ACC,intermediate,1,25,0.4007
11,DMS-ACC,intermediate,2,50,0.4139
11,DMS-ACC,expert,-2,-50,0.5394
11,DMS-ACC,expert,-1,-25,0.5733
11,DMS-ACC,expert,0,0,0.5939
11,DMS-ACC,expert,1,25,0.5662
11,DMS-ACC,expert,2,50,0.5453
11,DLS-ACC,naive,-2,-50,0.1428
11,DLS-ACC,naive,-1,-25,0.1431
11,DLS-ACC,naive,0,0,0.1817
11,DLS-ACC,naive,1,25,0.1757
11,DLS-ACC,naive,2,50,0.1362
11,DLS-ACC,intermediate,-2,-50,0.1479
11,DLS-ACC,intermediate,-1,-25,0.1455
11,DLS-ACC,intermediate,0,0,0.1893
11,DLS-ACC,intermediate,1,25,0.1629
11,DLS-ACC,intermediate,2,50,0.1383
11,DLS-ACC,expert,-2,-50,0.103
11,DLS-ACC,expert,-1,-25,0.3212
11,DLS-ACC,expert,0,0,0.1088
11,DLS-ACC,expert,1,25,0.1229
11,DLS-ACC,expert,2,50,0.118
11,V1-DMS,naive,-2,-50,0.2159
11,V1-DMS,naive,-1,-25,0.209
11,V1-DMS,naive,0,0,0.2604
11,V1-DMS,naive,1,25,0.2005
11,V1-DMS,naive,2,50,0.2068
11,V1-DMS,intermediate,-2,-50,0.2198
11,V1-DMS,intermediate,-1,-25,0.1874
11,V1-DMS,intermediate,0,0,0.2507
11,V1-DMS,intermediate,1,25,0.2056
11,V1-DMS,intermediate,2,50,0.1912
11,V1-DMS,expert,-2,-50,0.174
11,V1-DMS,expert,-1,-25,0.1893
11,V1-DMS,expert,0,0,0.197
11,V1-DMS,expert,1,25,0.1564
11,V1-DMS,expert,2,50,0.1492
11,V1-DLS,naive,-2,-50,0.0976
11,V1-DLS,naive,-1,-25,0.1112
11,V1-DLS,naive,0,0,0.1175
11,V1-DLS,naive,1,25,0.0936
11,V1-DLS,naive,2,50,0.0955
11,V1-DLS,intermediate,-2,-50,0.1564
11,V1-DLS,intermediate,-1,-25,0.118
11,V1-DLS,intermediate,0,0,0.1066
11,V1-DLS,intermediate,1,25,0.148
11,V1-DLS,intermediate,2,50,0.1225
11,V1-DLS,expert,-2,-50,0.1075
11,V1-DLS,expert,-1,-25,0.1238
11,V1-DLS,expert,0,0,0.0894
11,V1-DLS,expert,1,25,0.082
11,V1-DLS,expert,2,50,0.1223
11,V1-ACC,naive,-2,-50,0.182
11,V1-ACC,naive,-1,-25,0.176
11,V1-ACC,naive,0,0,0.2204
11,V1-ACC,naive,1,25,0.1928
11,V1-ACC,naive,2,50,0.2041
11,V1-ACC,intermediate,-2,-50,0.2223
11,V1-ACC,intermediate,-1,-25,0.2109
11,V1-ACC,intermediate,0,0,0.2638
11,V1-ACC,intermediate,1,25,0.2328
11,V1-ACC,intermediate,2,50,0.2559
11,V1-ACC,expert,-2,-50,0.1975
11,V1-ACC,expert,-1,-25,0.2039
11,V1-ACC,expert,0,0,0.2377
11,V1-ACC,expert,1,25,0.2091
11,V1-ACC,expert,2,50,0.214
11,CA1-DMS,naive,-2,-50,0.1262
11,CA1-DMS,naive,-1,-25,0.1116
11,CA1-DMS,naive,0,0,0.1316
11,CA1-DMS,naive,1,25,0.1175
11,CA1-DMS,naive,2,50,0.1148
11,CA1-DMS,intermediate,-2,-50,0.1624
11,CA1-DMS,intermediate,-1,-25,0.1547
11,CA1-DMS,intermediate,0,0,0.2052
11,CA1-DMS,intermediate,1,25,0.1614
11,CA1-DMS,intermediate,2,50,0.1965
11,CA1-DMS,expert,-2,-50,0.1158
11,CA1-DMS,expert,-1,-25,0.1456
11,CA1-DMS,expert,0,0,0.1492
11,CA1-DMS,expert,1,25,0.1224
11,CA1-DMS,expert,2,50,0.1302
11,CA1-DLS,naive,-2,-50,0.1009
11,CA1-DLS,naive,-1,-25,0.0947
11,CA1-DLS,naive,0,0,0.0871
11,CA1-DLS,naive,1,25,0.0993
11,CA1-DLS,naive,2,50,0.0832
11,CA1-DLS,intermediate,-2,-50,0.078
11,CA1-DLS,intermediate,-1,-25,0.1071
11,CA1-DLS,intermediate,0,0,0.1697
11,CA1-DLS,intermediate,1,25,0.1561
11,CA1-DLS,intermediate,2,50,0.1373
11,CA1-DLS,expert,-2,-50,0.1934
11,CA1-DLS,expert,-1,-25,0.1996
11,CA1-DLS,expert,0,0,0.347
11,CA1-DLS,expert,1,25,0.1482
11,CA1-DLS,expert,2,50,0.171
11,CA1-ACC,naive,-2,-50,0.1569
11,CA1-ACC,naive,-1,-25,0.1573
11,CA1-ACC,naive,0,0,0.1851
11,CA1-ACC,naive,1,25,0.1875
11,CA1-ACC,naive,2,50,0.1478
11,CA1-ACC,intermediate,-2,-50,0.1716
11,CA1-ACC,intermediate,-1,-25,0.1797
11,CA1-ACC,intermediate,0,0,0.1994
11,CA1-ACC,intermediate,1,25,0.1672
11,CA1-ACC,intermediate,2,50,0.1791
11,CA1-ACC,expert,-2,-50,0.1544
11,CA1-ACC,expert,-1,-25,0.194
11,CA1-ACC,expert,0,0,0.1868
11,CA1-ACC,expert,1,25,0.1532
11,CA1-ACC,expert,2,50,0.1573
11,CA1-V1,naive,-2,-50,0.1885
11,CA1-V1,naive,-1,-25,0.1756
11,CA1-V1,naive,0,0,0.212
11,CA1-V1,naive,1,25,0.1671
11,CA1-V1,naive,2,50,0.1822
11,CA1-V1,intermediate,-2,-50,0.197
11,CA1-V1,intermediate,-1,-25,0.3034
11,CA1-V1,intermediate,0,0,0.2908
11,CA1-V1,intermediate,1,25,0.2748
11,CA1-V1,intermediate,2,50,0.2217
11,CA1-V1,expert,-2,-50,0.1835
11,CA1-V1,expert,-1,-25,0.2153
11,CA1-V1,expert,0,0,0.31
11,CA1-V1,expert,1,25,0.2618
11,CA1-V1,expert,2,50,0.1775
11,DG-DMS,naive,-2,-50,0.0875
11,DG-DMS,naive,-1,-25,0.0881
11,DG-DMS,naive,0,0,0.1299
11,DG-DMS,naive,1,25,0.097
11,DG-DMS,naive,2,50,0.0917
11,DG-DMS,intermediate,-2,-50,0.178
11,DG-DMS,intermediate,-1,-25,0.2171
11,DG-DMS,intermediate,0,0,0.245
11,DG-DMS,intermediate,1,25,0.2203
11,DG-DMS,intermediate,2,50,0.105
11,DG-DMS,expert,-2,-50,0.0925
11,DG-DMS,expert,-1,-25,0.1056
11,DG-DMS,expert,0,0,0.0923
11,DG-DMS,expert,1,25,0.0889
11,DG-DMS,expert,2,50,0.0836
11,DG-DLS,naive,-2,-50,0.0432
11,DG-DLS,naive,-1,-25,0.0382
11,DG-DLS,naive,0,0,0.0499
11,DG-DLS,naive,1,25,0.0524
11,DG-DLS,naive,2,50,0.0496
11,DG-DLS,intermediate,-2,-50,0.1024
11,DG-DLS,intermediate,-1,-25,0.0741
11,DG-DLS,intermediate,0,0,0.0636
11,DG-DLS,intermediate,1,25,0.093
11,DG-DLS,intermediate,2,50,0.0805
11,DG-DLS,expert,-2,-50,0.1896
11,DG-DLS,expert,-1,-25,0.1769
11,DG-DLS,expert,0,0,0.2121
11,DG-DLS,expert,1,25,0.1292
11,DG-DLS,expert,2,50,0.1314
11,DG-ACC,naive,-2,-50,0.124
11,DG-ACC,naive,-1,-25,0.1082
11,DG-ACC,naive,0,0,0.1218
11,DG-ACC,naive,1,25,0.0978
11,DG-ACC,naive,2,50,0.1936
11,DG-ACC,intermediate,-2,-50,0.1445
11,DG-ACC,intermediate,-1,-25,0.1493
11,DG-ACC,intermediate,0,0,0.1543
11,DG-ACC,intermediate,1,25,0.1216
11,DG-ACC,intermediate,2,50,0.1354
11,DG-ACC,expert,-2,-50,0.1135
11,DG-ACC,expert,-1,-25,0.1115
11,DG-ACC,expert,0,0,0.1379
11,DG-ACC,expert,1,25,0.1007
11,DG-ACC,expert,2,50,0.0978
11,DG-V1,naive,-2,-50,0.1471
11,DG-V1,naive,-1,-25,0.204
11,DG-V1,naive,0,0,0.198
11,DG-V1,naive,1,25,0.1364
11,DG-V1,naive,2,50,0.1582
11,DG-V1,intermediate,-2,-50,0.1485
11,DG-V1,intermediate,-1,-25,0.1624
11,DG-V1,intermediate,0,0,0.189
11,DG-V1,intermediate,1,25,0.1704
11,DG-V1,intermediate,2,50,0.1145
11,DG-V1,expert,-2,-50,0.2352
11,DG-V1,expert,-1,-25,0.1216
11,DG-V1,expert,0,0,0.1551
11,DG-V1,expert,1,25,0.1461
11,DG-V1,expert,2,50,0.194
11,DG-CA1,naive,-2,-50,0.2791
11,DG-CA1,naive,-1,-25,0.2097
11,DG-CA1,naive,0,0,0.346
11,DG-CA1,naive,1,25,0.2649
11,DG-CA1,naive,2,50,0.1684
11,DG-CA1,intermediate,-2,-50,0.1775
11,DG-CA1,intermediate,-1,-25,0.201
11,DG-CA1,intermediate,0,0,0.5004
11,DG-CA1,intermediate,1,25,0.3849
11,DG-CA1,intermediate,2,50,0.275
11,DG-CA1,expert,-2,-50,0.1887
11,DG-CA1,expert,-1,-25,0.1955
11,DG-CA1,expert,0,0,0.5039
11,DG-CA1,expert,1,25,0.2626
11,DG-CA1,expert,2,50,0.1979
13,DMS-DLS,naive,-2,-50,0.0311
13,DMS-DLS,naive,-1,-25,0.0552
13,DMS-DLS,naive,0,0,0.0527
13,DMS-DLS,naive,1,25,0.0544
13,DMS-DLS,naive,2,50,0.0423
13,DMS-DLS,intermediate,-2,-50,0.1257
13,DMS-DLS,intermediate,-1,-25,0.1156
13,DMS-DLS,intermediate,0,0,0.1566
13,DMS-DLS,intermediate,1,25,0.1319
13,DMS-DLS,intermediate,2,50,0.125
13,DMS-DLS,expert,-2,-50,0.054
13,DMS-DLS,expert,-1,-25,0.0775
13,DMS-DLS,expert,0,0,0.0667
13,DMS-DLS,expert,1,25,0.1945
13,DMS-DLS,expert,2,50,0.1463
13,DMS-ACC,naive,-2,-50,0.0831
13,DMS-ACC,naive,-1,-25,0.059
13,DMS-ACC,naive,0,0,0.0606
13,DMS-ACC,naive,1,25,0.0649
13,DMS-ACC,naive,2,50,0.0607
13,DMS-ACC,intermediate,-2,-50,0.0646
13,DMS-ACC,intermediate,-1,-25,0.042
13,DMS-ACC,intermediate,0,0,0.0458
13,DMS-ACC,intermediate,1,25,0.059
13,DMS-ACC,intermediate,2,50,0.0458
13,DMS-ACC,expert,-2,-50,0.0655
13,DMS-ACC,expert,-1,-25,0.0493
13,DMS-ACC,expert,0,0,0.0686
13,DMS-ACC,expert,1,25,0.0589
13,DMS-ACC,expert,2,50,0.086
13,DLS-ACC,naive,-2,-50,0.0723
13,DLS-ACC,naive,-1,-25,0.0948
13,DLS-ACC,naive,0,0,0.1235
13,DLS-ACC,naive,1,25,0.0673
13,DLS-ACC,naive,2,50,0.069
13,DLS-ACC,intermediate,-2,-50,0.0535
13,DLS-ACC,intermediate,-1,-25,0.0725
13,DLS-ACC,intermediate,0,0,0.0783
13,DLS-ACC,intermediate,1,25,0.0574
13,DLS-ACC,intermediate,2,50,0.0504
13,DLS-ACC,expert,-2,-50,0.0659
13,DLS-ACC,expert,-1,-25,0.0585
13,DLS-ACC,expert,0,0,0.0777
13,DLS-ACC,expert,1,25,0.0487
13,DLS-ACC,expert,2,50,0.0619
13,V1-DMS,naive,-2,-50,0.101
13,V1-DMS,naive,-1,-25,0.0957
13,V1-DMS,naive,0,0,0.0806
13,V1-DMS,naive,1,25,0.0967
13,V1-DMS,naive,2,50,0.1002
13,V1-DMS,intermediate,-2,-50,0.1089
13,V1-DMS,intermediate,-1,-25,0.0974
13,V1-DMS,intermediate,0,0,0.121
13,V1-DMS,intermediate,1,25,0.0999
13,V1-DMS,intermediate,2,50,0.1062
13,V1-DMS,expert,-2,-50,0.0879
13,V1-DMS,expert,-1,-25,0.0914
13,V1-DMS,expert,0,0,0.0997
13,V1-DMS,expert,1,25,0.0887
13,V1-DMS,expert,2,50,0.0715
13,V1-DLS,naive,-2,-50,0.0872
13,V1-DLS,naive,-1,-25,0.088
13,V1-DLS,naive,0,0,0.0922
13,V1-DLS,naive,1,25,0.0872
13,V1-DLS,naive,2,50,0.096
13,V1-DLS,intermediate,-2,-50,0.1445
13,V1-DLS,intermediate,-1,-25,0.1461
13,V1-DLS,intermediate,0,0,0.1778
13,V1-DLS,intermediate,1,25,0.1548
13,V1-DLS,intermediate,2,50,0.1521
13,V1-DLS,expert,-2,-50,0.1679
13,V1-DLS,expert,-1,-25,0.2083
13,V1-DLS,expert,0,0,0.1698
13,V1-DLS,expert,1,25,0.1812
13,V1-DLS,expert,2,50,0.1848
13,V1-ACC,naive,-2,-50,0.0931
13,V1-ACC,naive,-1,-25,0.1031
13,V1-ACC,naive,0,0,0.1128
13,V1-ACC,naive,1,25,0.1098
13,V1-ACC,naive,2,50,0.1071
13,V1-ACC,intermediate,-2,-50,0.1075
13,V1-ACC,intermediate,-1,-25,0.1223
13,V1-ACC,intermediate,0,0,0.1229
13,V1-ACC,intermediate,1,25,0.1239
13,V1-ACC,intermediate,2,50,0.1044
13,V1-ACC,expert,-2,-50,0.0967
13,V1-ACC,expert,-1,-25,0.106
13,V1-ACC,expert,0,0,0.1158
13,V1-ACC,expert,1,25,0.1308
13,V1-ACC,expert,2,50,0.1253
13,CA1-DMS,naive,-2,-50,0.0798
13,CA1-DMS,naive,-1,-25,0.0936
13,CA1-DMS,naive,0,0,0.0916
13,CA1-DMS,naive,1,25,0.0908
13,CA1-DMS,naive,2,50,0.0829
13,CA1-DMS,intermediate,-2,-50,0.099
13,CA1-DMS,intermediate,-1,-25,0.1293
13,CA1-DMS,intermediate,0,0,0.1436
13,CA1-DMS,intermediate,1,25,0.0924
13,CA1-DMS,intermediate,2,50,0.0822
13,CA1-DMS,expert,-2,-50,0.1171
13,CA1-DMS,expert,-1,-25,0.1275
13,CA1-DMS,expert,0,0,0.1664
13,CA1-DMS,expert,1,25,0.1078
13,CA1-DMS,expert,2,50,0.1267
13,CA1-DLS,naive,-2,-50,0.0597
13,CA1-DLS,naive,-1,-25,0.0793
13,CA1-DLS,naive,0,0,0.0706
13,CA1-DLS,naive,1,25,0.0853
13,CA1-DLS,naive,2,50,0.0741
13,CA1-DLS,intermediate,-2,-50,0.1079
13,CA1-DLS,intermediate,-1,-25,0.1248
13,CA1-DLS,intermediate,0,0,0.132
13,CA1-DLS,intermediate,1,25,0.1092
13,CA1-DLS,intermediate,2,50,0.0907
13,CA1-DLS,expert,-2,-50,0.0817
13,CA1-DLS,expert,-1,-25,0.0867
13,CA1-DLS,expert,0,0,0.0984
13,CA1-DLS,expert,1,25,0.0754
13,CA1-DLS,expert,2,50,0.0959
13,CA1-ACC,naive,-2,-50,0.1179
13,CA1-ACC,naive,-1,-25,0.1159
13,CA1-ACC,naive,0,0,0.1296
13,CA1-ACC,naive,1,25,0.1219
13,CA1-ACC,naive,2,50,0.0981
13,CA1-ACC,intermediate,-2,-50,0.1073
13,CA1-ACC,intermediate,-1,-25,0.0911
13,CA1-ACC,intermediate,0,0,0.0929
13,CA1-ACC,intermediate,1,25,0.1041
13,CA1-ACC,intermediate,2,50,0.1068
13,CA1-ACC,expert,-2,-50,0.1288
13,CA1-ACC,expert,-1,-25,0.117
13,CA1-ACC,expert,0,0,0.1517
13,CA1-ACC,expert,1,25,0.1464
13,CA1-ACC,expert,2,50,0.1112
13,CA1-V1,naive,-2,-50,0.2557
13,CA1-V1,naive,-1,-25,0.23
13,CA1-V1,naive,0,0,0.3082
13,CA1-V1,naive,1,25,0.3328
13,CA1-V1,naive,2,50,0.283
13,CA1-V1,intermediate,-2,-50,0.2793
13,CA1-V1,intermediate,-1,-25,0.2834
13,CA1-V1,intermediate,0,0,0.3797
13,CA1-V1,intermediate,1,25,0.3494
13,CA1-V1,intermediate,2,50,0.2835
13,CA1-V1,expert,-2,-50,0.2906
13,CA1-V1,expert,-1,-25,0.2955
13,CA1-V1,expert,0,0,0.3862
13,CA1-V1,expert,1,25,0.3408
13,CA1-V1,expert,2,50,0.2823
14,DMS-DLS,naive,-2,-50,0.2066
14,DMS-DLS,naive,-1,-25,0.2306
14,DMS-DLS,naive,0,0,0.2428
14,DMS-DLS,naive,1,25,0.2148
14,DMS-DLS,naive,2,50,0.1953
14,DMS-DLS,intermediate,-2,-50,0.2173
14,DMS-DLS,intermediate,-1,-25,0.26
14,DMS-DLS,intermediate,0,0,0.2988
14,DMS-DLS,intermediate,1,25,0.2296
14,DMS-DLS,intermediate,2,50,0.2888
14,DMS-DLS,expert,-2,-50,0.2262
14,DMS-DLS,expert,-1,-25,0.2284
14,DMS-DLS,expert,0,0,0.2479
14,DMS-DLS,expert,1,25,0.244
14,DMS-DLS,expert,2,50,0.2937
14,DMS-ACC,naive,-2,-50,0.1842
14,DMS-ACC,naive,-1,-25,0.2328
14,DMS-ACC,naive,0,0,0.3049
14,DMS-ACC,naive,1,25,0.2842
14,DMS-ACC,naive,2,50,0.1559
14,DMS-ACC,intermediate,-2,-50,0.1413
14,DMS-ACC,intermediate,-1,-25,0.2092
14,DMS-ACC,intermediate,0,0,0.2272
14,DMS-ACC,intermediate,1,25,0.1076
14,DMS-ACC,intermediate,2,50,0.1197
14,DMS-ACC,expert,-2,-50,0.1884
14,DMS-ACC,expert,-1,-25,0.3554
14,DMS-ACC,expert,0,0,0.2634
14,DMS-ACC,expert,1,25,0.1517
14,DMS-ACC,expert,2,50,0.4044
14,DLS-ACC,naive,-2,-50,0.1169
14,DLS-ACC,naive,-1,-25,0.1332
14,DLS-ACC,naive,0,0,0.1738
14,DLS-ACC,naive,1,25,0.1049
14,DLS-ACC,naive,2,50,0.1515
14,DLS-ACC,intermediate,-2,-50,0.1966
14,DLS-ACC,intermediate,-1,-25,0.1379
14,DLS-ACC,intermediate,0,0,0.1423
14,DLS-ACC,intermediate,1,25,0.1396
14,DLS-ACC,intermediate,2,50,0.1322
14,DLS-ACC,expert,-2,-50,0.132
14,DLS-ACC,expert,-1,-25,0.1434
14,DLS-ACC,expert,0,0,0.1598
14,DLS-ACC,expert,1,25,0.1142
14,DLS-ACC,expert,2,50,0.1181
