animal,role,lp,pair,epoch,n_bins,n_units_x,n_units_y,n_units_z,k_eff,cc1,n_sig,mi_sig,ifi,optimal_lag,gini_x,gini_y,gini_pearson_x,gini_pearson_y,sh_x_cc1,sh_y_cc1
1,learner,22,DMS-DLS,naive,5196,57,42,0,20,0.223,0,0.0,0.0655,10,0.4626,0.4448,0.3438,0.3535,61.47,70.39
1,learner,22,DMS-DLS,intermediate,4620,57,42,0,20,0.2697,0,0.0,0.0393,9,0.494,0.4098,0.3196,0.3747,42.05,42.35
1,learner,22,DMS-DLS,expert,4141,57,42,0,20,0.26,0,0.0,0.0178,0,0.4759,0.4487,0.2901,0.337,38.96,43.02
1,learner,22,DMS-ACC,naive,5196,57,34,0,20,0.4169,2,0.119,0.0959,0,0.4626,0.4621,0.4039,0.5578,57.16,62.89
1,learner,22,DMS-ACC,intermediate,4620,57,34,0,20,0.3349,1,0.0595,0.0428,0,0.494,0.4379,0.3504,0.4627,48.01,21.33
1,learner,22,DMS-ACC,expert,4141,57,34,0,20,0.3125,1,0.0514,-0.0344,0,0.4759,0.3782,0.3099,0.3618,53.72,28.2
1,learner,22,DLS-ACC,naive,5196,42,34,0,20,0.0111,0,0.0,0.13,6,0.4448,0.4621,0.5043,0.5431,88.08,88.85
1,learner,22,DLS-ACC,intermediate,4620,42,34,0,20,-0.001,0,0.0,0.016,5,0.4098,0.4379,0.3348,0.3668,79.41,74.58
1,learner,22,DLS-ACC,expert,4141,42,34,0,20,0.0548,0,0.0,-0.0249,-7,0.4487,0.3782,0.4245,0.4393,88.57,89.98
2,learner,44,DMS-DLS,naive,3990,69,60,0,20,0.0721,0,0.0,0.0504,7,0.6863,0.5765,0.5078,0.3828,83.43,63.13
2,learner,44,DMS-DLS,intermediate,3258,69,60,0,20,0.1886,0,0.0,-0.018,-2,0.6719,0.486,0.4684,0.3129,58.41,52.48
2,learner,44,DMS-DLS,expert,3056,69,60,0,20,0.1695,0,0.0,0.0082,5,0.6215,0.5296,0.4331,0.3858,84.61,89.29
2,learner,44,DMS-ACC,naive,3990,69,64,0,20,0.0857,0,0.0,0.117,0,0.6863,0.6902,0.452,0.5474,77.15,56.78
2,learner,44,DMS-ACC,intermediate,3258,69,64,0,20,0.0886,0,0.0,-0.0059,0,0.6719,0.6439,0.4662,0.4522,88.31,55.01
2,learner,44,DMS-ACC,expert,3056,69,64,0,20,0.1215,0,0.0,0.0074,1,0.6215,0.5906,0.415,0.459,85.8,89.74
2,learner,44,DLS-ACC,naive,3990,60,64,0,20,0.0135,0,0.0,0.1946,6,0.5765,0.6902,0.3009,0.4611,79.25,72.27
2,learner,44,DLS-ACC,intermediate,3258,60,64,0,20,0.0851,0,0.0,0.005,-1,0.486,0.6439,0.2547,0.4327,67.47,68.67
2,learner,44,DLS-ACC,expert,3056,60,64,0,20,0.0657,0,0.0,-0.045,-8,0.5296,0.5906,0.3381,0.4264,89.39,89.26
4,learner,53,DMS-DLS,naive,5652,16,83,0,16,0.1788,1,0.0163,-0.0351,1,0.4569,0.5333,0.3955,0.3676,72.0,86.29
4,learner,53,DMS-DLS,intermediate,3786,16,83,0,16,0.0273,0,0.0,-0.186,-6,0.552,0.3843,0.5055,0.2892,70.27,88.58
4,learner,53,DMS-DLS,expert,4054,16,83,0,16,0.0435,0,0.0,0.0331,10,0.4718,0.3619,0.438,0.3205,83.96,89.24
4,learner,53,DMS-ACC,naive,5652,16,53,0,16,0.0128,0,0.0,0.0516,0,0.4569,0.4123,0.3385,0.2835,57.68,85.37
4,learner,53,DMS-ACC,intermediate,3786,16,53,0,16,0.0668,0,0.0,0.0746,1,0.552,0.3862,0.5365,0.2768,87.26,76.69
4,learner,53,DMS-ACC,expert,4054,16,53,0,16,0.0609,0,0.0,0.0081,-1,0.4718,0.3358,0.4249,0.2595,80.54,89.33
4,learner,53,DLS-ACC,naive,5652,83,53,0,20,0.2385,1,0.0293,0.0411,0,0.5376,0.4071,0.2391,0.2134,63.56,55.31
4,learner,53,DLS-ACC,intermediate,3786,83,53,0,20,0.3095,1,0.0503,-0.0231,-10,0.3935,0.3759,0.221,0.2311,42.74,52.77
4,learner,53,DLS-ACC,expert,4054,83,53,0,20,0.2859,0,0.0,-0.0322,-9,0.3923,0.3277,0.2075,0.2175,49.4,52.15
5,learner,54,DMS-DLS,naive,4340,55,237,0,20,0.1628,0,0.0,-0.0377,0,0.4847,0.5667,0.2422,0.3365,73.89,77.89
5,learner,54,DMS-DLS,intermediate,3837,55,237,0,20,0.4627,1,0.1205,-0.0229,0,0.4648,0.4804,0.3036,0.3229,55.29,58.72
5,learner,54,DMS-DLS,expert,3918,55,237,0,20,0.4481,1,0.1121,-0.0084,0,0.5206,0.4973,0.3342,0.3387,46.99,46.57
5,learner,54,DMS-ACC,naive,4340,55,175,0,20,0.2732,0,0.0,-0.0009,0,0.4847,0.5421,0.201,0.2563,62.28,66.81
5,learner,54,DMS-ACC,intermediate,3837,55,175,0,20,0.3026,2,0.0892,0.0574,3,0.4648,0.4975,0.2364,0.251,54.76,51.99
5,learner,54,DMS-ACC,expert,3918,55,175,0,20,0.2945,0,0.0,0.0229,9,0.5206,0.4745,0.2862,0.2173,46.43,40.63
5,learner,54,DLS-ACC,naive,4340,237,175,0,20,0.2025,0,0.0,-0.0005,-8,0.5667,0.5421,0.2245,0.1615,65.89,72.32
5,learner,54,DLS-ACC,intermediate,3837,237,175,0,20,0.5636,1,0.1911,0.0006,1,0.4804,0.4975,0.2116,0.2004,37.18,45.81
5,learner,54,DLS-ACC,expert,3918,237,175,0,20,0.495,0,0.0,-0.0116,0,0.4973,0.4745,0.2287,0.1869,38.46,35.27
6,learner,36,DMS-ACC,naive,6758,5,5,0,5,0.0221,0,0.0,0.166,8,0.1785,0.5144,0.4189,0.4181,21.74,34.4
6,learner,36,DMS-ACC,intermediate,6689,5,5,0,5,0.0916,0,0.0,-0.1291,-10,0.405,0.145,0.6796,0.615,28.4,18.33
6,learner,36,DMS-ACC,expert,6725,5,5,0,5,0.0435,0,0.0,-0.0575,1,0.3579,0.4574,0.2995,0.2636,86.54,24.45
7,learner,33,DMS-ACC,naive,6651,13,62,0,13,0.2644,1,0.0362,-0.0537,0,0.4379,0.5166,0.271,0.3274,34.99,38.34
7,learner,33,DMS-ACC,intermediate,6624,13,62,0,13,0.1578,1,0.0126,-0.0082,0,0.1611,0.3714,0.2309,0.2555,53.75,57.47
7,learner,33,DMS-ACC,expert,7211,13,62,0,13,0.1101,0,0.0,-0.0185,-2,0.1499,0.3882,0.1324,0.2081,70.48,80.72
9,learner,44,DMS-ACC,naive,3524,28,34,0,20,0.0822,0,0.0,0.0132,0,0.3949,0.391,0.1672,0.1358,79.19,66.69
9,learner,44,DMS-ACC,intermediate,3980,28,34,0,20,0.0111,0,0.0,0.0228,-10,0.3294,0.3263,0.1268,0.1672,71.49,82.82
9,learner,44,DMS-ACC,expert,4297,28,34,0,20,0.1034,0,0.0,-0.0571,-2,0.3269,0.3094,0.1822,0.1486,84.88,79.97
9,learner,44,V1-DMS,naive,3524,24,28,0,20,0.0628,0,0.0,-0.1043,-5,0.1823,0.3949,0.1901,0.2054,79.55,88.67
9,learner,44,V1-DMS,intermediate,3980,24,28,0,20,0.0254,0,0.0,0.0997,8,0.1906,0.3294,0.2384,0.2257,84.72,82.89
9,learner,44,V1-DMS,expert,4297,24,28,0,20,0.0346,0,0.0,0.0677,1,0.1928,0.3269,0.3444,0.321,89.67,53.21
9,learner,44,V1-ACC,naive,3524,24,34,0,20,0.1714,0,0.0,-0.0072,0,0.1823,0.391,0.1648,0.1655,39.64,52.61
9,learner,44,V1-ACC,intermediate,3980,24,34,0,20,0.0988,0,0.0,-0.0649,-3,0.1906,0.3263,0.1851,0.1771,88.68,89.75
9,learner,44,V1-ACC,expert,4297,24,34,0,20,0.0295,0,0.0,-0.0196,-9,0.1928,0.3094,0.1809,0.1493,77.06,71.22
10,learner,67,DMS-DLS,naive,3128,20,20,0,20,0.6795,2,0.4022,-0.0465,0,0.4043,0.1687,0.2841,0.3808,37.34,53.71
10,learner,67,DMS-DLS,intermediate,3052,20,20,0,20,0.7259,2,0.6309,0.0489,0,0.4738,0.1784,0.3635,0.472,52.72,25.51
10,learner,67,DMS-DLS,expert,3337,20,20,0,20,0.7596,2,0.6283,0.0386,-1,0.4768,0.2667,0.3672,0.5165,66.01,22.14
10,learner,67,DMS-ACC,naive,3128,20,16,0,16,0.3629,1,0.0706,0.0029,7,0.3704,0.3607,0.23,0.4095,74.42,52.8
10,learner,67,DMS-ACC,intermediate,3052,20,16,0,16,0.526,2,0.2043,0.1303,3,0.4808,0.2473,0.3489,0.4501,20.61,30.01
10,learner,67,DMS-ACC,expert,3337,20,16,0,16,0.4545,1,0.1157,0.086,3,0.4214,0.3829,0.3428,0.4504,68.04,14.6
10,learner,67,DLS-ACC,naive,3128,20,16,0,16,0.2618,0,0.0,-0.0343,-3,0.1927,0.3607,0.2353,0.3337,78.26,75.91
10,learner,67,DLS-ACC,intermediate,3052,20,16,0,16,0.4984,1,0.1428,0.0226,0,0.1635,0.2473,0.3802,0.4386,18.52,31.25
10,learner,67,DLS-ACC,expert,3337,20,16,0,16,0.4275,1,0.1009,0.0461,5,0.259,0.3829,0.3473,0.3879,32.42,30.64
10,learner,67,V1-DMS,naive,3128,7,20,0,7,0.0896,0,0.0,0.0321,9,0.0216,0.3369,0.127,0.1703,70.93,54.87
10,learner,67,V1-DMS,intermediate,3052,7,20,0,7,0.1499,0,0.0,0.0169,2,0.0834,0.5159,0.3354,0.3118,40.17,59.77
10,learner,67,V1-DMS,expert,3337,7,20,0,7,0.1871,0,0.0,0.0375,5,0.1088,0.3534,0.2207,0.3129,31.36,73.85
10,learner,67,V1-DLS,naive,3128,7,20,0,7,0.1022,0,0.0,0.0043,3,0.0216,0.2239,0.2051,0.1532,56.83,77.18
10,learner,67,V1-DLS,intermediate,3052,7,20,0,7,0.1856,0,0.0,0.0474,7,0.0834,0.2544,0.2364,0.277,20.37,57.05
10,learner,67,V1-DLS,expert,3337,7,20,0,7,0.1718,0,0.0,0.0597,8,0.1088,0.2341,0.2635,0.3541,32.04,56.09
10,learner,67,V1-ACC,naive,3128,7,16,0,7,0.0556,0,0.0,-0.0026,-3,0.0216,0.4283,0.1556,0.2643,59.0,82.11
10,learner,67,V1-ACC,intermediate,3052,7,16,0,7,0.0992,0,0.0,0.0002,8,0.0834,0.2284,0.1902,0.275,53.77,62.97
10,learner,67,V1-ACC,expert,3337,7,16,0,7,0.1261,0,0.0,0.0171,-2,0.1088,0.4168,0.1642,0.2512,83.39,87.43
11,learner,84,DMS-DLS,naive,5331,20,5,0,5,-0.002,0,0.0,0.0832,3,0.3978,0.43,0.43,0.3623,83.11,83.03
11,learner,84,DMS-DLS,intermediate,3929,20,5,0,5,0.0052,0,0.0,-0.0288,-8,0.5223,0.6827,0.4733,0.5924,89.85,70.28
11,learner,84,DMS-DLS,expert,4243,20,5,0,5,0.0096,0,0.0,-0.0752,-9,0.412,0.5457,0.4124,0.2378,73.52,80.56
11,learner,84,DMS-ACC,naive,5331,20,67,0,20,0.0182,0,0.0,-0.0095,0,0.3316,0.567,0.2665,0.2732,89.67,88.95
11,learner,84,DMS-ACC,intermediate,3929,20,67,0,20,0.0024,0,0.0,0.1372,7,0.4037,0.5114,0.283,0.303,88.45,89.08
11,learner,84,DMS-ACC,expert,4243,20,67,0,20,0.039,0,0.0,-0.0103,-1,0.3021,0.4762,0.3875,0.3562,88.26,82.83
11,learner,84,DLS-ACC,naive,5331,5,67,0,5,0.0328,0,0.0,0.049,1,0.43,0.595,0.3445,0.4176,85.24,78.26
11,learner,84,DLS-ACC,intermediate,3929,5,67,0,5,0.088,0,0.0,-0.0007,1,0.6827,0.5483,0.4466,0.4003,2.86,50.9
11,learner,84,DLS-ACC,expert,4243,5,67,0,5,0.0309,0,0.0,-0.0525,-1,0.5457,0.508,0.2422,0.3631,62.53,85.96
11,learner,84,V1-DMS,naive,5331,67,20,0,20,0.2033,0,0.0,-0.0027,4,0.5918,0.3316,0.2414,0.2071,49.65,78.51
11,learner,84,V1-DMS,intermediate,3929,67,20,0,20,0.1336,0,0.0,-0.0498,0,0.4063,0.4037,0.2373,0.1872,61.89,74.86
11,learner,84,V1-DMS,expert,4243,67,20,0,20,-0.0068,0,0.0,0.0291,7,0.4594,0.3021,0.2561,0.2244,83.31,30.59
11,learner,84,V1-DLS,naive,5331,67,5,0,5,0.0574,0,0.0,0.0088,-1,0.6151,0.43,0.3724,0.1097,70.0,65.55
11,learner,84,V1-DLS,intermediate,3929,67,5,0,5,0.0126,0,0.0,-0.0808,-10,0.4694,0.6827,0.3062,0.3269,85.15,50.87
11,learner,84,V1-DLS,expert,4243,67,5,0,5,-0.018,0,0.0,-0.0597,-3,0.4774,0.5457,0.3644,0.3457,86.22,34.01
11,learner,84,V1-ACC,naive,5331,67,67,0,20,0.1418,0,0.0,-0.0059,2,0.5918,0.567,0.1852,0.1552,59.39,72.66
11,learner,84,V1-ACC,intermediate,3929,67,67,0,20,0.1395,0,0.0,0.0583,8,0.4063,0.5114,0.1792,0.1926,56.85,73.0
11,learner,84,V1-ACC,expert,4243,67,67,0,20,0.0564,0,0.0,0.014,-1,0.4594,0.4762,0.1677,0.1578,90.0,78.33
11,learner,84,CA1-DMS,naive,5331,28,20,0,20,0.0242,0,0.0,-0.0317,-7,0.3862,0.3316,0.2177,0.1851,64.46,56.35
11,learner,84,CA1-DMS,intermediate,3929,28,20,0,20,0.0236,0,0.0,-0.0663,-5,0.2974,0.4037,0.197,0.208,86.38,77.81
11,learner,84,CA1-DMS,expert,4243,28,20,0,20,0.0103,0,0.0,0.021,5,0.2897,0.3021,0.1998,0.2108,84.41,81.24
11,learner,84,CA1-DLS,naive,5331,28,5,0,5,0.0324,0,0.0,-0.0146,-7,0.4206,0.43,0.3604,0.1762,89.62,57.26
11,learner,84,CA1-DLS,intermediate,3929,28,5,0,5,0.0068,0,0.0,-0.0331,1,0.4398,0.6827,0.4424,0.5345,89.77,87.69
11,learner,84,CA1-DLS,expert,4243,28,5,0,5,-0.0059,0,0.0,0.1059,0,0.4026,0.5457,0.5124,0.566,87.35,89.83
11,learner,84,CA1-ACC,naive,5331,28,67,0,20,0.0719,0,0.0,0.0389,1,0.3862,0.567,0.2023,0.1961,82.07,86.85
11,learner,84,CA1-ACC,intermediate,3929,28,67,0,20,0.1637,0,0.0,0.0008,4,0.2974,0.5114,0.1397,0.1866,68.47,62.27
11,learner,84,CA1-ACC,expert,4243,28,67,0,20,0.0764,0,0.0,0.0102,1,0.2897,0.4762,0.1693,0.1857,45.46,56.76
11,learner,84,CA1-V1,naive,5331,28,67,0,20,0.0986,0,0.0,-0.0358,-6,0.3862,0.5918,0.2241,0.2106,58.26,61.87
11,learner,84,CA1-V1,intermediate,3929,28,67,0,20,0.0305,0,0.0,0.017,-1,0.2974,0.4063,0.2224,0.2511,89.36,84.22
11,learner,84,CA1-V1,expert,4243,28,67,0,20,0.0751,0,0.0,0.0042,1,0.2897,0.4594,0.2633,0.2474,53.41,57.08
11,learner,84,DG-DMS,naive,5331,6,20,0,6,0.0399,0,0.0,-0.0176,10,0.4024,0.3538,0.1474,0.3165,54.39,69.14
11,learner,84,DG-DMS,intermediate,3929,6,20,0,6,-0.0112,0,0.0,-0.1391,-7,0.094,0.4672,0.2966,0.4008,88.36,84.86
11,learner,84,DG-DMS,expert,4243,6,20,0,6,-0.0064,0,0.0,-0.0732,-8,0.1025,0.2854,0.278,0.354,88.71,86.59
11,learner,84,DG-DLS,naive,5331,6,5,0,5,-0.0153,0,0.0,-0.0162,-9,0.4247,0.43,0.2218,0.1677,63.78,89.83
11,learner,84,DG-DLS,intermediate,3929,6,5,0,5,-0.0047,0,0.0,-0.0791,3,0.1231,0.6827,0.589,0.6054,29.98,82.98
11,learner,84,DG-DLS,expert,4243,6,5,0,5,0.051,0,0.0,-0.0709,-6,0.0395,0.5457,0.586,0.6812,83.77,88.36
11,learner,84,DG-ACC,naive,5331,6,67,0,6,0.0395,0,0.0,0.0087,2,0.4024,0.6058,0.144,0.2948,42.86,73.73
11,learner,84,DG-ACC,intermediate,3929,6,67,0,6,0.0588,0,0.0,-0.0369,-1,0.094,0.5471,0.1349,0.2913,76.24,89.46
11,learner,84,DG-ACC,expert,4243,6,67,0,6,0.0609,0,0.0,-0.065,-1,0.1025,0.5073,0.1786,0.3272,34.83,57.97
11,learner,84,DG-V1,naive,5331,6,67,0,6,0.1221,0,0.0,-0.0713,-1,0.4024,0.6391,0.2256,0.3657,58.77,35.53
11,learner,84,DG-V1,intermediate,3929,6,67,0,6,0.1108,0,0.0,0.0534,8,0.094,0.4474,0.3528,0.4118,55.99,74.14
11,learner,84,DG-V1,expert,4243,6,67,0,6,0.0522,0,0.0,-0.0682,2,0.1025,0.4964,0.3205,0.3777,42.77,61.92
11,learner,84,DG-CA1,naive,5331,6,28,0,6,0.2423,2,0.0481,-0.0982,0,0.4024,0.4935,0.2996,0.5055,54.13,70.71
11,learner,84,DG-CA1,intermediate,3929,6,28,0,6,0.2063,2,0.0581,0.0163,1,0.094,0.35,0.4142,0.4937,77.94,75.02
11,learner,84,DG-CA1,expert,4243,6,28,0,6,0.3842,2,0.1269,-0.1022,0,0.1025,0.3692,0.4833,0.525,11.17,13.77
13,learner,23,DMS-DLS,naive,7294,8,6,0,6,-0.0008,0,0.0,0.0459,8,0.5092,0.4065,0.4003,0.2983,65.89,86.2
13,learner,23,DMS-DLS,intermediate,8216,8,6,0,6,0.1379,1,0.0096,0.0077,-5,0.5621,0.6536,0.6213,0.4816,41.73,17.26
13,learner,23,DMS-DLS,expert,7514,8,6,0,6,0.0048,0,0.0,0.0888,1,0.5442,0.7473,0.4125,0.294,74.09,67.5
13,learner,23,DMS-ACC,naive,7294,8,7,0,7,0.0068,0,0.0,-0.0276,-2,0.5284,0.439,0.2778,0.2223,43.19,59.66
13,learner,23,DMS-ACC,intermediate,8216,8,7,0,7,-0.004,0,0.0,0.0782,10,0.5343,0.393,0.3935,0.1185,40.97,42.22
13,learner,23,DMS-ACC,expert,7514,8,7,0,7,0.0076,0,0.0,-0.0151,-3,0.5131,0.2907,0.3404,0.2693,45.06,83.77
13,learner,23,DLS-ACC,naive,7294,6,7,0,6,0.0746,0,0.0,-0.0644,0,0.4065,0.4114,0.5796,0.4735,89.74,77.74
13,learner,23,DLS-ACC,intermediate,8216,6,7,0,6,0.0362,0,0.0,-0.0106,8,0.6536,0.3792,0.4258,0.3516,73.86,58.05
13,learner,23,DLS-ACC,expert,7514,6,7,0,6,0.0502,0,0.0,0.0531,4,0.7473,0.3004,0.3566,0.2149,26.63,80.13
13,learner,23,V1-DMS,naive,7294,64,8,0,8,0.0126,0,0.0,0.0632,9,0.5844,0.5284,0.2899,0.2874,81.47,74.44
13,learner,23,V1-DMS,intermediate,8216,64,8,0,8,0.0898,0,0.0,-0.0278,-10,0.5751,0.5343,0.2749,0.3152,59.58,75.53
13,learner,23,V1-DMS,expert,7514,64,8,0,8,0.0256,0,0.0,0.0253,4,0.5334,0.5131,0.2227,0.2536,80.52,37.04
13,learner,23,V1-DLS,naive,7294,64,6,0,6,-0.0106,0,0.0,0.1366,4,0.5884,0.4065,0.3387,0.1968,81.0,60.7
13,learner,23,V1-DLS,intermediate,8216,64,6,0,6,0.1312,0,0.0,-0.0348,-4,0.5629,0.6536,0.3217,0.4135,64.47,38.08
13,learner,23,V1-DLS,expert,7514,64,6,0,6,0.1547,1,0.0121,-0.0693,-1,0.5298,0.7473,0.3395,0.3668,47.27,23.48
13,learner,23,V1-ACC,naive,7294,64,7,0,7,0.0517,0,0.0,0.0374,3,0.5741,0.439,0.3316,0.2296,58.17,20.91
13,learner,23,V1-ACC,intermediate,8216,64,7,0,7,0.094,0,0.0,0.0156,9,0.5473,0.393,0.25,0.1334,61.02,15.47
13,learner,23,V1-ACC,expert,7514,64,7,0,7,0.0783,0,0.0,0.0745,2,0.5373,0.2907,0.257,0.1121,77.96,83.5
13,learner,23,CA1-DMS,naive,7294,24,8,0,8,0.0141,0,0.0,0.001,4,0.3889,0.5284,0.3434,0.3254,69.03,52.98
13,learner,23,CA1-DMS,intermediate,8216,24,8,0,8,0.0842,0,0.0,-0.0551,10,0.4001,0.5343,0.4023,0.4028,66.84,84.83
13,learner,23,CA1-DMS,expert,7514,24,8,0,8,0.1487,1,0.0112,0.0366,0,0.3224,0.5131,0.3518,0.396,39.06,66.26
13,learner,23,CA1-DLS,naive,7294,24,6,0,6,0.0147,0,0.0,0.0525,8,0.3946,0.4065,0.3211,0.1466,87.53,74.24
13,learner,23,CA1-DLS,intermediate,8216,24,6,0,6,0.0833,0,0.0,-0.0576,-1,0.3248,0.6536,0.3265,0.4385,55.74,64.7
13,learner,23,CA1-DLS,expert,7514,24,6,0,6,0.0562,0,0.0,-0.0483,-5,0.347,0.7473,0.2539,0.187,75.08,51.25
13,learner,23,CA1-ACC,naive,7294,24,7,0,7,0.085,0,0.0,0.0402,0,0.4065,0.439,0.345,0.2212,57.46,77.14
13,learner,23,CA1-ACC,intermediate,8216,24,7,0,7,0.0658,0,0.0,0.0217,2,0.3305,0.393,0.3067,0.1355,71.31,34.65
13,learner,23,CA1-ACC,expert,7514,24,7,0,7,0.1223,1,0.0075,0.0005,1,0.3333,0.2907,0.3322,0.271,45.08,59.25
13,learner,23,CA1-V1,naive,7294,24,64,0,20,0.2807,2,0.0546,0.0516,1,0.3364,0.5468,0.3027,0.3039,37.12,37.79
13,learner,23,CA1-V1,intermediate,8216,24,64,0,20,0.3734,1,0.0751,0.0159,0,0.3032,0.5448,0.3279,0.3061,19.52,22.54
13,learner,23,CA1-V1,expert,7514,24,64,0,20,0.3732,1,0.075,-0.0234,0,0.232,0.5274,0.2946,0.2889,31.29,19.07
14,learner,39,DMS-DLS,naive,5899,31,26,0,20,0.1054,0,0.0,-0.0451,-4,0.4494,0.3391,0.2833,0.3294,69.44,86.76
14,learner,39,DMS-DLS,intermediate,4790,31,26,0,20,0.0149,0,0.0,-0.0157,-6,0.5081,0.4563,0.4463,0.3882,79.69,37.51
14,learner,39,DMS-DLS,expert,4206,31,26,0,20,0.1165,0,0.0,0.0367,2,0.5053,0.4492,0.41,0.3597,75.33,80.92
14,learner,39,DMS-ACC,naive,5899,31,23,0,20,0.0971,0,0.0,-0.0988,-4,0.4684,0.925,0.6201,0.6717,31.5,89.81
14,learner,39,DMS-ACC,intermediate,4790,31,23,0,20,0.0209,0,0.0,0.0521,8,0.4974,0.4552,0.4822,0.4636,84.31,63.35
14,learner,39,DMS-ACC,expert,4206,31,23,0,20,0.0948,0,0.0,-0.0585,2,0.4877,0.3601,0.5818,0.4408,88.4,89.91
14,learner,39,DLS-ACC,naive,5899,26,23,0,20,0.0005,0,0.0,0.071,9,0.4185,0.925,0.3926,0.5487,83.22,88.15
14,learner,39,DLS-ACC,intermediate,4790,26,23,0,20,0.0122,0,0.0,0.019,5,0.4529,0.4552,0.3495,0.3833,87.19,87.53
14,learner,39,DLS-ACC,expert,4206,26,23,0,20,0.025,0,0.0,0.0195,-5,0.4372,0.3601,0.3766,0.4425,87.2,79.62
