animal,role,lp,pair,epoch,n_bins,n_units_x,n_units_y,n_units_z,k_eff,cc1,n_sig,mi_sig,ifi,optimal_lag,gini_x,gini_y,gini_x_conn,gini_y_conn,gini_x_sig,gini_y_sig,gini_pearson_x,gini_pearson_y,sh_x_cc1,sh_y_cc1
1,learner,46,DMS-DLS,naive,6871,24,69,0,20,0.1335,0,0.0,0.0218,2,0.257,0.5606,0.401,0.5618,nan,nan,0.2283,0.2844,46.83,48.38
1,learner,46,DMS-DLS,intermediate,5002,24,69,0,20,0.2111,1,0.0228,-0.0161,1,0.1743,0.5107,0.4357,0.5699,0.5617,0.6226,0.231,0.271,55.72,56.93
1,learner,46,DMS-DLS,expert,5411,24,69,0,20,0.1955,1,0.0195,-0.0056,2,0.1696,0.4718,0.4367,0.5478,0.631,0.6363,0.2221,0.2516,49.61,64.49
2,learner,46,DLS-ACC,naive,6843,78,156,211,20,0.0366,0,0.0,-0.1088,-1,0.6836,0.6043,0.7082,0.6062,nan,nan,0.6,0.6875,76.65,84.79
2,learner,46,DLS-ACC,intermediate,4140,78,156,211,20,0.7989,5,1.3868,-0.2996,-1,0.6453,0.5328,0.6512,0.5464,0.662,0.5582,0.5427,0.5664,50.21,62.92
2,learner,46,DLS-ACC,expert,4208,78,156,211,20,0.1686,0,0.0,0.1714,0,0.6867,0.4926,0.7559,0.5495,nan,nan,0.575,0.6115,85.82,86.9
2,learner,46,V1-DLS,naive,6843,96,78,271,20,0.1992,9,5.3795,-0.0047,0,0.5959,0.6859,0.6262,0.6962,0.6061,0.6939,0.7173,0.618,81.18,81.65
2,learner,46,V1-DLS,intermediate,4140,96,78,271,20,-0.1961,0,0.0,0.0307,1,0.483,0.6373,0.4972,0.6401,nan,nan,0.6871,0.5954,76.36,84.91
2,learner,46,V1-DLS,expert,4208,96,78,271,20,-0.0218,0,0.0,-0.1139,-2,0.5001,0.6806,0.4998,0.7051,nan,nan,0.73,0.6297,87.45,79.98
2,learner,46,V1-ACC,naive,6843,96,156,193,20,0.0949,0,0.0,0.0148,0,0.5909,0.6029,0.5844,0.5902,nan,nan,0.4761,0.4816,71.51,66.26
2,learner,46,V1-ACC,intermediate,4140,96,156,193,20,0.2893,12,0.3403,0.0307,0,0.4795,0.5337,0.4836,0.5346,0.4814,0.5369,0.3439,0.3348,88.73,86.06
2,learner,46,V1-ACC,expert,4208,96,156,193,20,-0.7678,8,2.097,0.0324,0,0.5007,0.4936,0.5225,0.5303,0.5132,0.5126,0.4566,0.4039,86.33,86.59
2,learner,46,CA1-DLS,naive,6843,91,78,276,20,0.3342,9,3.9143,0.0669,2,0.5844,0.6864,0.6257,0.6941,0.603,0.6924,0.6555,0.5845,83.32,73.8
2,learner,46,CA1-DLS,intermediate,4140,91,78,276,20,0.4047,5,0.5549,-0.0738,-2,0.4372,0.6456,0.5002,0.6817,0.4982,0.6799,0.1815,0.4267,87.14,84.04
2,learner,46,CA1-DLS,expert,4208,91,78,276,20,0.062,0,0.0,-0.0038,2,0.4903,0.6805,0.4876,0.7112,nan,nan,0.1668,0.422,86.72,82.07
2,learner,46,CA1-ACC,naive,6843,91,156,198,20,0.0905,0,0.0,0.0744,0,0.576,0.6047,0.5572,0.5963,nan,nan,0.4344,0.4567,77.0,66.96
2,learner,46,CA1-ACC,intermediate,4140,91,156,198,20,-0.1859,5,0.7315,-0.1017,-2,0.4327,0.5355,0.4834,0.5589,0.4702,0.5547,0.0925,0.1604,64.96,89.84
2,learner,46,CA1-ACC,expert,4208,91,156,198,20,-0.7618,4,1.0781,0.1126,1,0.4873,0.4919,0.5223,0.5233,0.525,0.51,0.0984,0.156,61.58,65.92
2,learner,46,CA1-V1,naive,6843,91,96,258,20,0.1963,9,0.5822,0.0266,0,0.575,0.5924,0.61,0.6172,0.6013,0.5919,0.3899,0.4178,54.82,42.73
2,learner,46,CA1-V1,intermediate,4140,91,96,258,20,-0.2,10,8.0003,-0.0522,0,0.4298,0.4649,0.4299,0.4894,0.4306,0.4827,0.1718,0.2482,76.74,53.03
2,learner,46,CA1-V1,expert,4208,91,96,258,20,0.8347,8,1.9098,0.0477,0,0.4895,0.4885,0.4707,0.5085,0.4787,0.4894,0.1378,0.2514,71.84,72.7
2,learner,46,DG-DLS,naive,6843,24,78,343,20,0.6001,12,5.5493,0.0188,1,0.6597,0.6869,0.623,0.7116,0.67,0.6893,0.7672,0.6574,85.48,82.19
2,learner,46,DG-DLS,intermediate,4140,24,78,343,20,-0.5442,4,0.4704,0.0299,2,0.3032,0.6438,0.4673,0.6594,0.4813,0.6564,0.6433,0.5863,86.46,80.57
2,learner,46,DG-DLS,expert,4208,24,78,343,20,-0.0044,0,0.0,-0.019,0,0.3076,0.685,0.4187,0.721,nan,nan,0.6554,0.6018,84.41,82.94
2,learner,46,DG-ACC,naive,6843,24,156,265,20,0.1119,0,0.0,0.0399,0,0.664,0.6061,0.68,0.6137,nan,nan,0.5148,0.5203,81.73,50.52
2,learner,46,DG-ACC,intermediate,4140,24,156,265,20,-0.0831,5,0.5707,0.1639,1,0.3074,0.5324,0.3136,0.5495,0.3227,0.5489,0.3147,0.3632,56.62,66.97
2,learner,46,DG-ACC,expert,4208,24,156,265,20,-0.3549,5,0.433,0.0663,0,0.3075,0.4902,0.3685,0.5271,0.3648,0.528,0.2718,0.3183,45.02,57.29
2,learner,46,DG-V1,naive,6843,24,96,325,20,-0.6121,8,3.308,0.0315,0,0.6633,0.5978,0.6893,0.6247,0.7175,0.6246,0.5579,0.5519,72.23,34.9
2,learner,46,DG-V1,intermediate,4140,24,96,325,20,-0.2,9,0.5892,-0.019,0,0.3061,0.48,0.3732,0.484,0.3532,0.4849,0.3892,0.4482,42.53,68.04
2,learner,46,DG-V1,expert,4208,24,96,325,20,-0.7533,11,2.3514,-0.0167,0,0.3067,0.4994,0.3406,0.5166,0.3343,0.5136,0.4237,0.4872,38.45,63.01
2,learner,46,DG-CA1,intermediate,4140,24,91,330,20,0.6,13,10.7506,0.0058,0,0.3014,0.4355,0.3206,0.4317,0.3055,0.4326,0.2015,0.2384,28.66,45.39
2,learner,46,DG-CA1,expert,4208,24,91,330,20,0.849,11,2.2625,0.0146,0,0.3069,0.4869,0.3661,0.469,0.3269,0.4787,0.254,0.2303,25.59,45.6
3,learner,46,DMS-DLS,naive,5339,8,6,142,6,0.015,0,0.0,0.155,1,0.5602,0.2591,0.6146,0.2782,nan,nan,0.2024,0.3168,73.44,68.13
3,learner,46,DMS-DLS,intermediate,5604,8,6,142,6,0.0923,0,0.0,-0.0023,0,0.1859,0.0519,0.365,0.3472,nan,nan,0.262,0.2373,81.31,52.93
3,learner,46,DMS-DLS,expert,5920,8,6,142,6,0.1628,1,0.0134,-0.0063,0,0.3599,0.1447,0.3218,0.3407,0.4417,0.3721,0.3602,0.304,78.89,48.88
3,learner,46,DMS-ACC,naive,5339,8,57,91,8,0.0134,0,0.0,0.0466,2,0.5674,0.444,0.5176,0.462,nan,nan,0.104,0.1967,88.68,60.58
3,learner,46,DMS-ACC,intermediate,5604,8,57,91,8,0.0576,0,0.0,0.0193,0,0.2352,0.3644,0.2355,0.3935,nan,nan,0.0651,0.2238,86.97,81.9
3,learner,46,DMS-ACC,expert,5920,8,57,91,8,0.0778,0,0.0,0.0033,0,0.3381,0.3958,0.1604,0.4327,nan,nan,0.084,0.1773,59.74,86.17
3,learner,46,DLS-ACC,naive,5339,6,57,93,6,0.0213,0,0.0,-0.0218,0,0.2597,0.4921,0.1984,0.5524,nan,nan,0.1252,0.2643,65.09,83.99
3,learner,46,DLS-ACC,intermediate,5604,6,57,93,6,0.0191,0,0.0,0.0098,0,0.053,0.3847,0.3213,0.4459,nan,nan,0.141,0.2252,65.48,88.85
3,learner,46,DLS-ACC,expert,5920,6,57,93,6,-0.0069,0,0.0,0.0073,-2,0.1441,0.4098,0.3438,0.4743,nan,nan,0.0571,0.215,64.87,77.12
3,learner,46,V1-DMS,naive,5339,43,8,105,8,0.0752,0,0.0,0.0351,0,0.525,0.5673,0.5365,0.5762,nan,nan,0.3276,0.2832,80.76,79.19
3,learner,46,V1-DMS,intermediate,5604,43,8,105,8,0.0581,0,0.0,-0.073,0,0.3276,0.2351,0.3228,0.2666,nan,nan,0.2609,0.167,71.35,73.85
3,learner,46,V1-DMS,expert,5920,43,8,105,8,0.0609,0,0.0,-0.0596,0,0.3311,0.339,0.37,0.2636,nan,nan,0.2615,0.2014,82.84,72.25
3,learner,46,V1-DLS,naive,5339,43,6,107,6,0.014,0,0.0,0.0468,2,0.5085,0.2593,0.5562,0.3079,nan,nan,0.2422,0.1291,83.37,55.8
3,learner,46,V1-DLS,intermediate,5604,43,6,107,6,-0.0003,0,0.0,-0.0924,-1,0.3633,0.0525,0.3836,0.3045,nan,nan,0.2909,0.1328,69.44,82.64
3,learner,46,V1-DLS,expert,5920,43,6,107,6,0.0575,0,0.0,-0.1098,-1,0.3395,0.1441,0.5866,0.3461,nan,nan,0.2494,0.0607,83.35,86.03
3,learner,46,V1-ACC,naive,5339,43,57,56,20,0.2478,1,0.0317,0.0609,0,0.4788,0.4343,0.511,0.5752,0.5927,0.6699,0.3319,0.3501,41.01,40.99
3,learner,46,V1-ACC,intermediate,5604,43,57,56,20,0.1787,1,0.0162,0.1194,0,0.3136,0.3552,0.2763,0.4227,0.3621,0.5061,0.1494,0.1942,78.54,58.72
3,learner,46,V1-ACC,expert,5920,43,57,56,20,0.1395,1,0.0098,0.0496,0,0.3147,0.3927,0.3666,0.4276,0.4567,0.5457,0.1576,0.1802,71.93,67.09
3,learner,46,CA1-DMS,naive,5339,42,8,106,8,0.0629,0,0.0,0.0755,1,0.4357,0.5675,0.515,0.3877,nan,nan,0.2313,0.153,89.54,72.1
3,learner,46,CA1-DMS,intermediate,5604,42,8,106,8,0.1071,0,0.0,0.0107,1,0.3732,0.2348,0.4254,0.3182,nan,nan,0.2993,0.1634,70.3,66.59
3,learner,46,CA1-DMS,expert,5920,42,8,106,8,0.0932,0,0.0,0.0518,0,0.3147,0.3378,0.4543,0.5273,nan,nan,0.1758,0.1253,60.91,23.3
3,learner,46,CA1-DLS,naive,5339,42,6,108,6,-0.0297,0,0.0,-0.1319,-2,0.4492,0.2593,0.4784,0.4468,nan,nan,0.1975,0.0796,71.96,74.32
3,learner,46,CA1-DLS,intermediate,5604,42,6,108,6,0.0132,0,0.0,-0.0704,-2,0.391,0.0521,0.4463,0.096,nan,nan,0.2197,0.0824,84.56,78.83
3,learner,46,CA1-DLS,expert,5920,42,6,108,6,0.0228,0,0.0,-0.0201,-1,0.3682,0.1438,0.3886,0.1711,nan,nan,0.2183,0.041,77.06,77.72
3,learner,46,CA1-ACC,naive,5339,42,57,57,20,0.1016,0,0.0,0.0176,-1,0.4045,0.4366,0.4865,0.4976,nan,nan,0.1282,0.1195,63.66,61.72
3,learner,46,CA1-ACC,intermediate,5604,42,57,57,20,0.1344,1,0.0091,0.047,-1,0.3419,0.3578,0.4395,0.4171,0.5156,0.508,0.1221,0.1162,55.28,57.07
3,learner,46,CA1-ACC,expert,5920,42,57,57,20,0.0973,0,0.0,0.0591,-1,0.3051,0.3956,0.3482,0.404,nan,nan,0.1105,0.1023,73.98,85.31
3,learner,46,CA1-V1,naive,5339,42,43,71,20,-0.0057,0,0.0,0.0649,2,0.4029,0.4838,0.4963,0.548,nan,nan,0.0893,0.1358,89.26,89.64
3,learner,46,CA1-V1,intermediate,5604,42,43,71,20,-0.0095,0,0.0,-0.0009,-2,0.3415,0.3156,0.3869,0.3241,nan,nan,0.0772,0.0702,89.25,75.63
3,learner,46,CA1-V1,expert,5920,42,43,71,20,0.0141,0,0.0,-0.0416,0,0.3043,0.3155,0.3579,0.3324,nan,nan,0.1064,0.1086,83.73,77.48
4,learner,46,DMS-DLS,naive,6305,10,19,114,10,0.2165,2,0.042,-0.0328,-2,0.516,0.4361,0.3581,0.4181,0.362,0.4074,0.7716,0.6511,68.23,69.71
4,learner,46,DMS-DLS,intermediate,6159,10,19,114,10,0.0331,0,0.0,-0.2264,-1,0.5244,0.3519,0.542,0.4935,nan,nan,0.5413,0.4114,36.63,79.34
4,learner,46,DMS-DLS,expert,6453,10,19,114,10,0.3002,5,0.1307,-0.0019,0,0.206,0.3779,0.2746,0.4613,0.2574,0.4696,0.2695,0.3924,87.76,82.98
4,learner,46,V1-DMS,naive,6305,34,10,99,10,-0.0002,0,0.0,-0.3443,-1,0.5732,0.5157,0.5816,0.5597,nan,nan,0.7501,0.814,81.37,48.56
4,learner,46,V1-DMS,intermediate,6159,34,10,99,10,0.056,0,0.0,-0.3656,-2,0.4406,0.5245,0.5178,0.6432,nan,nan,0.7218,0.6979,56.8,89.08
4,learner,46,V1-DMS,expert,6453,34,10,99,10,0.2059,5,0.1025,-0.3752,-1,0.4567,0.2067,0.4857,0.3347,0.4848,0.3346,0.39,0.3205,89.22,77.96
4,learner,46,V1-DLS,naive,6305,34,19,90,19,-0.1755,9,0.1884,0.0534,1,0.5467,0.4464,0.5378,0.4719,0.5385,0.4759,0.6673,0.6756,85.36,87.34
4,learner,46,V1-DLS,intermediate,6159,34,19,90,19,0.0527,0,0.0,0.0899,2,0.3834,0.5104,0.4848,0.4312,nan,nan,0.2312,0.1346,58.02,86.93
4,learner,46,V1-DLS,expert,6453,34,19,90,19,0.2657,8,0.1839,0.0498,0,0.4477,0.4199,0.4672,0.4473,0.4631,0.4613,0.4769,0.4828,86.54,75.27
4,learner,46,CA1-DMS,naive,6305,36,10,97,10,-0.2068,4,0.0842,0.045,2,0.4906,0.5157,0.5166,0.4451,0.5173,0.4504,0.262,0.314,84.74,89.65
4,learner,46,CA1-DMS,intermediate,6159,36,10,97,10,0.0476,0,0.0,0.0237,-1,0.4385,0.5237,0.4862,0.6192,nan,nan,0.2174,0.3636,60.99,24.67
4,learner,46,CA1-DMS,expert,6453,36,10,97,10,0.2042,4,0.0969,0.0526,2,0.3808,0.2059,0.4508,0.309,0.452,0.2971,0.2254,0.1888,79.71,86.42
4,learner,46,CA1-DLS,naive,6305,36,19,88,19,0.4462,4,0.364,-0.0232,0,0.4781,0.4467,0.5366,0.4241,0.5371,0.4288,0.2269,0.1764,44.35,66.47
4,learner,46,CA1-DLS,intermediate,6159,36,19,88,19,0.0463,0,0.0,-0.0018,-1,0.398,0.5106,0.4667,0.5298,nan,nan,0.167,0.1898,79.95,88.45
4,learner,46,CA1-DLS,expert,6453,36,19,88,19,-0.1784,8,0.1546,-0.0426,0,0.3285,0.4199,0.39,0.4039,0.3894,0.4046,0.1458,0.1478,87.79,80.85
4,learner,46,CA1-V1,naive,6305,36,34,73,20,-0.1243,9,0.1941,0.0862,0,0.4721,0.5482,0.4943,0.5405,0.4945,0.5439,0.1775,0.2755,43.79,63.05
4,learner,46,CA1-V1,intermediate,6159,36,34,73,20,0.0592,0,0.0,-0.0317,-2,0.3952,0.3874,0.5074,0.5307,nan,nan,0.1084,0.1786,76.94,72.85
4,learner,46,CA1-V1,expert,6453,36,34,73,20,0.2835,9,0.2043,0.0015,-2,0.3279,0.4351,0.3607,0.4692,0.3539,0.464,0.1217,0.1571,68.84,63.07
4,learner,46,DG-DMS,naive,6305,44,10,89,10,0.0445,0,0.0,-0.0301,0,0.5468,0.5161,0.606,0.5575,nan,nan,0.5274,0.5875,79.15,75.66
4,learner,46,DG-DMS,intermediate,6159,44,10,89,10,0.0421,0,0.0,-0.022,-2,0.4783,0.5236,0.4875,0.5481,nan,nan,0.2623,0.3768,77.0,87.34
4,learner,46,DG-DMS,expert,6453,44,10,89,10,0.0123,0,0.0,-0.0785,-2,0.3589,0.2055,0.4398,0.3053,nan,nan,0.1873,0.1713,85.06,88.14
4,learner,46,DG-DLS,naive,6305,44,19,80,19,0.0185,0,0.0,-0.0213,-1,0.4949,0.4466,0.5376,0.4254,nan,nan,0.4171,0.4331,83.73,64.7
4,learner,46,DG-DLS,intermediate,6159,44,19,80,19,0.016,0,0.0,-0.0062,0,0.4258,0.5104,0.496,0.5264,nan,nan,0.1906,0.1384,79.22,88.11
4,learner,46,DG-DLS,expert,6453,44,19,80,19,0.0586,0,0.0,0.0587,2,0.342,0.4197,0.3861,0.4434,nan,nan,0.2057,0.2251,80.69,52.99
4,learner,46,DG-V1,naive,6305,44,34,65,20,0.0217,0,0.0,0.034,1,0.4939,0.5479,0.5092,0.5514,nan,nan,0.4854,0.5825,66.92,81.52
4,learner,46,DG-V1,intermediate,6159,44,34,65,20,0.027,0,0.0,0.0311,1,0.4268,0.391,0.4641,0.4396,nan,nan,0.1379,0.2082,85.03,86.91
4,learner,46,DG-V1,expert,6453,44,34,65,20,0.0346,0,0.0,0.0012,2,0.3451,0.4351,0.3717,0.4724,nan,nan,0.1403,0.1388,88.31,78.79
4,learner,46,DG-CA1,naive,6305,44,36,63,20,0.1885,2,0.0356,-0.0594,-1,0.4923,0.4713,0.562,0.5537,0.614,0.6084,0.2072,0.2083,58.82,58.09
4,learner,46,DG-CA1,intermediate,6159,44,36,63,20,0.1861,1,0.0176,0.0081,1,0.4264,0.3947,0.5075,0.4881,0.6363,0.6192,0.1491,0.1696,40.35,42.65
4,learner,46,DG-CA1,expert,6453,44,36,63,20,0.1441,2,0.0198,-0.0121,-1,0.3433,0.3268,0.3982,0.4331,0.4416,0.4891,0.1329,0.1855,75.63,89.83
