bh_change,bh_exist,config,ifi_delta_median,ifi_pooled_median,n_change,n_exist,p_change,p_exist,pair,window_bins,window_ms
0,0,b25/fsexcl/partial,0.0668,-0.0111,7,7,0.4688,0.6875,DMS-DLS,1,25
0,0,b25/fsexcl/partial,-0.02,-0.0012,7,7,0.4688,0.6875,DMS-DLS,2,50
0,0,b25/fsexcl/partial,-0.0162,0.0113,9,9,0.0742,0.8203,DMS-ACC,1,25
0,0,b25/fsexcl/partial,-0.045,0.0012,9,9,0.6523,1.0,DMS-ACC,2,50
0,0,b25/fsexcl/partial,-0.026,0.007,7,7,0.5781,0.6875,DLS-ACC,1,25
0,0,b25/fsexcl/partial,-0.0505,0.004,7,7,0.1562,0.8125,DLS-ACC,2,50
0,0,b25/fsexcl/plain,0.0094,-0.0034,7,7,0.8125,0.9375,DMS-DLS,1,25
0,0,b25/fsexcl/plain,0.007,-0.0007,7,7,0.8125,0.8125,DMS-DLS,2,50
0,0,b25/fsexcl/plain,-0.0046,0.0061,9,9,0.4961,0.6523,DMS-ACC,1,25
0,0,b25/fsexcl/plain,-0.025,0.007,9,9,0.5703,1.0,DMS-ACC,2,50
0,0,b25/fsexcl/plain,-0.009,0.0221,7,7,0.5781,0.2969,DLS-ACC,1,25
0,0,b25/fsexcl/plain,-0.0271,0.0022,7,7,0.1094,0.5781,DLS-ACC,2,50
0,0,b25/fsincl/partial,0.0392,0.0018,8,8,0.6406,0.7422,DMS-DLS,1,25
0,0,b25/fsincl/partial,-0.0119,0.0057,8,8,1.0,0.4609,DMS-DLS,2,50
0,0,b25/fsincl/partial,-0.0155,0.009,11,11,0.2402,0.5771,DMS-ACC,1,25
0,0,b25/fsincl/partial,-0.0386,0.0079,11,11,0.2783,0.8311,DMS-ACC,2,50
0,0,b25/fsincl/partial,-0.0217,-0.024,8,8,0.3828,0.1484,DLS-ACC,1,25
0,0,b25/fsincl/partial,-0.0561,-0.0384,8,8,0.25,0.1953,DLS-ACC,2,50
0,0,b25/fsincl/plain,-0.0017,0.0029,8,8,0.9453,0.7422,DMS-DLS,1,25
0,0,b25/fsincl/plain,0.0054,0.0015,8,8,0.7422,0.6406,DMS-DLS,2,50
0,0,b25/fsincl/plain,-0.0051,0.0087,11,11,0.5771,0.4648,DMS-ACC,1,25
0,0,b25/fsincl/plain,-0.0118,0.0158,11,11,0.6377,0.5771,DMS-ACC,2,50
0,0,b25/fsincl/plain,-0.008,-0.0202,8,8,0.3125,0.1094,DLS-ACC,1,25
0,0,b25/fsincl/plain,-0.0434,-0.0148,8,8,0.3125,0.0391,DLS-ACC,2,50
0,0,b10/fsexcl/partial,0.0083,0.0038,7,7,0.375,0.6875,DMS-DLS,1,10
0,0,b10/fsexcl/partial,-0.0043,-0.0089,7,7,1.0,0.9375,DMS-DLS,2,20
0,0,b10/fsexcl/partial,-0.0023,-0.0004,7,7,1.0,1.0,DMS-DLS,3,30
0,0,b10/fsexcl/partial,0.0112,-0.0059,7,7,0.5781,1.0,DMS-DLS,4,40
0,0,b10/fsexcl/partial,0.0225,-0.0016,7,7,0.5781,0.9375,DMS-DLS,5,50
0,0,b10/fsexcl/partial,0.0083,-0.0278,9,9,0.9102,0.1289,DMS-ACC,1,10
0,0,b10/fsexcl/partial,-0.0216,-0.0361,9,9,0.0977,0.3008,DMS-ACC,2,20
0,0,b10/fsexcl/partial,-0.0101,-0.036,9,9,0.1641,0.3594,DMS-ACC,3,30
0,0,b10/fsexcl/partial,-0.012,-0.0213,9,9,0.4258,0.3594,DMS-ACC,4,40
0,0,b10/fsexcl/partial,-0.0158,-0.0082,9,9,0.8203,0.3594,DMS-ACC,5,50
0,0,b10/fsexcl/partial,-0.0157,0.0288,7,7,0.9375,0.1562,DLS-ACC,1,10
0,0,b10/fsexcl/partial,-0.0114,0.014,7,7,0.9375,0.6875,DLS-ACC,2,20
0,0,b10/fsexcl/partial,-0.0316,0.0036,7,7,0.6875,0.4688,DLS-ACC,3,30
0,0,b10/fsexcl/partial,-0.0107,0.0031,7,7,0.6875,0.4688,DLS-ACC,4,40
0,0,b10/fsexcl/partial,-0.0103,-0.0024,7,7,0.5781,0.8125,DLS-ACC,5,50
0,0,b10/fsexcl/plain,0.0254,0.0077,7,7,0.2188,0.4688,DMS-DLS,1,10
0,0,b10/fsexcl/plain,-0.0056,-0.0056,7,7,0.9375,1.0,DMS-DLS,2,20
0,0,b10/fsexcl/plain,-0.0011,0.0023,7,7,1.0,0.8125,DMS-DLS,3,30
0,0,b10/fsexcl/plain,0.0124,-0.0053,7,7,0.5781,1.0,DMS-DLS,4,40
0,0,b10/fsexcl/plain,0.0156,-0.0013,7,7,0.6875,0.9375,DMS-DLS,5,50
0,0,b10/fsexcl/plain,0.0106,-0.0113,9,9,0.8203,0.3008,DMS-ACC,1,10
0,0,b10/fsexcl/plain,0.0015,0.0033,9,9,0.5703,0.6523,DMS-ACC,2,20
0,0,b10/fsexcl/plain,-0.0031,0.0085,9,9,0.4961,0.6523,DMS-ACC,3,30
0,0,b10/fsexcl/plain,-0.0002,0.0107,9,9,0.6523,0.6523,DMS-ACC,4,40
0,0,b10/fsexcl/plain,0.0093,-0.0006,9,9,1.0,0.5703,DMS-ACC,5,50
0,0,b10/fsexcl/plain,-0.0099,0.0205,7,7,0.8125,0.2969,DLS-ACC,1,10
0,0,b10/fsexcl/plain,-0.0043,0.0134,7,7,1.0,0.6875,DLS-ACC,2,20
0,0,b10/fsexcl/plain,-0.0317,0.006,7,7,0.6875,0.8125,DLS-ACC,3,30
0,0,b10/fsexcl/plain,-0.0085,0.0017,7,7,0.6875,0.375,DLS-ACC,4,40
0,0,b10/fsexcl/plain,-0.0058,0.0006,7,7,0.5781,0.8125,DLS-ACC,5,50
0,0,b10/fsincl/partial,0.0047,0.001,8,8,0.9453,0.8438,DMS-DLS,1,10
0,0,b10/fsincl/partial,-0.0032,-0.0005,8,8,0.6406,0.9453,DMS-DLS,2,20
0,0,b10/fsincl/partial,-0.0042,0.0018,8,8,0.3125,0.4609,DMS-DLS,3,30
0,0,b10/fsincl/partial,0.0168,0.002,8,8,0.1953,0.5469,DMS-DLS,4,40
0,0,b10/fsincl/partial,0.0289,0.0001,8,8,0.3125,0.5469,DMS-DLS,5,50
0,0,b10/fsincl/partial,0.0042,-0.0185,11,11,0.5771,0.2402,DMS-ACC,1,10
0,0,b10/fsincl/partial,-0.0091,-0.0028,11,11,0.2783,0.3203,DMS-ACC,2,20
0,0,b10/fsincl/partial,-0.0038,0.0007,11,11,0.3652,0.6377,DMS-ACC,3,30
0,0,b10/fsincl/partial,-0.0193,0.003,11,11,0.5195,0.8311,DMS-ACC,4,40
0,0,b10/fsincl/partial,-0.0089,0.0032,11,11,0.9658,0.8311,DMS-ACC,5,50
0,0,b10/fsincl/partial,-0.027,0.0116,8,8,0.0781,0.8438,DLS-ACC,1,10
0,0,b10/fsincl/partial,-0.0066,-0.0222,8,8,0.7422,0.5469,DLS-ACC,2,20
0,0,b10/fsincl/partial,-0.007,0.0049,8,8,0.8438,0.8438,DLS-ACC,3,30
0,0,b10/fsincl/partial,-0.0014,0.0025,8,8,0.6406,0.9453,DLS-ACC,4,40
0,0,b10/fsincl/partial,-0.0182,-0.0014,8,8,0.1953,0.5469,DLS-ACC,5,50
0,0,b10/fsincl/plain,-0.0007,0.003,8,8,0.7422,0.7422,DMS-DLS,1,10
0,0,b10/fsincl/plain,-0.0146,0.0021,8,8,0.4609,0.8438,DMS-DLS,2,20
0,0,b10/fsincl/plain,-0.0056,0.0069,8,8,0.3828,0.3125,DMS-DLS,3,30
0,0,b10/fsincl/plain,0.0141,-0.0,8,8,0.25,0.6406,DMS-DLS,4,40
0,0,b10/fsincl/plain,0.0114,0.0008,8,8,0.3828,0.4609,DMS-DLS,5,50
0,0,b10/fsincl/plain,0.0072,-0.002,11,11,0.6377,0.4648,DMS-ACC,1,10
0,0,b10/fsincl/plain,0.0057,0.0002,11,11,0.7646,0.8984,DMS-ACC,2,20
0,0,b10/fsincl/plain,-0.0059,0.0031,11,11,0.5771,0.9658,DMS-ACC,3,30
0,0,b10/fsincl/plain,0.0014,0.0111,11,11,0.7646,0.7002,DMS-ACC,4,40
0,0,b10/fsincl/plain,0.0035,0.0158,11,11,0.8311,0.7646,DMS-ACC,5,50
0,0,b10/fsincl/plain,-0.038,-0.0025,8,8,0.1953,0.6406,DLS-ACC,1,10
0,0,b10/fsincl/plain,-0.0117,-0.0108,8,8,0.3828,0.3125,DLS-ACC,2,20
0,0,b10/fsincl/plain,-0.0062,0.007,8,8,0.1484,0.7422,DLS-ACC,3,30
0,0,b10/fsincl/plain,-0.0046,0.0042,8,8,0.5469,0.8438,DLS-ACC,4,40
0,0,b10/fsincl/plain,-0.0081,-0.0013,8,8,0.4609,0.5469,DLS-ACC,5,50
