bh_sig,cc1_med_expert,cc1_med_inter,cc1_med_naive,config,contrast,delta_median,frac_positive,median_diff,n_animals,n_cells,p_animal,p_naive_vs_expert,pair,test
0,0.0839,0.0807,0.1293,b25/fsexcl/partial,,-0.0454,,,7,,,0.2188,DMS-DLS,strength
0,0.0987,0.0541,0.1042,b25/fsexcl/partial,,-0.004,,,9,,,0.5703,DMS-ACC,strength
0,0.1376,0.0214,0.0834,b25/fsexcl/partial,,0.0542,,,7,,,0.2969,DLS-ACC,strength
0,0.0782,0.0929,0.1154,b25/fsexcl/plain,,0.0116,,,7,,,0.9375,DMS-DLS,strength
0,0.0907,0.0465,0.115,b25/fsexcl/plain,,-0.0132,,,9,,,0.3008,DMS-ACC,strength
0,0.036,0.0445,0.0337,b25/fsexcl/plain,,0.0023,,,7,,,0.2969,DLS-ACC,strength
0,0.0819,0.1007,0.1377,b25/fsincl/partial,,0.0094,,,8,,,0.7422,DMS-DLS,strength
0,0.1101,0.0916,0.0943,b25/fsincl/partial,,-0.0042,,,11,,,1.0,DMS-ACC,strength
0,0.0772,0.1381,0.0928,b25/fsincl/partial,,0.0282,,,8,,,0.3828,DLS-ACC,strength
0,0.143,0.1633,0.1341,b25/fsincl/plain,,0.0243,,,8,,,0.1484,DMS-DLS,strength
0,0.1034,0.0886,0.0857,b25/fsincl/plain,,0.0212,,,11,,,0.4131,DMS-ACC,strength
0,0.0602,0.0865,0.0537,b25/fsincl/plain,,0.0456,,,8,,,0.0391,DLS-ACC,strength
0,0.0978,0.0242,0.0815,b10/fsexcl/partial,,0.0535,,,7,,,0.6875,DMS-DLS,strength
0,0.0621,0.0275,0.0702,b10/fsexcl/partial,,-0.0081,,,9,,,1.0,DMS-ACC,strength
0,0.0447,0.0074,0.1238,b10/fsexcl/partial,,-0.0672,,,7,,,0.2188,DLS-ACC,strength
0,0.0411,0.0491,0.0712,b10/fsexcl/plain,,-0.0116,,,7,,,0.8125,DMS-DLS,strength
0,0.0557,0.0093,0.0719,b10/fsexcl/plain,,-0.0356,,,9,,,0.2031,DMS-ACC,strength
0,0.0454,0.0167,0.0478,b10/fsexcl/plain,,0.0091,,,7,,,0.8125,DLS-ACC,strength
0,0.0716,0.0566,0.0921,b10/fsincl/partial,,0.0258,,,8,,,0.8438,DMS-DLS,strength
0,0.098,0.0559,0.1829,b10/fsincl/partial,,0.0043,,,11,,,0.6377,DMS-ACC,strength
1,0.0475,0.0446,0.1178,b10/fsincl/partial,,-0.0329,,,8,,,0.0078,DLS-ACC,strength
0,0.1183,0.0874,0.0822,b10/fsincl/plain,,0.0263,,,8,,,0.25,DMS-DLS,strength
0,0.0686,0.0494,0.0705,b10/fsincl/plain,,0.0043,,,11,,,0.9658,DMS-ACC,strength
0,0.0428,0.0485,0.0485,b10/fsincl/plain,,-0.0094,,,8,,,0.9453,DLS-ACC,strength
,,,,b25/partial,fsincl-fsexcl,,0.522,0.0013,9,69,0.570312,,,fs_incl_minus_excl
,,,,b25/plain,fsincl-fsexcl,,0.638,0.0162,9,69,0.039062,,,fs_incl_minus_excl
,,,,b25/fsexcl,plain-partial,,0.406,-0.0006,9,69,0.25,,,plain_minus_partial
,,,,b25/fsincl,plain-partial,,0.519,0.0025,11,81,0.652344,,,plain_minus_partial
,,,,b10/partial,fsincl-fsexcl,,0.681,0.0098,9,69,0.019531,,,fs_incl_minus_excl
,,,,b10/plain,fsincl-fsexcl,,0.797,0.01,9,69,0.003906,,,fs_incl_minus_excl
,,,,b10/fsexcl,plain-partial,,0.464,0.0,9,69,0.8125,,,plain_minus_partial
,,,,b10/fsincl,plain-partial,,0.531,0.0003,11,81,0.652344,,,plain_minus_partial
,,,,fsexcl/partial,b10-b25,,0.217,-0.0348,9,69,0.003906,,,b10_minus_b25
,,,,fsexcl/plain,b10-b25,,0.203,-0.0378,9,69,0.003906,,,b10_minus_b25
,,,,fsincl/partial,b10-b25,,0.235,-0.0357,11,81,0.009766,,,b10_minus_b25
,,,,fsincl/plain,b10-b25,,0.21,-0.0391,11,81,0.001953,,,b10_minus_b25
