animal,area,n_units,r_fine,r_coarse,r_cross,d_reliability_5cm_minus_2p5,d_structure_fine_minus_cross,zero_frac_2p5cm,zero_frac_5cm
1,DMS,57,0.737662763529085,0.882121589015163,0.797994002884143,0.144458825486077,-0.0603312393550581,0.943001878690285,0.9008078994614
1,DLS,42,0.38851402525359,0.560250368844184,0.496369558163747,0.171736343590594,-0.107855532910157,0.983007917337627,0.972985861759425
1,ACC,34,0.162285907225194,0.341973731033593,0.264549388017272,0.179687823808399,-0.102263480792079,0.964774557165861,0.930963868940754
2,DMS,69,0.410272259444195,0.641447806963224,0.517412496987294,0.231175547519029,-0.107140237543099,0.970458167777853,0.939525759126578
2,DLS,60,0.301954725319113,0.461708963003098,0.417124204521787,0.159754237683985,-0.115169479202675,0.978281365748535,0.957864210167178
2,ACC,64,0.197372758560576,0.327378570198706,0.249256040511779,0.13000581163813,-0.0518832819512027,0.965137944193773,0.930655066530194
3,DMS,19,0.588207068046125,0.762968010486119,0.688136231634317,0.174760942439994,-0.0999291635881921,0.972488713318284,0.94920993227991
3,DLS,22,0.24364633974525,0.421526951702533,0.337383615342314,0.177880611957283,-0.0937372755970645,0.949351015801354,0.912810383747178
3,ACC,6,0.680025597379655,0.794022624021365,0.739231035571555,0.11399702664171,-0.0592054381918994,0.126693002257336,0.0275112866817156
4,DMS,16,0.527096706066124,0.72888867944145,0.612653500992752,0.201791973375327,-0.0855567949266286,0.982320916905444,0.963062820167161
4,DLS,83,0.405009634189553,0.635694644744166,0.562210056270543,0.230685010554612,-0.157200422080989,0.964670487106017,0.938959288217848
4,ACC,53,0.488251883340899,0.673354582237832,0.594163165009385,0.185102698896933,-0.105911281668487,0.897335243553009,0.806093286600162
5,DMS,55,0.62208018947282,0.792775396004349,0.727259620894654,0.170695206531529,-0.105179431421835,0.981346166582044,0.963841446342146
5,DLS,237,0.535227184273871,0.729517276237559,0.610511243248847,0.194290091963688,-0.0752840589749765,0.96697498841034,0.94316227350906
5,ACC,175,0.506162644739258,0.730909104240835,0.615254776895143,0.224746459501578,-0.109092132155885,0.90068213426345,0.813927442902284
6,DMS,5,0.212456468465374,0.354364307104427,0.287819632732053,0.141907838639053,-0.0753631642666787,0.971043236810789,0.944473823373876
6,ACC,5,0.462534925897366,0.613433203023883,0.536132674587964,0.150898277126518,-0.0735977486905983,0.855745074705805,0.783447911158117
7,DMS,13,0.627725314929466,0.737401649122951,0.680447734721817,0.109676334193485,-0.0527224197923508,0.892908989391401,0.811299687360429
7,ACC,62,0.806918134033357,0.899059006619693,0.848566260492671,0.0921408725863356,-0.0416481264593138,0.755499720826354,0.623604287628406
8,DMS,16,0.406146546295097,0.675902677710961,0.522567792270746,0.269756131415864,-0.116421245975649,0.929548395046516,0.870014503263234
8,ACC,17,0.610516144814768,0.79936044639167,0.710000627458047,0.188844301576902,-0.0994844826432791,0.594479699340768,0.368987188784143
9,DMS,28,0.134055468934603,0.237056012619085,0.223750427488201,0.103000543684482,-0.0896949585535978,0.9475976710076,0.912902227722772
9,ACC,34,0.623522775141436,0.855696968931853,0.738249305880576,0.232174193790417,-0.11472653073914,0.787412773901062,0.677444306930693
9,V1,24,0.345598358759379,0.546242744697816,0.468600706545629,0.200644385938437,-0.12300234778625,0.849682208098138,0.751160272277228
10,DMS,20,0.644646540639444,0.841503306999001,0.716233597327697,0.196856766359557,-0.0715870566882527,0.896882871536524,0.884640630127995
10,DLS,20,0.375601066411303,0.706299908193578,0.519667508773586,0.330698841782275,-0.144066442362283,0.883186397984887,0.852094956788098
10,ACC,16,0.197186901682263,0.479939178064197,0.309246336037525,0.282752276381934,-0.112059434355262,0.753463476070529,0.653484301498742
10,V1,7,0.561356778281887,0.789535146159499,0.693900012460037,0.228178367877613,-0.13254323417815,0.780462846347607,0.668088830543704
11,DMS,20,0.101366543403989,0.192653956766779,0.150152882011414,0.0912874133627904,-0.0487863386074249,0.956748661160025,0.93525571273123
11,DLS,5,0.125086693365061,0.203535822127433,0.174627191990314,0.0784491287623716,-0.0495404986252531,0.978805482436235,0.967491838955386
11,ACC,67,0.16298263679559,0.271758053550472,0.184804996613376,0.108775416754882,-0.021822359817786,0.916401924298811,0.868335146898803
11,V1,67,0.670328727421575,0.814380868548936,0.677001270644015,0.144052141127361,-0.00667254322243993,0.886266678769175,0.829706202393906
11,CA1,28,0.336387157476948,0.580014833099005,0.34453013165867,0.243627675622057,-0.0081429741817215,0.893142416265771,0.839669477693145
11,DG,6,0.428537976056484,0.576153704277781,0.503070676775546,0.147615728221297,-0.0745327007190621,0.967209766724154,0.954740206746464
12,DMS,16,0.042987706769908,0.12117061642637,0.0715607310237978,0.0781829096564623,-0.0285730242538898,0.843304417190148,0.724985484807432
12,V1,102,0.860390584984868,0.929106572500839,0.867422450872676,0.0687159875159706,-0.00703186588780791,0.832236514109084,0.73079156183472
12,CA1,81,0.508844133526458,0.776911692950032,0.647491248005951,0.268067559423573,-0.138647114479493,0.807558081563466,0.648732339849042
12,DG,11,0.164891541544976,0.305076240321425,0.323210013123054,0.140184698776449,-0.158318471578078,0.83537740552398,0.722469518095607
13,DMS,8,0.219510516779042,0.255366290859829,0.200148411089698,0.0358557740807873,0.0193621056893442,0.640952901770456,0.501951092611863
13,DLS,6,0.454359349066338,0.568524647284894,0.419875243286521,0.114165298218556,0.0344841057798166,0.624342060291202,0.534534339229969
13,ACC,7,0.637791936585552,0.752270545840237,0.675924323481803,0.114478609254686,-0.0381323868962519,0.699911135415955,0.54474505723205
13,V1,64,0.634506148998985,0.819009785067839,0.735009806928822,0.184503636068854,-0.100503657929838,0.734705037938342,0.574596774193548
13,CA1,24,0.468970310362956,0.687805034939796,0.590525051498957,0.21883472457684,-0.121554741136001,0.761706200013671,0.635275754422477
14,DMS,31,0.546137337732687,0.796670434892081,0.646544676570609,0.250533097159395,-0.100407338837923,0.949963854177424,0.923955562509779
14,DLS,26,0.333577889532172,0.477576897295905,0.370273433654336,0.143999007763733,-0.0366955441221642,0.883016627078385,0.82158504146456
14,ACC,23,0.205570907922496,0.381202370160131,0.262911344198824,0.175631462237635,-0.0573404362763284,0.943251058556233,0.907056798623064
15,DLS,19,0.716222629104379,0.817276016124971,0.692751962764849,0.101053387020592,0.0234706663395305,0.414462509099733,0.380992787441663
15,ACC,21,0.0379480525029926,0.216060554478884,0.210130868959435,0.178112501975892,-0.172182816456442,0.970314648548087,0.951492009616744
16,DMS,19,0.156183526917021,0.312593938511723,0.258772806322188,0.156410411594702,-0.102589279405167,0.832212616074288,0.752921535893155
16,ACC,115,0.212473735758366,0.398117952821021,0.30864609261374,0.185644217062655,-0.0961723568553738,0.930515529939161,0.879985160452606
