group,animal,area,epoch,n_units,corridor_fr,dark_fr,corridor_minus_dark
Task,1,DMS,Trials 1-3,57,2.12720557853942,2.37309941520468,-0.245893836665257
Task,1,DMS,Trials 4-10,57,1.44751836295901,1.83709273182957,-0.389574368870565
Task,1,DMS,Intermediate,57,1.57048259640248,1.46842105263158,0.102061543770898
Task,1,DMS,Expert,57,1.87692929023223,1.81017543859649,0.0667538516357369
Task,1,DLS,Trials 1-3,42,2.26667389811696,2.05396825396825,0.212705644148703
Task,1,DLS,Trials 4-10,42,2.1986055750761,2.14285714285714,0.0557484322189561
Task,1,DLS,Intermediate,42,2.41067469897886,2.18476190476191,0.225912794216955
Task,1,DLS,Expert,42,2.46603748370469,2.28952380952381,0.176513674180884
Task,1,ACC,Trials 1-3,34,0.572523968402254,0.552941176470588,0.0195827919316661
Task,1,ACC,Trials 4-10,34,0.466864841287155,0.531932773109244,-0.0650679318220883
Task,1,ACC,Intermediate,34,0.670035912097919,0.557647058823529,0.11238885327439
Task,1,ACC,Expert,34,0.760666249478319,0.723529411764706,0.0371368377136134
Task,2,DMS,Trials 1-3,69,0.840825010115841,0.973913043478261,-0.13308803336242
Task,2,DMS,Trials 4-10,69,0.877868978230459,0.732505175983437,0.145363802247022
Task,2,DMS,Intermediate,69,0.823550814514903,0.581159420289855,0.242391394225048
Task,2,DMS,Expert,69,0.832991300009754,0.570724637681159,0.262266662328595
Task,2,DLS,Trials 1-3,60,1.12062592358205,1.13333333333333,-0.0127074097512809
Task,2,DLS,Trials 4-10,60,1.335593240257,1.17190476190476,0.163688478352236
Task,2,DLS,Intermediate,60,1.50103924929932,1.251,0.250039249299321
Task,2,DLS,Expert,60,1.50450080231409,1.083,0.421500802314094
Task,2,ACC,Trials 1-3,64,1.42388205336865,1.37708333333333,0.0467987200353166
Task,2,ACC,Trials 4-10,64,1.38347503129758,1.33526785714286,0.0482071741547223
Task,2,ACC,Intermediate,64,1.15081115288227,1.2765625,-0.125751347117729
Task,2,ACC,Expert,64,1.31836535361045,1.2621875,0.0561778536104451
Task,3,DMS,Trials 1-3,19,1.51079696332329,2.28771929824561,-0.776922334922327
Task,3,DMS,Trials 4-10,19,1.2232333560248,3.46616541353383,-2.24293205750904
Task,3,DMS,Intermediate,19,1.397333176435,2.34736842105263,-0.95003524461763
Task,3,DMS,Expert,19,2.4787599398687,3.44842105263158,-0.969661112762874
Task,3,DLS,Trials 1-3,22,1.1963428485374,1.16969696969697,0.0266458788404349
Task,3,DLS,Trials 4-10,22,1.30553537263026,1.20779220779221,0.0977431648380513
Task,3,DLS,Intermediate,22,0.835283153323753,0.923636363636363,-0.0883532103126107
Task,3,DLS,Expert,22,1.37297815269488,1.55181818181818,-0.178840029123298
Task,3,ACC,Trials 1-3,6,16.23540689863,13.6666666666667,2.56874023196332
Task,3,ACC,Trials 4-10,6,20.5557293783518,17.8952380952381,2.66049128311372
Task,3,ACC,Intermediate,6,21.9746645290096,20.8533333333333,1.1213311956763
Task,3,ACC,Expert,6,25.0677944920626,24.45,0.617794492062647
Task,4,DMS,Trials 1-3,16,1.45002228065463,2.0875,-0.637477719345369
Task,4,DMS,Trials 4-10,16,1.20253245276017,1.60892857142857,-0.406396118668402
Task,4,DMS,Intermediate,16,1.14906277742821,1.84,-0.690937222571785
Task,4,DMS,Expert,16,1.32557809411168,2.0675,-0.741921905888323
Task,4,DLS,Trials 1-3,83,1.92989119883585,2.11726907630522,-0.187377877469373
Task,4,DLS,Trials 4-10,83,2.16708126265021,1.90223752151463,0.264843741135581
Task,4,DLS,Intermediate,83,2.14078804607583,1.56120481927711,0.579583226798723
Task,4,DLS,Expert,83,1.89107100415204,1.45204819277108,0.439022811380958
Task,4,ACC,Trials 1-3,53,3.34902021000399,3.65283018867925,-0.303809978675251
Task,4,ACC,Trials 4-10,53,3.5292181263937,3.38975741239892,0.139460713994773
Task,4,ACC,Intermediate,53,3.51123267381905,3.23056603773585,0.280666636083196
Task,4,ACC,Expert,53,3.70086350378759,3.57622641509434,0.124637088693252
Task,5,DMS,Trials 1-3,55,2.55724748717159,2.37333333333333,0.183914153838257
Task,5,DMS,Trials 4-10,55,1.32895171353691,1.15688311688312,0.17206859665379
Task,5,DMS,Intermediate,55,1.29140513423585,1.55890909090909,-0.267503956673239
Task,5,DMS,Expert,55,1.37003361919179,1.52727272727273,-0.157239108080942
Task,5,DLS,Trials 1-3,237,2.2936059523078,2.35977496483826,-0.0661690125304588
Task,5,DLS,Trials 4-10,237,2.23777010421231,2.15997588908981,0.0777942151224988
Task,5,DLS,Intermediate,237,1.96569503446307,1.77350210970464,0.192192924758433
Task,5,DLS,Expert,237,2.09696771213458,1.90050632911392,0.196461383020659
Task,5,ACC,Trials 1-3,175,4.52463061800416,4.06895238095238,0.455678237051776
Task,5,ACC,Trials 4-10,175,4.95040192325605,4.42040816326531,0.529993759990742
Task,5,ACC,Intermediate,175,4.8961356394863,4.87062857142857,0.0255070680577312
Task,5,ACC,Expert,175,5.23450406534489,5.11714285714286,0.117361208202037
Task,6,DMS,Trials 1-3,5,2.4578527682213,2.14666666666667,0.311186101554636
Task,6,DMS,Trials 4-10,5,2.43452336263564,2.81142857142857,-0.376905208792934
Task,6,DMS,Intermediate,5,2.06481819019703,2.1,-0.0351818098029733
Task,6,DMS,Expert,5,1.66814916348514,1.828,-0.159850836514861
Task,6,ACC,Trials 1-3,5,1.65209955242064,1.49333333333333,0.158766219087303
Task,6,ACC,Trials 4-10,5,1.51648770633676,1.19428571428571,0.322201992051048
Task,6,ACC,Intermediate,5,1.84740954975393,1.344,0.50340954975393
Task,6,ACC,Expert,5,2.1327870863979,1.72,0.412787086397904
Task,7,DMS,Trials 1-3,13,1.20022262434872,1.39487179487179,-0.194649170523071
Task,7,DMS,Trials 4-10,13,0.801953468722247,0.843956043956044,-0.042002575233797
Task,7,DMS,Intermediate,13,0.686620018082648,0.790769230769231,-0.104149212686582
Task,7,DMS,Expert,13,0.908622384391798,0.88,0.0286223843917975
Task,7,DLS,Trials 1-3,2,10.6789031314212,5.13333333333333,5.54556979808783
Task,7,DLS,Trials 4-10,2,12.6213307522587,6.85714285714286,5.76418789511585
Task,7,DLS,Intermediate,2,11.4168952627434,6.58,4.83689526274342
Task,7,DLS,Expert,2,9.2179665487769,3.58,5.6379665487769
Task,7,ACC,Trials 1-3,62,4.83084783691796,4.43440860215054,0.396439234767421
Task,7,ACC,Trials 4-10,62,4.95042974717404,4.66866359447005,0.281766152703995
Task,7,ACC,Intermediate,62,4.40828114772716,3.98806451612903,0.420216631598124
Task,7,ACC,Expert,62,4.37206234158071,4.0258064516129,0.346255889967805
Task,8,DMS,Trials 1-3,16,4.39597471231246,4.01666666666667,0.379308045645798
Task,8,DMS,Trials 4-10,16,3.40657487869078,3.63035714285714,-0.223782264166359
Task,8,DMS,Intermediate,16,3.2785096715963,3.49,-0.211490328403701
Task,8,DMS,Expert,16,2.8955465348603,2.98375,-0.0882034651396961
Task,8,ACC,Trials 1-3,17,11.2991514770769,11.1764705882353,0.122680888841611
Task,8,ACC,Trials 4-10,17,11.8346376096792,11.8689075630252,-0.03426995334606
Task,8,ACC,Intermediate,17,11.6453566454744,11.8152941176471,-0.16993747217264
Task,8,ACC,Expert,17,11.5559085915898,12.1611764705882,-0.60526787899844
Task,9,DMS,Trials 1-3,28,1.9477076363802,1.51190476190476,0.435802874475438
Task,9,DMS,Trials 4-10,28,1.8522504076646,1.78265306122449,0.0695973464401096
Task,9,DMS,Intermediate,28,1.85280791267044,1.705,0.14780791267044
Task,9,DMS,Expert,28,2.08171750263555,2.00928571428571,0.0724317883498307
Task,9,ACC,Trials 1-3,34,5.35963320839813,4.25490196078431,1.10473124761382
Task,9,ACC,Trials 4-10,34,5.56141693806955,4.53025210084034,1.03116483722921
Task,9,ACC,Intermediate,34,5.92984521951536,4.85058823529412,1.07925698422124
Task,9,ACC,Expert,34,5.68121341269371,4.90941176470588,0.771801647987824
Task,9,V1,Trials 1-3,24,3.92665449174638,3.39722222222222,0.529432269524156
Task,9,V1,Trials 4-10,24,4.55523636531483,3.63333333333333,0.921903031981498
Task,9,V1,Intermediate,24,4.72351821244053,3.71833333333333,1.0051848791072
Task,9,V1,Expert,24,4.54912064949564,4.04166666666667,0.507453982828971
Task,10,DMS,Trials 1-3,20,1.71343355532195,1.14,0.573433555321947
Task,10,DMS,Trials 4-10,20,3.77403844716132,4.64857142857143,-0.874532981410108
Task,10,DMS,Intermediate,20,4.79393225437062,2.152,2.64193225437062
Task,10,DMS,Expert,20,3.75407460384076,2.062,1.69207460384076
Task,10,DLS,Trials 1-3,20,1.21238359134749,0.94,0.272383591347495
Task,10,DLS,Trials 4-10,20,4.31076330948268,4.46571428571429,-0.154950976231607
Task,10,DLS,Intermediate,20,3.05577936231601,1.317,1.73877936231601
Task,10,DLS,Expert,20,2.25449439037928,1.03,1.22449439037928
Task,10,ACC,Trials 1-3,16,7.21166039760437,6.8,0.411660397604376
Task,10,ACC,Trials 4-10,16,9.20066817050916,10.1035714285714,-0.902903258062267
Task,10,ACC,Intermediate,16,10.835357683772,9.81375,1.02160768377203
Task,10,ACC,Expert,16,10.5379921522012,9.58125,0.956742152201194
Task,10,V1,Trials 1-3,7,5.37440814632795,4.6,0.774408146327949
Task,10,V1,Trials 4-10,7,6.26875179552498,6.17551020408163,0.0932415914433431
Task,10,V1,Intermediate,7,3.47599264082422,7.58,-4.10400735917578
Task,10,V1,Expert,7,3.3693942458735,7.12,-3.7506057541265
Task,11,DMS,Trials 1-3,20,3.60023902846847,2.64183673469388,0.958402293774597
Task,11,DMS,Trials 4-10,20,1.64915410521073,1.94285714285714,-0.293703037646409
Task,11,DMS,Intermediate,20,1.68525972758559,1.945,-0.259740272414408
Task,11,DMS,Expert,20,1.43746350006622,1.587,-0.149536499933778
Task,11,DLS,Trials 1-3,5,0.383953138731904,0.228843537414966,0.155109601316938
Task,11,DLS,Trials 4-10,5,0.392189246176447,0.28,0.112189246176447
Task,11,DLS,Intermediate,5,0.887617320502544,0.884,0.00361732050254349
Task,11,DLS,Expert,5,1.5766142877092,1.392,0.184614287709202
Task,11,ACC,Trials 1-3,67,1.78494306205496,1.58927809929942,0.195664962755536
Task,11,ACC,Trials 4-10,67,1.49932406996095,1.4771855010661,0.0221385688948545
Task,11,ACC,Intermediate,67,1.79105375735024,1.73731343283582,0.0537403245144177
Task,11,ACC,Expert,67,1.85932049479604,1.77373134328358,0.0855891515124565
Task,11,V1,Trials 1-3,67,2.59539281557327,1.44132399228348,1.15406882328979
Task,11,V1,Trials 4-10,67,2.8793765379659,1.90149253731343,0.977884000652462
Task,11,V1,Intermediate,67,2.8483093297351,2.49791044776119,0.350398881973902
Task,11,V1,Expert,67,2.8846170300099,2.43253731343284,0.45207971657706
Task,11,CA1,Trials 1-3,28,2.87614511697988,2.81034985422741,0.0657952627524763
Task,11,CA1,Trials 4-10,28,3.46144479733022,3.02040816326531,0.441036634064915
Task,11,CA1,Intermediate,28,5.74734709579425,5.46285714285714,0.284489952937106
Task,11,CA1,Expert,28,5.5639223475026,5.45714285714286,0.106779490359739
Task,12,DMS,Trials 1-3,16,2.79776701996628,2.99438775510204,-0.196620735135758
Task,12,DMS,Trials 4-10,16,2.71808495790731,2.7,0.0180849579073143
Task,12,V1,Trials 1-3,102,5.36223603052671,4.77436307856476,0.587872951961954
Task,12,V1,Trials 4-10,102,5.09906589407792,4.84985994397759,0.249205950100326
Task,12,CA1,Trials 1-3,81,6.82603101979033,6.60969177794575,0.21633924184458
Task,12,CA1,Trials 4-10,81,7.4839712511203,7.08677248677249,0.397198764347814
Task,13,DMS,Trials 1-3,8,1.04049126278598,0.658333333333333,0.382157929452646
Task,13,DMS,Trials 4-10,8,0.686200292795558,0.582142857142857,0.104057435652701
Task,13,DMS,Intermediate,8,1.39673884169496,1.4975,-0.100761158305041
Task,13,DMS,Expert,8,2.84460403059406,3.055,-0.210395969405939
Task,13,DLS,Trials 1-3,6,1.44267591863152,1.12222222222222,0.320453696409301
Task,13,DLS,Trials 4-10,6,2.14693381434767,2.53333333333333,-0.386399518985659
Task,13,DLS,Intermediate,6,7.4212193626535,7.61,-0.188780637346498
Task,13,DLS,Expert,6,16.0268720775778,14.9266666666667,1.10020541091116
Task,13,ACC,Trials 1-3,7,1.10531317044912,0.904761904761905,0.20055126568721
Task,13,ACC,Trials 4-10,7,1.29268214968602,1.36734693877551,-0.0746647890894911
Task,13,ACC,Intermediate,7,2.14859762849686,2.19714285714286,-0.048545228645998
Task,13,ACC,Expert,7,2.72086547943564,2.87428571428571,-0.153420234850074
Task,13,V1,Trials 1-3,64,2.80779774319933,2.203125,0.604672743199335
Task,13,V1,Trials 4-10,64,2.93868813821127,2.22767857142857,0.711009566782701
Task,13,V1,Intermediate,64,2.9223833411481,2.61625,0.306133341148095
Task,13,V1,Expert,64,3.46110227132005,2.9965625,0.464539771320053
Task,13,CA1,Trials 1-3,24,9.01699299441219,9.08611111111111,-0.0691181166989168
Task,13,CA1,Trials 4-10,24,8.83376473669138,8.85595238095238,-0.022187644260999
Task,13,CA1,Intermediate,24,8.68953706435359,9.26666666666667,-0.577129602313084
Task,13,CA1,Expert,24,9.19907590966967,9.75083333333333,-0.551757423663663
Task,14,DMS,Trials 1-3,31,2.97018614637986,3.82795698924731,-0.857770842867457
Task,14,DMS,Trials 4-10,31,2.63140875089486,3.37511520737327,-0.743706456478412
Task,14,DMS,Intermediate,31,1.33122609531334,1.56387096774194,-0.232644872428599
Task,14,DMS,Expert,31,2.09481459117611,1.93612903225806,0.158685558918043
Task,14,DLS,Trials 1-3,26,2.07990251530632,1.94615384615385,0.133748669152472
Task,14,DLS,Trials 4-10,26,2.65874017020198,2.64065934065934,0.0180808295426429
Task,14,DLS,Intermediate,26,3.86354166284067,3.57692307692308,0.286618585917598
Task,14,DLS,Expert,26,3.26906813370159,2.93153846153846,0.33752967216313
Task,14,ACC,Trials 1-3,23,0.1347006620004,0.144927536231884,-0.0102268742314836
Task,14,ACC,Trials 4-10,23,0.233717824983651,0.22111801242236,0.0125998125612909
Task,14,ACC,Intermediate,23,0.419407904221015,0.570434782608696,-0.15102687838768
Task,14,ACC,Expert,23,0.590951986583626,0.79304347826087,-0.202091491677243
Task,15,DMS,Trials 1-3,2,2.17609461866058,2.43333333333333,-0.25723871467275
Task,15,DMS,Trials 4-10,2,1.58027362380271,1.58571428571429,-0.00544066191157544
Task,15,DMS,Intermediate,2,0.676298720316586,0.76,-0.083701279683414
Task,15,DMS,Expert,2,1.08540101434342,0.84,0.245401014343421
Task,15,DLS,Trials 1-3,19,40.367859296332,36.919298245614,3.44856105071797
Task,15,DLS,Trials 4-10,19,40.3723560153267,41.0827067669173,-0.710350751590589
Task,15,DLS,Intermediate,19,39.7828175286547,42.2621052631579,-2.47928773450322
Task,15,DLS,Expert,19,41.7464949764638,42.698947368421,-0.952452391957245
Task,15,ACC,Trials 1-3,21,0.108514929600055,0.0444444444444444,0.0640704851556108
Task,15,ACC,Trials 4-10,21,0.301000651667857,0.204081632653061,0.0969190190147963
Task,15,ACC,Intermediate,21,0.42324689005314,0.36,0.0632468900531403
Task,15,ACC,Expert,21,1.55852983548271,1.38095238095238,0.17757745453033
Task,16,DMS,Trials 1-3,19,2.3782755724522,2.56491228070175,-0.18663670824955
Task,16,DMS,Trials 4-10,19,2.27962577658252,2.29473684210526,-0.0151110655227447
Task,16,ACC,Trials 1-3,115,2.0760819225054,2.16347826086957,-0.0873963383641665
Task,16,ACC,Trials 4-10,115,2.04878296646483,2.17540372670807,-0.126620760243247
Control 1,1,DMS,Trials 1-3,27,1.75760548363422,1.4641975308642,0.293407952770027
Control 1,1,DMS,Trials 4-10,27,1.45969183445683,1.14920634920635,0.31048548525048
Control 1,1,DMS,Intermediate,27,1.36550886720179,2.41777777777778,-1.05226891057599
Control 1,1,DMS,Expert,27,1.39194452775996,2.73555555555556,-1.34361102779559
Control 1,1,DLS,Trials 1-3,78,1.90211429356512,1.57008547008547,0.332028823479649
Control 1,1,DLS,Trials 4-10,78,2.62588782241775,2.24761904761905,0.378268774798703
Control 1,1,DLS,Intermediate,78,2.79675080273145,2.63820512820513,0.158545674526318
Control 1,1,DLS,Expert,78,2.76006876121495,2.69564102564103,0.0644277355739282
Control 1,2,DMS,Trials 1-3,2,0.507685531011904,1.53333333333333,-1.02564780232143
Control 1,2,DMS,Trials 4-10,2,0.260349235818955,1.74285714285714,-1.48250790703819
Control 1,2,DMS,Intermediate,2,0.284743919334618,1.03,-0.745256080665383
Control 1,2,DMS,Expert,2,0.285373826679884,0.87,-0.584626173320116
Control 1,2,DLS,Trials 1-3,81,1.63977250995301,1.66666666666667,-0.0268941567136547
Control 1,2,DLS,Trials 4-10,81,1.84650265177774,1.70864197530864,0.137860676469102
Control 1,2,DLS,Intermediate,81,1.61518565746986,1.63432098765432,-0.0191353301844608
Control 1,2,DLS,Expert,81,1.49962033735586,1.55456790123457,-0.0549475638787078
Control 1,2,ACC,Trials 1-3,172,3.70089350842632,3.71240310077519,-0.0115095923488737
Control 1,2,ACC,Trials 4-10,172,3.66326703160867,3.8171096345515,-0.153842602942826
Control 1,2,ACC,Intermediate,172,3.78651298551238,4.07593023255814,-0.289417247045762
Control 1,2,ACC,Expert,172,3.89416212286539,3.93744186046512,-0.0432797375997223
Control 1,2,V1,Trials 1-3,103,3.78400278599978,3.85307443365696,-0.0690716476571791
Control 1,2,V1,Trials 4-10,103,4.06075124150924,4.13841886269071,-0.0776676211814706
Control 1,2,V1,Intermediate,103,4.81675746971869,4.50427184466019,0.312485625058498
Control 1,2,V1,Expert,103,5.26552757234466,4.60834951456311,0.657178057781553
Control 1,2,CA1,Trials 1-3,92,3.15452629160134,2.9036231884058,0.250903103195544
Control 1,2,CA1,Trials 4-10,92,3.41874440075653,3.24006211180124,0.178682288955289
Control 1,2,CA1,Intermediate,92,3.48509688943723,3.43869565217391,0.0464012372633138
Control 1,2,CA1,Expert,92,3.77474107428764,3.68304347826087,0.0916975960267665
Control 1,3,DMS,Trials 1-3,9,2.77242734931745,3.42222222222222,-0.649794872904769
Control 1,3,DMS,Trials 4-10,9,2.12844554124871,2.22857142857143,-0.100125887322716
Control 1,3,DMS,Intermediate,9,1.89251611376131,1.8,0.0925161137613064
Control 1,3,DMS,Expert,9,2.22968602330329,2.24888888888889,-0.0192028655856036
Control 1,3,DLS,Trials 1-3,7,3.62358591136516,3.40952380952381,0.214062101841346
Control 1,3,DLS,Trials 4-10,7,3.72004349257921,3.50612244897959,0.21392104359962
Control 1,3,DLS,Intermediate,7,3.14256368796117,3.33428571428571,-0.191722026324545
Control 1,3,DLS,Expert,7,3.42820938962828,3.51714285714286,-0.088933467514575
Control 1,3,ACC,Trials 1-3,65,8.3424099860413,8.80307692307692,-0.46066693703562
Control 1,3,ACC,Trials 4-10,65,7.8719085760104,8.35648351648352,-0.484574940473119
Control 1,3,ACC,Intermediate,65,7.61815361428088,8.08553846153846,-0.467384847257581
Control 1,3,ACC,Expert,65,7.41770965749753,7.59292307692308,-0.175213419425552
Control 1,3,V1,Trials 1-3,49,3.77098568772463,4.22448979591837,-0.45350410819374
Control 1,3,V1,Trials 4-10,49,4.20452347293469,4.92594752186589,-0.721424048931201
Control 1,3,V1,Intermediate,49,5.29714659323515,6.56244897959184,-1.26530238635668
Control 1,3,V1,Expert,49,5.65956264672825,6.39918367346939,-0.739621026741136
Control 1,3,CA1,Trials 1-3,45,5.38070076627156,5.52888888888889,-0.148188122617329
Control 1,3,CA1,Trials 4-10,45,5.37414378451085,5.41206349206349,-0.0379197075526383
Control 1,3,CA1,Intermediate,45,6.05862799450078,6.39244444444444,-0.33381644994366
Control 1,3,CA1,Expert,45,6.69377889396251,6.8,-0.106221106037493
Control 1,4,DMS,Trials 1-3,11,1.15034393432604,1.1030303030303,0.0473136312957372
Control 1,4,DMS,Trials 4-10,11,1.66094751555184,1.76883116883117,-0.107883653279328
Control 1,4,DMS,Intermediate,11,1.92310892493219,2.28909090909091,-0.365981984158718
Control 1,4,DMS,Expert,11,2.42476808077582,2.75090909090909,-0.32614101013327
Control 1,4,DLS,Trials 1-3,23,0.787535829070445,0.791304347826087,-0.00376851875564199
Control 1,4,DLS,Trials 4-10,23,2.39970520124453,2.59006211180124,-0.190356910556714
Control 1,4,DLS,Intermediate,23,2.65823758916229,2.49304347826087,0.165194110901423
Control 1,4,DLS,Expert,23,2.88126195605979,2.88086956521739,0.000392390842396839
Control 1,4,ACC,Trials 1-3,7,1.89533132523683,2.04761904761905,-0.152287722382222
Control 1,4,ACC,Trials 4-10,7,1.83961201623788,1.96326530612245,-0.123653289884573
Control 1,4,ACC,Intermediate,7,2.02794303701463,2.09428571428571,-0.0663426772710887
Control 1,4,ACC,Expert,7,2.31387741893354,2.42571428571429,-0.11183686678075
Control 1,4,V1,Trials 1-3,39,3.08770957820166,2.44102564102564,0.646683937176022
Control 1,4,V1,Trials 4-10,39,3.12179090976971,4.15970695970696,-1.03791604993725
Control 1,4,V1,Intermediate,39,2.62072638181948,4.47333333333333,-1.85260695151385
Control 1,4,V1,Expert,39,2.84669404277948,4.44974358974359,-1.60304954696411
Control 1,4,CA1,Trials 1-3,39,6.33015911301266,5.49572649572649,0.834432617286162
Control 1,4,CA1,Trials 4-10,39,6.52825225460846,6.1003663003663,0.427885954242158
Control 1,4,CA1,Intermediate,39,5.93651737732697,5.72871794871795,0.207799428609023
Control 1,4,CA1,Expert,39,5.59315398616013,5.26153846153846,0.331615524621673
Control 1,5,DMS,Trials 1-3,30,2.71048372883342,3.56666666666667,-0.856182937833243
Control 1,5,DMS,Trials 4-10,30,2.32165466485438,3.87904761904762,-1.55739295419324
Control 1,5,DMS,Intermediate,30,2.39832194706952,3.48933333333333,-1.09101138626382
Control 1,5,DMS,Expert,30,2.57605001642618,3.51533333333333,-0.939283316907153
Control 1,5,DLS,Trials 1-3,87,2.77471834610339,2.7816091954023,-0.00689084929890615
Control 1,5,DLS,Trials 4-10,87,2.84341932450673,3.0991789819376,-0.255759657430873
Control 1,5,DLS,Intermediate,87,2.32799841447481,2.38413793103448,-0.0561395165596696
Control 1,5,DLS,Expert,87,1.953212960585,1.95080459770115,0.00240836288385049
Control 1,5,ACC,Trials 1-3,75,4.34620635264554,4.49688888888889,-0.15068253624335
Control 1,5,ACC,Trials 4-10,75,4.44186712526922,4.61980952380952,-0.177942398540301
Control 1,5,ACC,Intermediate,75,4.31910472713635,4.59413333333333,-0.275028606196986
Control 1,5,ACC,Expert,75,4.2134618790653,4.33013333333333,-0.116671454268035
