group,condition,epoch,animal,decoding_error,norm_entropy
Task (Spatial),All,Naive,1,0.292461955246104,0.0839286759187806
Task (Spatial),All,Naive,2,0.371465082493789,0.055554336444883
Task (Spatial),All,Naive,3,0.313798078968914,0.117815496084768
Task (Spatial),All,Naive,4,0.329668640430249,0.0522762025730455
Task (Spatial),All,Naive,5,0.211908522526543,0.0240809037777343
Task (Spatial),All,Naive,6,0.340200131170797,0.581984574941254
Task (Spatial),All,Naive,7,0.261929307220812,0.0856054241514807
Task (Spatial),All,Naive,8,0.312112573949424,0.176687260906074
Task (Spatial),All,Naive,9,0.28763510413113,0.0618918854677896
Task (Spatial),All,Naive,10,0.35764887906713,0.055752415214884
Task (Spatial),All,Naive,11,0.31529983772002,0.0391187952522256
Task (Spatial),All,Naive,13,0.32941024744438,0.0388136687080452
Task (Spatial),All,Naive,14,0.328492050302766,0.108039826312948
Task (Spatial),All,Naive,15,0.331081880817468,0.15429401761776
Task (Spatial),All,Intermediate,1,0.236579488965767,0.0698646350076034
Task (Spatial),All,Intermediate,2,0.264106725343393,0.0560811305888632
Task (Spatial),All,Intermediate,3,0.306496180916479,0.255417217709339
Task (Spatial),All,Intermediate,4,0.278242953413021,0.052192300080151
Task (Spatial),All,Intermediate,5,0.147345689100686,0.0227671993786569
Task (Spatial),All,Intermediate,6,0.366074339626212,0.596843986472926
Task (Spatial),All,Intermediate,7,0.217744679991787,0.0990063445327769
Task (Spatial),All,Intermediate,8,0.314600494515697,0.185723973653389
Task (Spatial),All,Intermediate,9,0.225928599355782,0.0941850947860461
Task (Spatial),All,Intermediate,10,0.381220884691312,0.0603419696132515
Task (Spatial),All,Intermediate,11,0.209234514808336,0.0494331428225997
Task (Spatial),All,Intermediate,13,0.355151478142083,0.0660266741449629
Task (Spatial),All,Intermediate,14,0.295283757895213,0.135521810014623
Task (Spatial),All,Intermediate,15,0.31344405928168,0.136976867651467
Task (Spatial),All,Expert,1,0.20025094890942,0.0736832085069364
Task (Spatial),All,Expert,2,0.228131182335478,0.0598186104755438
Task (Spatial),All,Expert,3,0.362370086825586,0.19368803437858
Task (Spatial),All,Expert,4,0.265645580308154,0.0533680455641018
Task (Spatial),All,Expert,5,0.217511440669621,0.022892912971795
Task (Spatial),All,Expert,6,0.373274178378645,0.588725227096758
Task (Spatial),All,Expert,7,0.140302400820566,0.104508522874923
Task (Spatial),All,Expert,8,0.280375504576992,0.193344335572636
Task (Spatial),All,Expert,9,0.21956774301863,0.111456337414322
Task (Spatial),All,Expert,10,0.383632955938275,0.0759652653325689
Task (Spatial),All,Expert,11,0.191348446295927,0.0507545287429238
Task (Spatial),All,Expert,13,0.393506554490781,0.1218785147257
Task (Spatial),All,Expert,14,0.323591119503718,0.0970955742509885
Task (Spatial),No-DMS,Naive,1,0.344160330188036,0.210453802900106
Task (Spatial),No-DMS,Naive,2,0.405312307141802,0.0846901118027599
Task (Spatial),No-DMS,Naive,3,0.360422975519999,0.302804001328508
Task (Spatial),No-DMS,Naive,4,0.334058343992793,0.0621836807285892
Task (Spatial),No-DMS,Naive,5,0.221091695741689,0.0283593638220055
Task (Spatial),No-DMS,Naive,6,0.317987794510926,0.662534553699266
Task (Spatial),No-DMS,Naive,7,0.270662131815894,0.0949332271115814
Task (Spatial),No-DMS,Naive,8,0.386029476996724,0.249624850229939
Task (Spatial),No-DMS,Naive,9,0.287757708278569,0.070297941336436
Task (Spatial),No-DMS,Naive,10,0.354485282113062,0.0723555203844423
Task (Spatial),No-DMS,Naive,11,0.31916595120846,0.0483804512227038
Task (Spatial),No-DMS,Naive,13,0.302124837666389,0.0266754191583709
Task (Spatial),No-DMS,Naive,14,0.474022258213833,0.164706010583097
Task (Spatial),No-DMS,Naive,15,0.333357305201342,0.162436105797613
Task (Spatial),No-DMS,Intermediate,1,0.308533884009174,0.205878546323578
Task (Spatial),No-DMS,Intermediate,2,0.314002255043881,0.0774126157606152
Task (Spatial),No-DMS,Intermediate,3,0.317225919717088,0.394115518520476
Task (Spatial),No-DMS,Intermediate,4,0.300243819470962,0.0593295960601659
Task (Spatial),No-DMS,Intermediate,5,0.151761308548265,0.0282046271768444
Task (Spatial),No-DMS,Intermediate,6,0.319985404903178,0.626158894661756
Task (Spatial),No-DMS,Intermediate,7,0.234145641499314,0.109193081901864
Task (Spatial),No-DMS,Intermediate,8,0.375903741485036,0.253999893953923
Task (Spatial),No-DMS,Intermediate,9,0.247687622166481,0.118766416123259
Task (Spatial),No-DMS,Intermediate,10,0.367737778080175,0.093001760989973
Task (Spatial),No-DMS,Intermediate,11,0.209171654538647,0.0475587912413445
Task (Spatial),No-DMS,Intermediate,13,0.349516159073312,0.0586023748672311
Task (Spatial),No-DMS,Intermediate,14,0.344803876695365,0.217118253007062
Task (Spatial),No-DMS,Intermediate,15,0.308440192163531,0.139040010606798
Task (Spatial),No-DMS,Expert,1,0.277898251662308,0.156873021975232
Task (Spatial),No-DMS,Expert,2,0.279115030186188,0.0760498447089007
Task (Spatial),No-DMS,Expert,3,0.34146899255522,0.288236465417333
Task (Spatial),No-DMS,Expert,4,0.304639099489696,0.0593651192845018
Task (Spatial),No-DMS,Expert,5,0.238295970174128,0.0225946837165526
Task (Spatial),No-DMS,Expert,6,0.327853403033002,0.63343052502109
Task (Spatial),No-DMS,Expert,7,0.140342982308927,0.117527051874516
Task (Spatial),No-DMS,Expert,8,0.361994741249485,0.255868964864294
Task (Spatial),No-DMS,Expert,9,0.218799583659946,0.126331898198788
Task (Spatial),No-DMS,Expert,10,0.371852169667694,0.0951437554289043
Task (Spatial),No-DMS,Expert,11,0.198010770078952,0.0543747215002094
Task (Spatial),No-DMS,Expert,13,0.382087346261696,0.129675381567135
Task (Spatial),No-DMS,Expert,14,0.39682368960364,0.193795577956901
Task (Spatial),No-DLS,Naive,1,0.286039289998468,0.0759919200829346
Task (Spatial),No-DLS,Naive,2,0.349158333370308,0.0760218653457622
Task (Spatial),No-DLS,Naive,3,0.301205658161196,0.155620844229429
Task (Spatial),No-DLS,Naive,4,0.36119626880181,0.110490625452635
Task (Spatial),No-DLS,Naive,5,0.209155868113274,0.0391835424568181
Task (Spatial),No-DLS,Naive,6,0.340200131170797,0.581984574941254
Task (Spatial),No-DLS,Naive,7,0.257695652539652,0.0880973642759325
Task (Spatial),No-DLS,Naive,8,0.312112573949424,0.176687260906074
Task (Spatial),No-DLS,Naive,9,0.28763510413113,0.0618918854677896
Task (Spatial),No-DLS,Naive,10,0.353464710617403,0.070030701123539
Task (Spatial),No-DLS,Naive,11,0.316704223775532,0.0385821000041877
Task (Spatial),No-DLS,Naive,13,0.333947364445867,0.0625727942409129
Task (Spatial),No-DLS,Naive,14,0.313227720079679,0.162105698337603
Task (Spatial),No-DLS,Naive,15,0.46637437493808,0.593618299737768
Task (Spatial),No-DLS,Intermediate,1,0.245860853162158,0.0744290534150763
Task (Spatial),No-DLS,Intermediate,2,0.293876061945542,0.092911426897457
Task (Spatial),No-DLS,Intermediate,3,0.301539142301233,0.260781899024103
Task (Spatial),No-DLS,Intermediate,4,0.334553921978945,0.111569748339604
Task (Spatial),No-DLS,Intermediate,5,0.186530121861751,0.0409621475412542
Task (Spatial),No-DLS,Intermediate,6,0.366074339626212,0.596843986472926
Task (Spatial),No-DLS,Intermediate,7,0.193577383622705,0.106705225635826
Task (Spatial),No-DLS,Intermediate,8,0.314600494515697,0.185723973653389
Task (Spatial),No-DLS,Intermediate,9,0.225928599355782,0.0941850947860461
Task (Spatial),No-DLS,Intermediate,10,0.377405392071221,0.0775471198044259
Task (Spatial),No-DLS,Intermediate,11,0.208807960198853,0.0482646084250238
Task (Spatial),No-DLS,Intermediate,13,0.339639943614998,0.0474243169708942
Task (Spatial),No-DLS,Intermediate,14,0.34392386515553,0.232691535384162
Task (Spatial),No-DLS,Intermediate,15,0.441961419142307,0.5500236354188
Task (Spatial),No-DLS,Expert,1,0.211278695855048,0.0774139936865382
Task (Spatial),No-DLS,Expert,2,0.284235881481093,0.0841532574569738
Task (Spatial),No-DLS,Expert,3,0.354237318912391,0.233702371106095
Task (Spatial),No-DLS,Expert,4,0.298027334120249,0.110752685523358
Task (Spatial),No-DLS,Expert,5,0.165557458248948,0.0421678240789783
Task (Spatial),No-DLS,Expert,6,0.373274178378645,0.588725227096758
Task (Spatial),No-DLS,Expert,7,0.158152962945241,0.110327283253387
Task (Spatial),No-DLS,Expert,8,0.280375504576992,0.193344335572636
Task (Spatial),No-DLS,Expert,9,0.21956774301863,0.111456337414322
Task (Spatial),No-DLS,Expert,10,0.367401130509974,0.0851105795258599
Task (Spatial),No-DLS,Expert,11,0.200371110985648,0.051727501867807
Task (Spatial),No-DLS,Expert,13,0.357051733608124,0.0957234704974792
Task (Spatial),No-DLS,Expert,14,0.358307127109922,0.19294919984111
Task (Spatial),No-ACC,Naive,1,0.30626300667854,0.0939531117372373
Task (Spatial),No-ACC,Naive,2,0.368361773223696,0.0727265641950761
Task (Spatial),No-ACC,Naive,3,0.311592414810852,0.166353630161834
Task (Spatial),No-ACC,Naive,4,0.352473503545287,0.0733296567384778
Task (Spatial),No-ACC,Naive,5,0.267313612610059,0.0291088011834731
Task (Spatial),No-ACC,Naive,6,0.390236692146585,0.76060241555121
Task (Spatial),No-ACC,Naive,7,0.346487556075268,0.386059727661815
Task (Spatial),No-ACC,Naive,8,0.321665319322311,0.413036127480104
Task (Spatial),No-ACC,Naive,9,0.359645082554161,0.134661548406976
Task (Spatial),No-ACC,Naive,10,0.349852114580788,0.064374706929741
Task (Spatial),No-ACC,Naive,11,0.309887000618019,0.0505002009442467
Task (Spatial),No-ACC,Naive,13,0.372284285288319,0.0458332612327441
Task (Spatial),No-ACC,Naive,14,0.326759754154175,0.131283965821977
Task (Spatial),No-ACC,Naive,15,0.334347826576373,0.178076482136137
Task (Spatial),No-ACC,Intermediate,1,0.244715406413069,0.0784610211322759
Task (Spatial),No-ACC,Intermediate,2,0.260687557811758,0.0839664618657124
Task (Spatial),No-ACC,Intermediate,3,0.342730501499224,0.361671750611609
Task (Spatial),No-ACC,Intermediate,4,0.314568820217026,0.0825159748339835
Task (Spatial),No-ACC,Intermediate,5,0.190980358151487,0.0394511833707005
Task (Spatial),No-ACC,Intermediate,6,0.391158107785028,0.798955068778595
Task (Spatial),No-ACC,Intermediate,7,0.352434017004923,0.434482966553869
Task (Spatial),No-ACC,Intermediate,8,0.334369119758393,0.456769378741578
Task (Spatial),No-ACC,Intermediate,9,0.31391903703673,0.182129714380976
Task (Spatial),No-ACC,Intermediate,10,0.374652925648787,0.0718386189642246
Task (Spatial),No-ACC,Intermediate,11,0.235896657440451,0.0659040988090307
Task (Spatial),No-ACC,Intermediate,13,0.389838566635837,0.0626305352374035
Task (Spatial),No-ACC,Intermediate,14,0.287897803006431,0.150408023607513
Task (Spatial),No-ACC,Intermediate,15,0.315709665236952,0.158240704724445
Task (Spatial),No-ACC,Expert,1,0.212400966143041,0.0798633807690262
Task (Spatial),No-ACC,Expert,2,0.227543883111677,0.0659924875596742
Task (Spatial),No-ACC,Expert,3,0.378278184910545,0.279463571231348
Task (Spatial),No-ACC,Expert,4,0.302520369699586,0.0877931294469821
Task (Spatial),No-ACC,Expert,5,0.276303810338521,0.0313190764566135
Task (Spatial),No-ACC,Expert,6,0.385108298651741,0.78641508287167
Task (Spatial),No-ACC,Expert,7,0.339549249244869,0.405879525202038
Task (Spatial),No-ACC,Expert,8,0.311746023020775,0.452903604138295
Task (Spatial),No-ACC,Expert,9,0.29970669512494,0.203148967998952
Task (Spatial),No-ACC,Expert,10,0.384866846363113,0.0885882977434241
Task (Spatial),No-ACC,Expert,11,0.208587067719506,0.0651149090538716
Task (Spatial),No-ACC,Expert,13,0.384855850608646,0.120206893396339
Task (Spatial),No-ACC,Expert,14,0.319233463469578,0.116469522870232
Task (Spatial),No-V1,Naive,1,0.292461955246104,0.0839286759187806
Task (Spatial),No-V1,Naive,2,0.371465082493789,0.055554336444883
Task (Spatial),No-V1,Naive,3,0.313798078968914,0.117815496084768
Task (Spatial),No-V1,Naive,4,0.329668640430249,0.0522762025730455
Task (Spatial),No-V1,Naive,5,0.211908522526543,0.0240809037777343
Task (Spatial),No-V1,Naive,6,0.340200131170797,0.581984574941254
Task (Spatial),No-V1,Naive,7,0.261929307220812,0.0856054241514807
Task (Spatial),No-V1,Naive,8,0.312112573949424,0.176687260906074
Task (Spatial),No-V1,Naive,9,0.282920955109685,0.0812815999876805
Task (Spatial),No-V1,Naive,10,0.38122475371754,0.058295320453193
Task (Spatial),No-V1,Naive,11,0.36546047782234,0.0758145428049359
Task (Spatial),No-V1,Naive,13,0.438641635693902,0.176970479210529
Task (Spatial),No-V1,Naive,14,0.328492050302766,0.108039826312948
Task (Spatial),No-V1,Naive,15,0.331081880817468,0.15429401761776
Task (Spatial),No-V1,Intermediate,1,0.236579488965767,0.0698646350076034
Task (Spatial),No-V1,Intermediate,2,0.264106725343393,0.0560811305888632
Task (Spatial),No-V1,Intermediate,3,0.306496180916479,0.255417217709339
Task (Spatial),No-V1,Intermediate,4,0.278242953413021,0.052192300080151
Task (Spatial),No-V1,Intermediate,5,0.147345689100686,0.0227671993786569
Task (Spatial),No-V1,Intermediate,6,0.366074339626212,0.596843986472926
Task (Spatial),No-V1,Intermediate,7,0.217744679991787,0.0990063445327769
Task (Spatial),No-V1,Intermediate,8,0.314600494515697,0.185723973653389
Task (Spatial),No-V1,Intermediate,9,0.237591254101012,0.125808072108194
Task (Spatial),No-V1,Intermediate,10,0.391536190967824,0.0683470991646747
Task (Spatial),No-V1,Intermediate,11,0.276225287628889,0.0799727445337367
Task (Spatial),No-V1,Intermediate,13,0.452080253699437,0.250348840244472
Task (Spatial),No-V1,Intermediate,14,0.295283757895213,0.135521810014623
Task (Spatial),No-V1,Intermediate,15,0.31344405928168,0.136976867651467
Task (Spatial),No-V1,Expert,1,0.20025094890942,0.0736832085069364
Task (Spatial),No-V1,Expert,2,0.228131182335478,0.0598186104755438
Task (Spatial),No-V1,Expert,3,0.362370086825586,0.19368803437858
Task (Spatial),No-V1,Expert,4,0.265645580308154,0.0533680455641018
Task (Spatial),No-V1,Expert,5,0.217511440669621,0.022892912971795
Task (Spatial),No-V1,Expert,6,0.373274178378645,0.588725227096758
Task (Spatial),No-V1,Expert,7,0.140302400820566,0.104508522874923
Task (Spatial),No-V1,Expert,8,0.280375504576992,0.193344335572636
Task (Spatial),No-V1,Expert,9,0.235352804116957,0.149181302102089
Task (Spatial),No-V1,Expert,10,0.39504749282861,0.0790659021489655
Task (Spatial),No-V1,Expert,11,0.255069985304121,0.0866803681117309
Task (Spatial),No-V1,Expert,13,0.390595678257966,0.200617627138759
Task (Spatial),No-V1,Expert,14,0.323591119503718,0.0970955742509885
Task (Spatial),No-CA1,Naive,1,0.292461955246104,0.0839286759187806
Task (Spatial),No-CA1,Naive,2,0.371465082493789,0.055554336444883
Task (Spatial),No-CA1,Naive,3,0.313798078968914,0.117815496084768
Task (Spatial),No-CA1,Naive,4,0.329668640430249,0.0522762025730455
Task (Spatial),No-CA1,Naive,5,0.211908522526543,0.0240809037777343
Task (Spatial),No-CA1,Naive,6,0.340200131170797,0.581984574941254
Task (Spatial),No-CA1,Naive,7,0.261929307220812,0.0856054241514807
Task (Spatial),No-CA1,Naive,8,0.312112573949424,0.176687260906074
Task (Spatial),No-CA1,Naive,9,0.28763510413113,0.0618918854677896
Task (Spatial),No-CA1,Naive,10,0.35764887906713,0.055752415214884
Task (Spatial),No-CA1,Naive,11,0.305137279882074,0.0375447867496628
Task (Spatial),No-CA1,Naive,13,0.316797090470134,0.027625555864681
Task (Spatial),No-CA1,Naive,14,0.328492050302766,0.108039826312948
Task (Spatial),No-CA1,Naive,15,0.331081880817468,0.15429401761776
Task (Spatial),No-CA1,Intermediate,1,0.236579488965767,0.0698646350076034
Task (Spatial),No-CA1,Intermediate,2,0.264106725343393,0.0560811305888632
Task (Spatial),No-CA1,Intermediate,3,0.306496180916479,0.255417217709339
Task (Spatial),No-CA1,Intermediate,4,0.278242953413021,0.052192300080151
Task (Spatial),No-CA1,Intermediate,5,0.147345689100686,0.0227671993786569
Task (Spatial),No-CA1,Intermediate,6,0.366074339626212,0.596843986472926
Task (Spatial),No-CA1,Intermediate,7,0.217744679991787,0.0990063445327769
Task (Spatial),No-CA1,Intermediate,8,0.314600494515697,0.185723973653389
Task (Spatial),No-CA1,Intermediate,9,0.225928599355782,0.0941850947860461
Task (Spatial),No-CA1,Intermediate,10,0.381220884691312,0.0603419696132515
Task (Spatial),No-CA1,Intermediate,11,0.240692185910087,0.0504380298524277
Task (Spatial),No-CA1,Intermediate,13,0.349062399469522,0.0585479951121485
Task (Spatial),No-CA1,Intermediate,14,0.295283757895213,0.135521810014623
Task (Spatial),No-CA1,Intermediate,15,0.31344405928168,0.136976867651467
Task (Spatial),No-CA1,Expert,1,0.20025094890942,0.0736832085069364
Task (Spatial),No-CA1,Expert,2,0.228131182335478,0.0598186104755438
Task (Spatial),No-CA1,Expert,3,0.362370086825586,0.19368803437858
Task (Spatial),No-CA1,Expert,4,0.265645580308154,0.0533680455641018
Task (Spatial),No-CA1,Expert,5,0.217511440669621,0.022892912971795
Task (Spatial),No-CA1,Expert,6,0.373274178378645,0.588725227096758
Task (Spatial),No-CA1,Expert,7,0.140302400820566,0.104508522874923
Task (Spatial),No-CA1,Expert,8,0.280375504576992,0.193344335572636
Task (Spatial),No-CA1,Expert,9,0.21956774301863,0.111456337414322
Task (Spatial),No-CA1,Expert,10,0.383632955938275,0.0759652653325689
Task (Spatial),No-CA1,Expert,11,0.230387095338421,0.05044244217217
Task (Spatial),No-CA1,Expert,13,0.37864914217151,0.132602966338524
Task (Spatial),No-CA1,Expert,14,0.323591119503718,0.0970955742509885
Task (Spatial),Shuffle,Naive,1,0.413796770258953,0.0520816454216589
Task (Spatial),Shuffle,Naive,2,0.392865605405324,0.0460466288805599
Task (Spatial),Shuffle,Naive,3,0.41218820454642,0.101394551246499
Task (Spatial),Shuffle,Naive,4,0.399905354754909,0.0331465689273747
Task (Spatial),Shuffle,Naive,5,0.423061844697654,0.013359859411547
Task (Spatial),Shuffle,Naive,6,0.416843019781653,0.53462610906977
Task (Spatial),Shuffle,Naive,7,0.393532376168925,0.0404214146155208
Task (Spatial),Shuffle,Naive,8,0.438972682734859,0.118440496610047
Task (Spatial),Shuffle,Naive,9,0.387370964158225,0.0521821131856892
Task (Spatial),Shuffle,Naive,10,0.394730832260814,0.0396116650149333
Task (Spatial),Shuffle,Naive,11,0.409938093125803,0.0349154927389361
Task (Spatial),Shuffle,Naive,13,0.411189535638537,0.046703537141512
Task (Spatial),Shuffle,Naive,14,0.394861321578574,0.0734026688072395
Task (Spatial),Shuffle,Naive,15,0.415862332927509,0.114255625516254
Task (Spatial),Shuffle,Intermediate,1,0.40882593154171,0.0372395986562492
Task (Spatial),Shuffle,Intermediate,2,0.408720753120986,0.0410325224108482
Task (Spatial),Shuffle,Intermediate,3,0.384548834853211,0.151248664318245
Task (Spatial),Shuffle,Intermediate,4,0.423770788401603,0.0328326609382999
Task (Spatial),Shuffle,Intermediate,5,0.39772603107334,0.0146419303844439
Task (Spatial),Shuffle,Intermediate,6,0.396979859399846,0.529139494753987
Task (Spatial),Shuffle,Intermediate,7,0.410423451953287,0.0509309625127258
Task (Spatial),Shuffle,Intermediate,8,0.424654553109418,0.130393539048445
Task (Spatial),Shuffle,Intermediate,9,0.392982253662381,0.0643373653927395
Task (Spatial),Shuffle,Intermediate,10,0.414837444192333,0.0387494932480791
Task (Spatial),Shuffle,Intermediate,11,0.422681047901978,0.0299314204514083
Task (Spatial),Shuffle,Intermediate,13,0.416763692008558,0.0480235367648978
Task (Spatial),Shuffle,Intermediate,14,0.413227672683355,0.0914820046443382
Task (Spatial),Shuffle,Intermediate,15,0.451635629139479,0.0968492267691133
Task (Spatial),Shuffle,Expert,1,0.411420995497667,0.0387047464011768
Task (Spatial),Shuffle,Expert,2,0.414362714040451,0.0410587675957091
Task (Spatial),Shuffle,Expert,3,0.414822786870877,0.105239897650132
Task (Spatial),Shuffle,Expert,4,0.415066931260149,0.0325672407645991
Task (Spatial),Shuffle,Expert,5,0.388808256097038,0.0126040571850566
Task (Spatial),Shuffle,Expert,6,0.409220259781658,0.522487453827662
Task (Spatial),Shuffle,Expert,7,0.372611882198483,0.0506955697760738
Task (Spatial),Shuffle,Expert,8,0.398515098627612,0.122764524240168
Task (Spatial),Shuffle,Expert,9,0.397216432310746,0.0675079381700732
Task (Spatial),Shuffle,Expert,10,0.400861277144853,0.045428919888692
Task (Spatial),Shuffle,Expert,11,0.379083144622468,0.0352025315393111
Task (Spatial),Shuffle,Expert,13,0.427384138442248,0.0511468415238635
Task (Spatial),Shuffle,Expert,14,0.407373660448074,0.0769974260233925
Control 1 (Spatial),All,Naive,1,0.383337458668663,0.175118122580336
Control 1 (Spatial),All,Naive,2,0.31462654239429,0.0548165684736245
Control 1 (Spatial),All,Naive,3,0.35071855474279,0.104507779031285
Control 1 (Spatial),All,Naive,4,0.340236003188043,0.13715428334094
Control 1 (Spatial),All,Naive,5,0.352971276501777,0.101120570892557
Control 1 (Spatial),All,Intermediate,1,0.328826402324638,0.178475668137696
Control 1 (Spatial),All,Intermediate,2,0.229600294799117,0.0491278907836024
Control 1 (Spatial),All,Intermediate,3,0.281713771408645,0.108326750812368
Control 1 (Spatial),All,Intermediate,4,0.3326395317216,0.17853137705017
Control 1 (Spatial),All,Intermediate,5,0.323437455999389,0.126147491810908
Control 1 (Spatial),All,Expert,1,0.329899590172939,0.179692510260064
Control 1 (Spatial),All,Expert,2,0.247314041499842,0.0410054205479346
Control 1 (Spatial),All,Expert,3,0.297962687722965,0.103036025101322
Control 1 (Spatial),All,Expert,4,0.300722785109338,0.209131620943136
Control 1 (Spatial),All,Expert,5,0.342901830270466,0.114531662273174
Control 1 (Spatial),No-DMS,Naive,1,0.431441431434451,0.198396188421795
Control 1 (Spatial),No-DMS,Naive,2,0.313947098460675,0.0537918748412227
Control 1 (Spatial),No-DMS,Naive,3,0.33977019162768,0.108645561546146
Control 1 (Spatial),No-DMS,Naive,4,0.329202970597945,0.146430489436276
Control 1 (Spatial),No-DMS,Naive,5,0.389838851674216,0.118125400984649
Control 1 (Spatial),No-DMS,Intermediate,1,0.360942777952628,0.211903515902475
Control 1 (Spatial),No-DMS,Intermediate,2,0.230094428829959,0.0489680089977221
Control 1 (Spatial),No-DMS,Intermediate,3,0.272906971472097,0.119847736161762
Control 1 (Spatial),No-DMS,Intermediate,4,0.332159056246421,0.195021394290342
Control 1 (Spatial),No-DMS,Intermediate,5,0.33421458928803,0.148827501618165
Control 1 (Spatial),No-DMS,Expert,1,0.387640747087242,0.211081151839634
Control 1 (Spatial),No-DMS,Expert,2,0.248340222116592,0.0417750718409318
Control 1 (Spatial),No-DMS,Expert,3,0.312161744588426,0.121208744969753
Control 1 (Spatial),No-DMS,Expert,4,0.302648091248018,0.219649701722501
Control 1 (Spatial),No-DMS,Expert,5,0.338511990364374,0.154242969484785
Control 1 (Spatial),No-DLS,Naive,1,0.35238254585103,0.483339942471866
Control 1 (Spatial),No-DLS,Naive,2,0.316477176249829,0.057877333059964
Control 1 (Spatial),No-DLS,Naive,3,0.351158439062124,0.104196016178688
Control 1 (Spatial),No-DLS,Naive,4,0.385312693022427,0.157253199695583
Control 1 (Spatial),No-DLS,Naive,5,0.400098556709111,0.245118270900452
Control 1 (Spatial),No-DLS,Intermediate,1,0.329655753713359,0.513119232258303
Control 1 (Spatial),No-DLS,Intermediate,2,0.231391197300856,0.0522660029565354
Control 1 (Spatial),No-DLS,Intermediate,3,0.28595638934469,0.113388649550819
Control 1 (Spatial),No-DLS,Intermediate,4,0.350008073704275,0.223577683898965
Control 1 (Spatial),No-DLS,Intermediate,5,0.350903834991403,0.238241651548095
Control 1 (Spatial),No-DLS,Expert,1,0.318865970684836,0.511844209814752
Control 1 (Spatial),No-DLS,Expert,2,0.246095376088486,0.0464641464480647
Control 1 (Spatial),No-DLS,Expert,3,0.30675214909859,0.11166372100114
Control 1 (Spatial),No-DLS,Expert,4,0.34651868271151,0.267854408066773
Control 1 (Spatial),No-DLS,Expert,5,0.37071433167463,0.245189502845023
Control 1 (Spatial),No-ACC,Naive,1,0.383337458668663,0.175118122580336
Control 1 (Spatial),No-ACC,Naive,2,0.351545922191759,0.0634341557654876
Control 1 (Spatial),No-ACC,Naive,3,0.375219885733347,0.119141689755463
Control 1 (Spatial),No-ACC,Naive,4,0.337881765883393,0.141643253299399
Control 1 (Spatial),No-ACC,Naive,5,0.363597562689823,0.124159719834317
Control 1 (Spatial),No-ACC,Intermediate,1,0.328826402324638,0.178475668137696
Control 1 (Spatial),No-ACC,Intermediate,2,0.266964114515796,0.066056885234834
Control 1 (Spatial),No-ACC,Intermediate,3,0.29493450158835,0.150691739964786
Control 1 (Spatial),No-ACC,Intermediate,4,0.330747059173308,0.188909137554281
Control 1 (Spatial),No-ACC,Intermediate,5,0.35080311686713,0.140377137155112
Control 1 (Spatial),No-ACC,Expert,1,0.329899590172939,0.179692510260064
Control 1 (Spatial),No-ACC,Expert,2,0.27582667522698,0.0581759285149921
Control 1 (Spatial),No-ACC,Expert,3,0.315169670033283,0.157131833290801
Control 1 (Spatial),No-ACC,Expert,4,0.298745733597396,0.217761562361872
Control 1 (Spatial),No-ACC,Expert,5,0.363497745167246,0.142365255903854
Control 1 (Spatial),No-V1,Naive,1,0.383337458668663,0.175118122580336
Control 1 (Spatial),No-V1,Naive,2,0.363701520911673,0.0693216704776825
Control 1 (Spatial),No-V1,Naive,3,0.364355260154371,0.151913344406316
Control 1 (Spatial),No-V1,Naive,4,0.379835985681035,0.253321372059044
Control 1 (Spatial),No-V1,Naive,5,0.352971276501777,0.101120570892557
Control 1 (Spatial),No-V1,Intermediate,1,0.328826402324638,0.178475668137696
Control 1 (Spatial),No-V1,Intermediate,2,0.2522145851832,0.0665226655255385
Control 1 (Spatial),No-V1,Intermediate,3,0.329615877812459,0.169707186319311
Control 1 (Spatial),No-V1,Intermediate,4,0.343632285502776,0.223942992767573
Control 1 (Spatial),No-V1,Intermediate,5,0.323437455999389,0.126147491810908
Control 1 (Spatial),No-V1,Expert,1,0.329899590172939,0.179692510260064
Control 1 (Spatial),No-V1,Expert,2,0.281520435129538,0.0548483120689894
Control 1 (Spatial),No-V1,Expert,3,0.330972781998129,0.178923371568314
Control 1 (Spatial),No-V1,Expert,4,0.34245898698384,0.246196643610604
Control 1 (Spatial),No-V1,Expert,5,0.342901830270466,0.114531662273174
Control 1 (Spatial),No-CA1,Naive,1,0.383337458668663,0.175118122580336
Control 1 (Spatial),No-CA1,Naive,2,0.297574276459782,0.0688922650181888
Control 1 (Spatial),No-CA1,Naive,3,0.345117090057773,0.120413417748468
Control 1 (Spatial),No-CA1,Naive,4,0.353349208456212,0.173272720272935
Control 1 (Spatial),No-CA1,Naive,5,0.352971276501777,0.101120570892557
Control 1 (Spatial),No-CA1,Intermediate,1,0.328826402324638,0.178475668137696
Control 1 (Spatial),No-CA1,Intermediate,2,0.223445730081878,0.0612873315773834
Control 1 (Spatial),No-CA1,Intermediate,3,0.293751686131643,0.125035715290902
Control 1 (Spatial),No-CA1,Intermediate,4,0.343085682275722,0.240228454001521
Control 1 (Spatial),No-CA1,Intermediate,5,0.323437455999389,0.126147491810908
Control 1 (Spatial),No-CA1,Expert,1,0.329899590172939,0.179692510260064
Control 1 (Spatial),No-CA1,Expert,2,0.255423096972667,0.0549914830349692
Control 1 (Spatial),No-CA1,Expert,3,0.317245523999046,0.11571712875533
Control 1 (Spatial),No-CA1,Expert,4,0.31569264052269,0.253692069753576
Control 1 (Spatial),No-CA1,Expert,5,0.342901830270466,0.114531662273174
Control 1 (Spatial),Shuffle,Naive,1,0.417647495446441,0.152937568495626
Control 1 (Spatial),Shuffle,Naive,2,0.424805786548874,0.0486470762926506
Control 1 (Spatial),Shuffle,Naive,3,0.409362135485385,0.103999465751453
Control 1 (Spatial),Shuffle,Naive,4,0.399710770183545,0.105150507504132
Control 1 (Spatial),Shuffle,Naive,5,0.413300685957772,0.0925757739711791
Control 1 (Spatial),Shuffle,Intermediate,1,0.410084312136181,0.158818889926051
Control 1 (Spatial),Shuffle,Intermediate,2,0.41561318295372,0.0486180056893567
Control 1 (Spatial),Shuffle,Intermediate,3,0.418956632345839,0.0921994240053993
Control 1 (Spatial),Shuffle,Intermediate,4,0.416294744129237,0.148261462438565
Control 1 (Spatial),Shuffle,Intermediate,5,0.402024121733074,0.119118008213651
Control 1 (Spatial),Shuffle,Expert,1,0.404718115300612,0.166739405693558
Control 1 (Spatial),Shuffle,Expert,2,0.400037326890269,0.0491793180972838
Control 1 (Spatial),Shuffle,Expert,3,0.410452091201949,0.0879394594054329
Control 1 (Spatial),Shuffle,Expert,4,0.418426344477771,0.160007612209606
Control 1 (Spatial),Shuffle,Expert,5,0.388114868003615,0.114837296685884
Control 2 (Temporal),All,Naive,1,0.439574113580397,0.0461238264469936
Control 2 (Temporal),All,Naive,2,0.412886418069708,0.100571353764236
Control 2 (Temporal),All,Naive,3,0.45528768060091,0.216692593122418
Control 2 (Temporal),All,Naive,4,0.463485973531107,0.261641412515145
Control 2 (Temporal),All,Naive,5,0.413312401168828,0.139911635541408
Control 2 (Temporal),All,Naive,6,0.364177112753666,0.197756620898824
Control 2 (Temporal),All,Intermediate,1,0.429669540414762,0.0626906483221072
Control 2 (Temporal),All,Intermediate,2,0.397961007793687,0.115854019671658
Control 2 (Temporal),All,Intermediate,3,0.440815704774261,0.232620363417702
Control 2 (Temporal),All,Intermediate,4,0.467024302523948,0.375929742639027
Control 2 (Temporal),All,Intermediate,5,0.398295592735921,0.152644968247397
Control 2 (Temporal),All,Intermediate,6,0.369908302489219,0.214193553905071
Control 2 (Temporal),All,Expert,1,0.399022586851842,0.0561155936490127
Control 2 (Temporal),All,Expert,2,0.38666738609839,0.116069549513036
Control 2 (Temporal),All,Expert,3,0.44072135202166,0.252440494740699
Control 2 (Temporal),All,Expert,4,0.451944750432767,0.383760864912625
Control 2 (Temporal),All,Expert,5,0.442219289703875,0.16260364058233
Control 2 (Temporal),All,Expert,6,0.354408920877095,0.217811568927327
Control 2 (Temporal),No-DMS,Naive,1,0.434817841468263,0.0567684292643502
Control 2 (Temporal),No-DMS,Naive,2,0.414505865978304,0.126823701116382
Control 2 (Temporal),No-DMS,Naive,3,0.471449859552202,0.268771281788281
Control 2 (Temporal),No-DMS,Naive,4,0.477503087115863,0.352893003914501
Control 2 (Temporal),No-DMS,Naive,5,0.416384994701203,0.157567715078694
Control 2 (Temporal),No-DMS,Naive,6,0.351122005806266,0.245543121027151
Control 2 (Temporal),No-DMS,Intermediate,1,0.41517587123032,0.0712211632507855
Control 2 (Temporal),No-DMS,Intermediate,2,0.391424919747567,0.12995311603373
Control 2 (Temporal),No-DMS,Intermediate,3,0.447402558544139,0.284688364839113
Control 2 (Temporal),No-DMS,Intermediate,4,0.457248367700426,0.404291281735925
Control 2 (Temporal),No-DMS,Intermediate,5,0.406242699289331,0.156641072175159
Control 2 (Temporal),No-DMS,Intermediate,6,0.379624274109177,0.279871784165552
Control 2 (Temporal),No-DMS,Expert,1,0.380455110640884,0.0619390061733243
Control 2 (Temporal),No-DMS,Expert,2,0.381725238298911,0.119542891641339
Control 2 (Temporal),No-DMS,Expert,3,0.453701126077563,0.296267454618002
Control 2 (Temporal),No-DMS,Expert,4,0.446406283163273,0.422579266698236
Control 2 (Temporal),No-DMS,Expert,5,0.44686224258456,0.159595234566799
Control 2 (Temporal),No-DMS,Expert,6,0.368985329136638,0.265719897305247
Control 2 (Temporal),No-DLS,Naive,1,0.483549819077273,0.0616143939983563
Control 2 (Temporal),No-DLS,Naive,2,0.413008931672592,0.104266276977418
Control 2 (Temporal),No-DLS,Naive,3,0.426111930977402,0.356304014147283
Control 2 (Temporal),No-DLS,Naive,4,0.463485973531107,0.261641412515145
Control 2 (Temporal),No-DLS,Naive,5,0.413312401168828,0.139911635541408
Control 2 (Temporal),No-DLS,Naive,6,0.417115292124461,0.385849933866847
Control 2 (Temporal),No-DLS,Intermediate,1,0.4605375539327,0.0828416160741376
Control 2 (Temporal),No-DLS,Intermediate,2,0.413965177267529,0.119333528627034
Control 2 (Temporal),No-DLS,Intermediate,3,0.437955454518652,0.33739850298608
Control 2 (Temporal),No-DLS,Intermediate,4,0.467024302523948,0.375929742639027
Control 2 (Temporal),No-DLS,Intermediate,5,0.398295592735921,0.152644968247397
Control 2 (Temporal),No-DLS,Intermediate,6,0.398982718460805,0.430770793053235
Control 2 (Temporal),No-DLS,Expert,1,0.444187971164507,0.0760305311399861
Control 2 (Temporal),No-DLS,Expert,2,0.408187171906586,0.118406904208911
Control 2 (Temporal),No-DLS,Expert,3,0.442857228905704,0.368708548409154
Control 2 (Temporal),No-DLS,Expert,4,0.451944750432767,0.383760864912625
Control 2 (Temporal),No-DLS,Expert,5,0.442219289703875,0.16260364058233
Control 2 (Temporal),No-DLS,Expert,6,0.394715914588562,0.526886106842805
Control 2 (Temporal),No-ACC,Naive,1,0.397424521866905,0.0958479561491369
Control 2 (Temporal),No-ACC,Naive,2,0.423762467850482,0.271962072901255
Control 2 (Temporal),No-ACC,Naive,3,0.464708603466325,0.272112158220567
Control 2 (Temporal),No-ACC,Naive,4,0.480126675505676,0.419028906753049
Control 2 (Temporal),No-ACC,Naive,5,0.470977798898023,0.582910714119231
Control 2 (Temporal),No-ACC,Naive,6,0.357863400927913,0.21305108719403
Control 2 (Temporal),No-ACC,Intermediate,1,0.393527262906367,0.115449091782067
Control 2 (Temporal),No-ACC,Intermediate,2,0.388152470534814,0.320778346166548
Control 2 (Temporal),No-ACC,Intermediate,3,0.455135803224255,0.371354910184683
Control 2 (Temporal),No-ACC,Intermediate,4,0.479502917298921,0.688254037094265
Control 2 (Temporal),No-ACC,Intermediate,5,0.452247185996279,0.723127808295234
Control 2 (Temporal),No-ACC,Intermediate,6,0.370868864956173,0.227717852219179
Control 2 (Temporal),No-ACC,Expert,1,0.369954862475463,0.0971236566998974
Control 2 (Temporal),No-ACC,Expert,2,0.379908517021908,0.342353020622142
Control 2 (Temporal),No-ACC,Expert,3,0.447808111013909,0.372956632400093
Control 2 (Temporal),No-ACC,Expert,4,0.464123432507475,0.694383321862815
Control 2 (Temporal),No-ACC,Expert,5,0.477446097290082,0.810437955437184
Control 2 (Temporal),No-ACC,Expert,6,0.358363192142937,0.223320121092786
Control 2 (Temporal),No-V1,Naive,1,0.439574113580397,0.0461238264469936
Control 2 (Temporal),No-V1,Naive,2,0.412886418069708,0.100571353764236
Control 2 (Temporal),No-V1,Naive,3,0.45528768060091,0.216692593122418
Control 2 (Temporal),No-V1,Naive,4,0.463485973531107,0.261641412515145
Control 2 (Temporal),No-V1,Naive,5,0.413312401168828,0.139911635541408
Control 2 (Temporal),No-V1,Naive,6,0.364177112753666,0.197756620898824
Control 2 (Temporal),No-V1,Intermediate,1,0.429669540414762,0.0626906483221072
Control 2 (Temporal),No-V1,Intermediate,2,0.397961007793687,0.115854019671658
Control 2 (Temporal),No-V1,Intermediate,3,0.440815704774261,0.232620363417702
Control 2 (Temporal),No-V1,Intermediate,4,0.467024302523948,0.375929742639027
Control 2 (Temporal),No-V1,Intermediate,5,0.398295592735921,0.152644968247397
Control 2 (Temporal),No-V1,Intermediate,6,0.369908302489219,0.214193553905071
Control 2 (Temporal),No-V1,Expert,1,0.399022586851842,0.0561155936490127
Control 2 (Temporal),No-V1,Expert,2,0.38666738609839,0.116069549513036
Control 2 (Temporal),No-V1,Expert,3,0.44072135202166,0.252440494740699
Control 2 (Temporal),No-V1,Expert,4,0.451944750432767,0.383760864912625
Control 2 (Temporal),No-V1,Expert,5,0.442219289703875,0.16260364058233
Control 2 (Temporal),No-V1,Expert,6,0.354408920877095,0.217811568927327
Control 2 (Temporal),No-CA1,Naive,1,0.439574113580397,0.0461238264469936
Control 2 (Temporal),No-CA1,Naive,2,0.412886418069708,0.100571353764236
Control 2 (Temporal),No-CA1,Naive,3,0.45528768060091,0.216692593122418
Control 2 (Temporal),No-CA1,Naive,4,0.463485973531107,0.261641412515145
Control 2 (Temporal),No-CA1,Naive,5,0.413312401168828,0.139911635541408
Control 2 (Temporal),No-CA1,Naive,6,0.364177112753666,0.197756620898824
Control 2 (Temporal),No-CA1,Intermediate,1,0.429669540414762,0.0626906483221072
Control 2 (Temporal),No-CA1,Intermediate,2,0.397961007793687,0.115854019671658
Control 2 (Temporal),No-CA1,Intermediate,3,0.440815704774261,0.232620363417702
Control 2 (Temporal),No-CA1,Intermediate,4,0.467024302523948,0.375929742639027
Control 2 (Temporal),No-CA1,Intermediate,5,0.398295592735921,0.152644968247397
Control 2 (Temporal),No-CA1,Intermediate,6,0.369908302489219,0.214193553905071
Control 2 (Temporal),No-CA1,Expert,1,0.399022586851842,0.0561155936490127
Control 2 (Temporal),No-CA1,Expert,2,0.38666738609839,0.116069549513036
Control 2 (Temporal),No-CA1,Expert,3,0.44072135202166,0.252440494740699
Control 2 (Temporal),No-CA1,Expert,4,0.451944750432767,0.383760864912625
Control 2 (Temporal),No-CA1,Expert,5,0.442219289703875,0.16260364058233
Control 2 (Temporal),No-CA1,Expert,6,0.354408920877095,0.217811568927327
Control 2 (Temporal),Shuffle,Naive,1,0.389670113409325,0.0599590226588503
Control 2 (Temporal),Shuffle,Naive,2,0.40315568933227,0.0807797609459404
Control 2 (Temporal),Shuffle,Naive,3,0.404920408585278,0.201575054832752
Control 2 (Temporal),Shuffle,Naive,4,0.396561114206425,0.205510746673586
Control 2 (Temporal),Shuffle,Naive,5,0.407386538816031,0.118179756806154
Control 2 (Temporal),Shuffle,Naive,6,0.392226286423032,0.100234001435412
Control 2 (Temporal),Shuffle,Intermediate,1,0.426308759705737,0.0748570429038568
Control 2 (Temporal),Shuffle,Intermediate,2,0.414595697360254,0.088381570302406
Control 2 (Temporal),Shuffle,Intermediate,3,0.399678967690585,0.267276473304122
Control 2 (Temporal),Shuffle,Intermediate,4,0.415713811447268,0.244068986399213
Control 2 (Temporal),Shuffle,Intermediate,5,0.412426234914022,0.131266414029018
Control 2 (Temporal),Shuffle,Intermediate,6,0.418976123500334,0.105352028318271
Control 2 (Temporal),Shuffle,Expert,1,0.414985025672341,0.0684745332488447
Control 2 (Temporal),Shuffle,Expert,2,0.383932099260244,0.0851050928449653
Control 2 (Temporal),Shuffle,Expert,3,0.401189177418835,0.282813305195606
Control 2 (Temporal),Shuffle,Expert,4,0.39538724952839,0.278673633853516
Control 2 (Temporal),Shuffle,Expert,5,0.437716920594749,0.134636252419918
Control 2 (Temporal),Shuffle,Expert,6,0.397960224791952,0.108620607863895
