group,area,epoch,animal,reliability,shuffle,obs_minus_shuffle
Task (Spatial),DMS,Naive,1,0.300043696643304,0.128857938655825,0.171185757987479
Task (Spatial),DMS,Naive,2,0.481838929308377,0.202652161641292,0.279186767667085
Task (Spatial),DMS,Naive,3,0.322674795629458,0.133046889056212,0.189627906573247
Task (Spatial),DMS,Naive,4,0.464833561667916,0.220564239201208,0.244269322466708
Task (Spatial),DMS,Naive,5,0.281482269738312,0.271629796704859,0.00985247303345277
Task (Spatial),DMS,Naive,6,0.200681319530444,0.286969511275197,-0.0862881917447526
Task (Spatial),DMS,Naive,7,0.162873220823639,0.0819771848550716,0.0808960359685675
Task (Spatial),DMS,Naive,8,0.20707661341459,0.109156318511986,0.0979202949026039
Task (Spatial),DMS,Naive,9,0.213328904769504,0.0804880457575632,0.132840859011941
Task (Spatial),DMS,Naive,10,0.184103417731318,0.0726910364746873,0.111412381256631
Task (Spatial),DMS,Naive,11,0.108794512411035,0.128398738489069,-0.0196042260780347
Task (Spatial),DMS,Naive,13,0.221332772428424,0.0347909835798615,0.186541788848562
Task (Spatial),DMS,Naive,14,0.350587086327771,0.127934342338495,0.222652743989276
Task (Spatial),DMS,Intermediate,1,0.305389022363993,0.118741083186863,0.18664793917713
Task (Spatial),DMS,Intermediate,2,0.488458153174432,0.222240085561548,0.266218067612884
Task (Spatial),DMS,Intermediate,3,0.221439280742259,0.157228207046973,0.0642110736952862
Task (Spatial),DMS,Intermediate,4,0.593344631613485,0.249402881456684,0.343941750156802
Task (Spatial),DMS,Intermediate,5,0.247786090486075,0.218868179873809,0.0289179106122661
Task (Spatial),DMS,Intermediate,6,0.423193733176411,0.145176834837439,0.278016898338972
Task (Spatial),DMS,Intermediate,7,0.08250653219787,0.0723894318478614,0.0101171003500086
Task (Spatial),DMS,Intermediate,8,0.208211281325461,0.0937541337606636,0.114457147564798
Task (Spatial),DMS,Intermediate,9,0.201113917341042,0.0577686926309346,0.143345224710107
Task (Spatial),DMS,Intermediate,10,0.153689399747965,0.0679713596213409,0.0857180401266239
Task (Spatial),DMS,Intermediate,11,0.202468388279933,0.159702429857345,0.0427659584225889
Task (Spatial),DMS,Intermediate,13,0.227991144303033,0.0348746189555578,0.193116525347475
Task (Spatial),DMS,Intermediate,14,0.403954706495294,0.183084149688047,0.220870556807247
Task (Spatial),DMS,Expert,1,0.281935056056673,0.119517045310645,0.162418010746028
Task (Spatial),DMS,Expert,2,0.421522153478748,0.190207495493603,0.231314657985145
Task (Spatial),DMS,Expert,3,0.186492906751731,0.175387503044063,0.011105403707668
Task (Spatial),DMS,Expert,4,0.537167621280398,0.352052608548248,0.18511501273215
Task (Spatial),DMS,Expert,5,0.294349422701112,0.211002868573219,0.0833465541278928
Task (Spatial),DMS,Expert,6,0.351608357747236,0.100888701180724,0.250719656566512
Task (Spatial),DMS,Expert,7,0.105373328539914,0.0513871892635337,0.0539861392763801
Task (Spatial),DMS,Expert,8,0.206847462650978,0.0937388803843518,0.113108582266626
Task (Spatial),DMS,Expert,9,0.200412164546909,0.0957685047228981,0.104643659824011
Task (Spatial),DMS,Expert,10,0.258766053057101,0.0834066181524464,0.175359434904655
Task (Spatial),DMS,Expert,11,0.181052799795696,0.111884402955265,0.0691683968404311
Task (Spatial),DMS,Expert,13,0.179328482885147,0.0480283125530339,0.131300170332113
Task (Spatial),DMS,Expert,14,0.403151732374,0.213683430959358,0.189468301414642
Task (Spatial),DLS,Naive,1,0.306167273462663,0.114434537704493,0.19173273575817
Task (Spatial),DLS,Naive,2,0.322110645410397,0.180355681455664,0.141754963954733
Task (Spatial),DLS,Naive,3,0.198031638378366,0.106991015088738,0.091040623289628
Task (Spatial),DLS,Naive,4,0.189194397004428,0.128516496969713,0.0606779000347146
Task (Spatial),DLS,Naive,5,0.28019642880059,0.166868708467402,0.113327720333188
Task (Spatial),DLS,Naive,10,0.13192958636235,0.0632363037420221,0.0686932826203277
Task (Spatial),DLS,Naive,11,0.1176940065504,0.104838984862861,0.0128550216875399
Task (Spatial),DLS,Naive,13,0.200950314755884,0.0441198910168883,0.156830423738996
Task (Spatial),DLS,Naive,14,0.152235302212173,0.0497100706108763,0.102525231601297
Task (Spatial),DLS,Naive,15,0.14224755223646,0.1777107868412,-0.0354632346047401
Task (Spatial),DLS,Intermediate,1,0.252624195889023,0.155194929395121,0.0974292664939016
Task (Spatial),DLS,Intermediate,2,0.290776679948066,0.244230822358241,0.0465458575898254
Task (Spatial),DLS,Intermediate,3,0.168756270577017,0.136284469746476,0.0324718008305403
Task (Spatial),DLS,Intermediate,4,0.229516340611291,0.15239787974326,0.0771184608680301
Task (Spatial),DLS,Intermediate,5,0.258105509246145,0.16203674703918,0.0960687622069648
Task (Spatial),DLS,Intermediate,10,0.195165024545812,0.0747209466945346,0.120444077851278
Task (Spatial),DLS,Intermediate,11,0.28601207553058,0.226634016798747,0.059378058731833
Task (Spatial),DLS,Intermediate,13,0.198326184666187,0.0293077234433794,0.169018461222808
Task (Spatial),DLS,Intermediate,14,0.2341855376808,0.116000057674846,0.118185480005954
Task (Spatial),DLS,Intermediate,15,0.199218327180838,0.191385680949387,0.00783264623145091
Task (Spatial),DLS,Expert,1,0.269714343584032,0.176335816137189,0.0933785274468421
Task (Spatial),DLS,Expert,2,0.340244424564796,0.209299315671517,0.130945108893279
Task (Spatial),DLS,Expert,3,0.117865811627614,0.111433122106031,0.00643268952158253
Task (Spatial),DLS,Expert,4,0.158602460419601,0.147511614098233,0.0110908463213686
Task (Spatial),DLS,Expert,5,0.247140951138643,0.150422352395502,0.0967185987431411
Task (Spatial),DLS,Expert,10,0.340802401830578,0.0680680300564004,0.272734371774178
Task (Spatial),DLS,Expert,11,0.179209401751011,0.13710647771385,0.042102924037161
Task (Spatial),DLS,Expert,13,0.188121823166321,0.0544276266746137,0.133694196491707
Task (Spatial),DLS,Expert,14,0.229583086009293,0.127806988381333,0.10177609762796
Task (Spatial),DLS,Expert,15,0.252118513695551,0.159737981362871,0.0923805323326808
Task (Spatial),ACC,Naive,1,0.398215970865348,0.0514337656905907,0.346782205174757
Task (Spatial),ACC,Naive,2,0.38461028814601,0.16549846286273,0.21911182528328
Task (Spatial),ACC,Naive,3,0.0665964072068192,0.122849282571391,-0.0562528753645719
Task (Spatial),ACC,Naive,4,0.124178323852378,0.075576773607847,0.0486015502445312
Task (Spatial),ACC,Naive,5,0.16669103244445,0.0951913997621145,0.0714996326823355
Task (Spatial),ACC,Naive,6,0.30416921249416,0.175977152409112,0.128192060085048
Task (Spatial),ACC,Naive,7,0.220374236201804,0.156828579469668,0.0635456567321366
Task (Spatial),ACC,Naive,8,0.152045503022092,0.0485704740456261,0.103475028976466
Task (Spatial),ACC,Naive,9,0.135078037331388,0.057670219445374,0.0774078178860139
Task (Spatial),ACC,Naive,10,0.238774196287524,0.0556560748842,0.183118121403324
Task (Spatial),ACC,Naive,11,0.0835546990191238,0.0615887166101783,0.0219659824089455
Task (Spatial),ACC,Naive,13,0.0810807368227627,0.0729577679718233,0.00812296885093933
Task (Spatial),ACC,Naive,14,0.531261366452264,0.108328285749996,0.422933080702268
Task (Spatial),ACC,Naive,15,0.606046009812941,0.131868478017211,0.47417753179573
Task (Spatial),ACC,Intermediate,1,0.388569682020468,0.0944517101397824,0.294117971880685
Task (Spatial),ACC,Intermediate,2,0.365623102705187,0.19436199710352,0.171261105601667
Task (Spatial),ACC,Intermediate,3,0.127936948743428,0.101258049045941,0.0266788996974872
Task (Spatial),ACC,Intermediate,4,0.164279905328596,0.0697881833985524,0.0944917219300432
Task (Spatial),ACC,Intermediate,5,0.165311704500154,0.0730279402208186,0.0922837642793352
Task (Spatial),ACC,Intermediate,6,0.262028257634007,0.100998919924585,0.161029337709422
Task (Spatial),ACC,Intermediate,7,0.217967426361372,0.175710487602319,0.0422569387590525
Task (Spatial),ACC,Intermediate,8,0.165618348971773,0.0460894848474915,0.119528864124281
Task (Spatial),ACC,Intermediate,9,0.137288521201779,0.0389795471142562,0.0983089740875231
Task (Spatial),ACC,Intermediate,10,0.12674930901822,0.0768030456357749,0.0499462633824451
Task (Spatial),ACC,Intermediate,11,0.135499481593827,0.0929823004373078,0.0425171811565193
Task (Spatial),ACC,Intermediate,13,0.155594977113677,0.0459000354382492,0.109694941675427
Task (Spatial),ACC,Intermediate,14,0.472619112009577,0.189357690949302,0.283261421060275
Task (Spatial),ACC,Intermediate,15,0.406995098015155,0.206851370723261,0.200143727291895
Task (Spatial),ACC,Expert,1,0.302145499535699,0.0964161471577844,0.205729352377915
Task (Spatial),ACC,Expert,2,0.35764929385297,0.131635097425058,0.226014196427912
Task (Spatial),ACC,Expert,3,0.143036532340463,0.0929166646146824,0.050119867725781
Task (Spatial),ACC,Expert,4,0.140167865368265,0.0908955260342982,0.0492723393339668
Task (Spatial),ACC,Expert,5,0.141783269337812,0.0855484047723266,0.0562348645654855
Task (Spatial),ACC,Expert,6,0.266614218126967,0.145267679757312,0.121346538369655
Task (Spatial),ACC,Expert,7,0.232246075752538,0.163598115309211,0.0686479604433275
Task (Spatial),ACC,Expert,8,0.136858169419359,0.0642662076903911,0.0725919617289675
Task (Spatial),ACC,Expert,9,0.138499313008804,0.0705783182550259,0.0679209947537777
Task (Spatial),ACC,Expert,10,0.138283661207186,0.10744851190444,0.030835149302746
Task (Spatial),ACC,Expert,11,0.0886599237919616,0.0737922735471819,0.0148676502447797
Task (Spatial),ACC,Expert,13,0.0519355317673853,0.0604884400734487,-0.00855290830606348
Task (Spatial),ACC,Expert,14,0.445836169121763,0.255870693418808,0.189965475702955
Task (Spatial),ACC,Expert,15,0.371198556041231,0.169900514414623,0.201298041626608
Task (Spatial),V1,Naive,9,0.0832618515445447,0.120238013481615,-0.03697616193707
Task (Spatial),V1,Naive,10,0.18754060177089,0.0638006185963204,0.123739983174569
Task (Spatial),V1,Naive,11,0.174165041149001,0.0979700695261777,0.0761949716228237
Task (Spatial),V1,Naive,13,0.199687772674828,0.0983889805287778,0.10129879214605
Task (Spatial),V1,Intermediate,9,0.151548975981466,0.0759506502002858,0.0755983257811799
Task (Spatial),V1,Intermediate,10,0.169660192842269,0.0372645631213768,0.132395629720892
Task (Spatial),V1,Intermediate,11,0.209356510605769,0.127386593831562,0.0819699167742075
Task (Spatial),V1,Intermediate,13,0.168011089229153,0.0978540846357751,0.0701570045933781
Task (Spatial),V1,Expert,9,0.166995134759102,0.0652584668584104,0.101736667900692
Task (Spatial),V1,Expert,10,0.141839205917157,0.0222991808965682,0.119540025020589
Task (Spatial),V1,Expert,11,0.203889862802765,0.0975210822671082,0.106368780535657
Task (Spatial),V1,Expert,13,0.142295057329919,0.105789230759038,0.0365058265708806
Task (Spatial),CA1,Naive,11,0.109201851462198,0.0653158859591888,0.0438859655030096
Task (Spatial),CA1,Naive,13,0.152820776780395,0.0974356565300157,0.0553851202503797
Task (Spatial),CA1,Intermediate,11,0.0839992524294232,0.0673019645144975,0.0166972879149256
Task (Spatial),CA1,Intermediate,13,0.136103198313321,0.0504481279258926,0.0856550703874288
Task (Spatial),CA1,Expert,11,0.0854561661526172,0.0949452859472613,-0.00948911979464409
Task (Spatial),CA1,Expert,13,0.118863902677408,0.0826834503532776,0.0361804523241305
Control 1 (Spatial),DMS,Naive,1,0.0580331222942404,0.00748468355022187,0.0505484387440185
Control 1 (Spatial),DMS,Naive,3,0.223910516983372,0.0122434205966001,0.211667096386772
Control 1 (Spatial),DMS,Naive,4,0.324259745618754,0.17572962490684,0.148530120711914
Control 1 (Spatial),DMS,Naive,5,0.153112308580256,0.0501097251680861,0.10300258341217
Control 1 (Spatial),DMS,Intermediate,1,0.0368909347768299,0.0257189290301871,0.0111720057466428
Control 1 (Spatial),DMS,Intermediate,3,0.0388974188657374,0.0624204518505451,-0.0235230329848078
Control 1 (Spatial),DMS,Intermediate,4,0.367952859586446,0.210872851025118,0.157080008561327
Control 1 (Spatial),DMS,Intermediate,5,0.116736874876724,0.0357837981261856,0.0809530767505387
Control 1 (Spatial),DMS,Expert,1,0.0381359709427353,0.0121693877935854,0.0259665831491499
Control 1 (Spatial),DMS,Expert,3,0.0229546433216069,0.00855535509541823,0.0143992882261886
Control 1 (Spatial),DMS,Expert,4,0.204418027204065,0.133930419516788,0.0704876076872768
Control 1 (Spatial),DMS,Expert,5,0.111326498825813,0.0528618920897748,0.0584646067360386
Control 1 (Spatial),DLS,Naive,1,0.120624579235157,0.0254470693220608,0.0951775099130959
Control 1 (Spatial),DLS,Naive,2,0.387764556213571,0.168726400265189,0.219038155948382
Control 1 (Spatial),DLS,Naive,3,0.0832526475112341,-0.000983075990254389,0.0842357235014885
Control 1 (Spatial),DLS,Naive,4,0.0745342053651882,0.0422672124012691,0.0322669929639191
Control 1 (Spatial),DLS,Naive,5,0.110112902980907,0.0261491455020038,0.0839637574789036
Control 1 (Spatial),DLS,Intermediate,1,0.0755982740154232,0.0364464745992979,0.0391517994161254
Control 1 (Spatial),DLS,Intermediate,2,0.39304892822172,0.309109632389329,0.0839392958323916
Control 1 (Spatial),DLS,Intermediate,3,0.0247541917716488,0.0340758959123403,-0.00932170414069152
Control 1 (Spatial),DLS,Intermediate,4,0.0814380838014543,0.0261260681423802,0.0553120156590742
Control 1 (Spatial),DLS,Intermediate,5,0.0790332511905345,0.019795816921028,0.0592374342695065
Control 1 (Spatial),DLS,Expert,1,0.0576510262525176,0.0381266157722555,0.0195244104802621
Control 1 (Spatial),DLS,Expert,2,0.385857227480253,0.150448464603007,0.235408762877246
Control 1 (Spatial),DLS,Expert,3,0.0136324635179814,0.0159690091661355,-0.0023365456481541
Control 1 (Spatial),DLS,Expert,4,0.0838150632013264,0.0108903288363566,0.0729247343649698
Control 1 (Spatial),DLS,Expert,5,0.0491184183331163,0.0282715761702232,0.0208468421628931
Control 1 (Spatial),ACC,Naive,2,0.118293332564682,0.0486401304839173,0.0696532020807652
Control 1 (Spatial),ACC,Naive,3,0.0833594791611064,0.0165925872657289,0.0667668918953775
Control 1 (Spatial),ACC,Naive,4,0.0942050255834879,0.0224309742777971,0.0717740513056908
Control 1 (Spatial),ACC,Naive,5,0.0975369609500335,0.0409703943169962,0.0565665666330373
Control 1 (Spatial),ACC,Intermediate,2,0.138134687120727,0.0758942108540561,0.062240476266671
Control 1 (Spatial),ACC,Intermediate,3,0.0492344089911354,0.013505383253883,0.0357290257372524
Control 1 (Spatial),ACC,Intermediate,4,0.0420887685276165,0.0983192555523796,-0.0562304870247631
Control 1 (Spatial),ACC,Intermediate,5,0.0509835934982531,0.0232181496637272,0.0277654438345259
Control 1 (Spatial),ACC,Expert,2,0.0965773412485121,0.0341474195095189,0.0624299217389932
Control 1 (Spatial),ACC,Expert,3,0.0333561821572601,0.0142825174977376,0.0190736646595224
Control 1 (Spatial),ACC,Expert,4,0.00666266760171464,0.020366080590295,-0.0137034129885803
Control 1 (Spatial),ACC,Expert,5,0.0560299940587091,0.0243657823592226,0.0316642116994865
Control 1 (Spatial),V1,Naive,2,0.2273045149628,0.0850722836122911,0.142232231350508
Control 1 (Spatial),V1,Naive,3,0.13315168177912,0.0759527139227381,0.0571989678563823
Control 1 (Spatial),V1,Naive,4,0.224057755418376,0.0730719466185682,0.150985808799808
Control 1 (Spatial),V1,Intermediate,2,0.201210567292127,0.154784788903866,0.0464257783882606
Control 1 (Spatial),V1,Intermediate,3,0.109528043316592,0.0728607265333771,0.0366673167832152
Control 1 (Spatial),V1,Intermediate,4,0.188580522638336,0.0855916449465598,0.102988877691776
Control 1 (Spatial),V1,Expert,2,0.169146874327114,0.0756983058906441,0.0934485684364696
Control 1 (Spatial),V1,Expert,3,0.07864350191556,0.0806289684206326,-0.00198546650507257
Control 1 (Spatial),V1,Expert,4,0.187023540213785,0.0703919745474956,0.11663156566629
Control 1 (Spatial),CA1,Naive,2,0.109082684731033,0.0191170700026119,0.0899656147284216
Control 1 (Spatial),CA1,Naive,3,0.04577753689221,0.00740543296098886,0.0383721039312212
Control 1 (Spatial),CA1,Naive,4,0.0162374861159457,-0.000388634717637795,0.0166261208335835
Control 1 (Spatial),CA1,Intermediate,2,0.0697476085308931,0.028662993077956,0.0410846154529371
Control 1 (Spatial),CA1,Intermediate,3,0.0119892642222073,0.00391569813208198,0.00807356609012532
Control 1 (Spatial),CA1,Intermediate,4,0.0157200735372492,0.00487091595995213,0.010849157577297
Control 1 (Spatial),CA1,Expert,2,0.0206623312446954,0.0108070989147143,0.00985523232998116
Control 1 (Spatial),CA1,Expert,3,0.00273049755237673,0.00682898273201988,-0.00409848517964315
Control 1 (Spatial),CA1,Expert,4,0.0203885849931941,0.00208475019590005,0.0183038347972941
Control 2 (Temporal),DMS,Naive,1,0.142608581180762,0.0468746609702682,0.0957339202104941
Control 2 (Temporal),DMS,Naive,2,0.0563355217182633,0.0801345367349442,-0.023799015016681
Control 2 (Temporal),DMS,Naive,3,0.0290034013908227,0.0693541899218831,-0.0403507885310604
Control 2 (Temporal),DMS,Naive,4,0.0783884305894852,-0.00409396851886838,0.0824823991083535
Control 2 (Temporal),DMS,Naive,5,0.139612295861368,0.203156306905511,-0.0635440110441433
Control 2 (Temporal),DMS,Naive,6,0.135850638655939,0.0606137763773379,0.0752368622786008
Control 2 (Temporal),DMS,Intermediate,1,0.0833133797503725,0.0539440982988273,0.0293692814515452
Control 2 (Temporal),DMS,Intermediate,2,0.0656359037216383,0.207832060097941,-0.142196156376303
Control 2 (Temporal),DMS,Intermediate,3,0.0752249871336904,0.171208319664013,-0.0959833325303226
Control 2 (Temporal),DMS,Intermediate,4,0.0599362881249237,0.0034814392183087,0.056454848906615
Control 2 (Temporal),DMS,Intermediate,5,0.129478652426108,0.0585959402411746,0.0708827121849337
Control 2 (Temporal),DMS,Intermediate,6,0.150514995245317,0.0554370225866351,0.0950779726586818
Control 2 (Temporal),DMS,Expert,1,0.109363940621507,0.0769860315273781,0.0323779090941293
Control 2 (Temporal),DMS,Expert,2,0.137161307370366,0.130162213989024,0.00699909338134266
Control 2 (Temporal),DMS,Expert,3,0.050101146761314,0.302076136710874,-0.25197498994956
Control 2 (Temporal),DMS,Expert,4,0.07547015348622,0.0200253965482609,0.0554447569379592
Control 2 (Temporal),DMS,Expert,5,0.298986498538598,0.168878268152197,0.130108230386401
Control 2 (Temporal),DMS,Expert,6,0.234796397148782,0.0387244830282025,0.196071914120579
Control 2 (Temporal),DLS,Naive,1,0.0821281359649937,0.0805378311517501,0.00159030481324368
Control 2 (Temporal),DLS,Naive,2,0.177293829580967,0.107844734340861,0.0694490952401063
Control 2 (Temporal),DLS,Naive,3,0.152686418242102,0.0681523852843832,0.0845340329577192
Control 2 (Temporal),DLS,Naive,6,0.110819179121466,0.0789210501992523,0.0318981289222133
Control 2 (Temporal),DLS,Intermediate,1,0.0660099039677133,0.0512977755760896,0.0147121283916236
Control 2 (Temporal),DLS,Intermediate,2,0.176543795747524,0.213796219166673,-0.037252423419149
Control 2 (Temporal),DLS,Intermediate,3,0.253319909730083,0.135927467559633,0.11739244217045
Control 2 (Temporal),DLS,Intermediate,6,0.127963812853221,0.0766487136627983,0.0513150991904223
Control 2 (Temporal),DLS,Expert,1,0.0946738758872634,0.064953320588439,0.0297205552988244
Control 2 (Temporal),DLS,Expert,2,0.214061334751646,0.191060285188845,0.0230010495628011
Control 2 (Temporal),DLS,Expert,3,0.279776920759607,0.151229597113504,0.128547323646103
Control 2 (Temporal),DLS,Expert,6,0.22814533993797,0.122464465443079,0.10568087449489
Control 2 (Temporal),ACC,Naive,1,0.0466164231379915,0.0241570772838493,0.0224593458541422
Control 2 (Temporal),ACC,Naive,2,0.140881736567574,0.0371402074065736,0.103741529161
Control 2 (Temporal),ACC,Naive,3,0.0151757623803718,0.0151203071768345,5.54552035372542e-05
Control 2 (Temporal),ACC,Naive,4,0.25923364743558,0.0251205561951868,0.234113091240393
Control 2 (Temporal),ACC,Naive,5,0.0519637696235977,0.0198975397769502,0.0320662298466475
Control 2 (Temporal),ACC,Naive,6,0.0415375217066154,0.0195965508376296,0.0219409708689858
Control 2 (Temporal),ACC,Intermediate,1,0.0365513977019663,0.0295000519309133,0.00705134577105304
Control 2 (Temporal),ACC,Intermediate,2,0.0682729633037706,0.0679395110456655,0.000333452258105146
Control 2 (Temporal),ACC,Intermediate,3,0.0275567482791495,0.00559945431254251,0.021957293966607
Control 2 (Temporal),ACC,Intermediate,4,0.155391786579362,0.0158480611525964,0.139543725426765
Control 2 (Temporal),ACC,Intermediate,5,0.0374436955510292,0.0143302854360859,0.0231134101149432
Control 2 (Temporal),ACC,Intermediate,6,0.0207100246586035,0.0175907554532789,0.00311926920532466
Control 2 (Temporal),ACC,Expert,1,0.0605704463294844,0.0275286086707506,0.0330418376587338
Control 2 (Temporal),ACC,Expert,2,0.0539401663934251,0.0430249102142248,0.0109152561792003
Control 2 (Temporal),ACC,Expert,3,0.0225057204290719,0.0148073384068571,0.00769838202221484
Control 2 (Temporal),ACC,Expert,4,0.121709585423257,0.0282369985944374,0.0934725868288199
Control 2 (Temporal),ACC,Expert,5,0.0377766812425231,0.0148352155839596,0.0229414656585636
Control 2 (Temporal),ACC,Expert,6,0.0636560487480389,0.036078395727591,0.0275776530204478
