mouse_id,probe,learning_point,n_trials,band,area_a,area_b,n_ch_a,n_ch_b,n_samples,separation_um,heldout_cc1,null_median,null_p95,ceiling_a,ceiling_b
1105,striatum,44,200,theta,ACC,DLS,50,66,9997,1880.0,0.7009805223315467,0.10813967981250755,0.14566290694879125,0.9932916037613095,0.9991842989673143
1105,striatum,44,200,theta,ACC,DMS,50,60,9997,1050.0,0.3988257750330287,0.07300889797920274,0.09814394342004179,0.9932917444304936,0.995291341105845
1105,striatum,44,200,theta,DLS,DMS,66,60,9997,830.0,0.946344016030109,0.03666669171580371,0.060738283922905555,0.9991842961601901,0.9952913400667456
1105,striatum,44,200,beta,ACC,DLS,50,66,9997,1880.0,0.5437274451324466,0.06773578409534273,0.09237234253824597,0.9922935739176703,0.9978673624301512
1105,striatum,44,200,beta,ACC,DMS,50,60,9997,1050.0,0.4476130231406592,0.02203792557055661,0.032335747510292105,0.9922935202428926,0.9930076888114215
1105,striatum,44,200,beta,DLS,DMS,66,60,9997,830.0,0.8734510730875011,0.008203919199928075,0.021156484957562977,0.9978670712299669,0.9930076974573155
1105,striatum,44,200,low_gamma,ACC,DLS,50,66,9997,1880.0,0.8772153970975403,0.11290900834705057,0.15780567355584238,0.9923527578461021,0.9983926035821166
1105,striatum,44,200,low_gamma,ACC,DMS,50,60,9997,1050.0,0.6355099671936073,0.04869622393156317,0.07419644098923857,0.9923527612281117,0.9927644706450999
1105,striatum,44,200,low_gamma,DLS,DMS,66,60,9997,830.0,0.8910492253523021,0.02414321185311471,0.05977472239862732,0.9983925957455663,0.9927644704573747
1105,striatum,44,200,high_gamma,ACC,DLS,50,66,9997,1880.0,0.8406311749265665,0.11808895350704338,0.1615376858928222,0.988653503007905,0.9959684493670032
1105,striatum,44,200,high_gamma,ACC,DMS,50,60,9997,1050.0,0.617337220652679,0.07418527369515465,0.11438982201835035,0.9886534698157133,0.986070324427348
1105,striatum,44,200,high_gamma,DLS,DMS,66,60,9997,830.0,0.9014139112815818,0.0718976121210744,0.11072295376116159,0.9959684783497105,0.9860704161192069
1105,striatum,44,200,total,ACC,DLS,50,66,9997,1880.0,0.8526531136207626,0.10197413276152198,0.14162074058445898,0.9920485965377994,0.9979846649265127
1105,striatum,44,200,total,ACC,DMS,50,60,9997,1050.0,0.8390749492389902,0.11298212251411194,0.15830283607742857,0.9920490966909595,0.9936397142388778
1105,striatum,44,200,total,DLS,DMS,66,60,9997,830.0,0.9244550087800476,0.07204049644823585,0.1097166313173278,0.9979846657160849,0.9936397194607361
1106,striatum,67,189,theta,ACC,DLS,72,82,9141,1650.0,0.5088612605098066,0.010028249479953049,0.02192971318619713,0.9697095416161469,0.9976533653841815
1106,striatum,67,189,theta,ACC,DMS,72,52,9141,800.0,0.39078623024387693,0.011427718779543692,0.04037935573526934,0.969724576064042,0.979549828642549
1106,striatum,67,189,theta,DLS,DMS,82,52,9141,850.0,0.6275625646936076,0.015913100283788208,0.039456580284097084,0.9976533687354223,0.9795508980964801
1106,striatum,67,189,beta,ACC,DLS,72,82,9141,1650.0,0.4520416396887112,0.007377890160358938,0.01776495999759809,0.9537571403206967,0.996323378041789
1106,striatum,67,189,beta,ACC,DMS,72,52,9141,800.0,0.36305870391408906,0.007113109367184541,0.023940228558785023,0.9537543319208758,0.949505269547336
1106,striatum,67,189,beta,DLS,DMS,82,52,9141,850.0,0.4148163506620042,0.013931701959415767,0.03799689432837083,0.996323442812879,0.9495086052818957
1106,striatum,67,189,low_gamma,ACC,DLS,72,82,9141,1650.0,0.7035395723638753,0.007177394218760176,0.03112389157764473,0.9760835014941422,0.9984347778496933
1106,striatum,67,189,low_gamma,ACC,DMS,72,52,9141,800.0,0.5255887408873443,0.00826348799759112,0.02927667432793742,0.9760810366834742,0.962537168995287
1106,striatum,67,189,low_gamma,DLS,DMS,82,52,9141,850.0,0.6344985676612243,0.008050994113691078,0.030243909207503993,0.9984347671863267,0.9625387835094359
1106,striatum,67,189,high_gamma,ACC,DLS,72,82,9141,1650.0,0.42955131610406944,0.007410332480000847,0.03493195442007829,0.9411052764240383,0.9878474886633191
1106,striatum,67,189,high_gamma,ACC,DMS,72,52,9141,800.0,0.6003964534330986,0.014079305047669795,0.030401201666191528,0.9411046954549486,0.929176157520317
1106,striatum,67,189,high_gamma,DLS,DMS,82,52,9141,850.0,0.43555645883763877,0.01246274978822311,0.024893843107291543,0.9878475253287573,0.929173036765326
1106,striatum,67,189,total,ACC,DLS,72,82,9141,1650.0,0.6009814528393499,0.009556319827330819,0.02661692028704233,0.9729537407776317,0.9975255953911631
1106,striatum,67,189,total,ACC,DMS,72,52,9141,800.0,0.48069939863047245,0.010281665430154133,0.029318294917558323,0.972955034624151,0.9746334661935713
1106,striatum,67,189,total,DLS,DMS,82,52,9141,850.0,0.5958523760479774,0.011794728531933679,0.02354697046968044,0.9975257380152835,0.9746336461228973
1201,striatum,84,200,theta,ACC,DLS,50,46,9959,1980.0,0.2763482254084993,0.012067805243910467,0.03304625112382046,0.9921419368416106,0.9957429356539601
1201,striatum,84,200,theta,ACC,DMS,50,60,9959,1350.0,0.2667520369674071,0.01437285105421213,0.03449377461359715,0.992141901613883,0.996044929051732
1201,striatum,84,200,theta,DLS,DMS,46,60,9959,630.0,0.8831194999129307,0.010776404874973848,0.029279467982473037,0.995742969180672,0.9960447709416047
1201,striatum,84,200,beta,ACC,DLS,50,46,9959,1980.0,0.12667500883147897,0.011248302877488434,0.024166839414895173,0.9922375083361408,0.9933148316503946
1201,striatum,84,200,beta,ACC,DMS,50,60,9959,1350.0,0.16830342041283783,0.008194076747744923,0.022285332651202618,0.9922375230903224,0.9870234710559715
1201,striatum,84,200,beta,DLS,DMS,46,60,9959,630.0,0.7206371855607167,0.008529619234151964,0.02293886716990617,0.9933152244854726,0.9870236676815554
1201,striatum,84,200,low_gamma,ACC,DLS,50,46,9959,1980.0,0.0915758109895642,0.014977259457853224,0.02902628408280302,0.9938971900804463,0.9955815567775765
1201,striatum,84,200,low_gamma,ACC,DMS,50,60,9959,1350.0,0.20304720921302893,0.0068951976201101295,0.023752680243412226,0.9938972000695148,0.9907872565642122
1201,striatum,84,200,low_gamma,DLS,DMS,46,60,9959,630.0,0.7504368798619154,0.004511637396101904,0.02353917922175612,0.9955811588183,0.9907873906188849
1201,striatum,84,200,high_gamma,ACC,DLS,50,46,9959,1980.0,0.301939603869113,0.007844067687777002,0.02851871670003746,0.9884268184205416,0.9813798202564823
1201,striatum,84,200,high_gamma,ACC,DMS,50,60,9959,1350.0,0.32021324366105625,0.008571463048045135,0.023502409940647232,0.9884268080188696,0.9714492342643545
1201,striatum,84,200,high_gamma,DLS,DMS,46,60,9959,630.0,0.654404147868531,0.010959375652639478,0.03545125628698218,0.9813791114778851,0.9714482144313025
1201,striatum,84,200,total,ACC,DLS,50,46,9959,1980.0,0.29692777473286713,0.02026882140062324,0.03906868840080003,0.9910827893522027,0.9924443644741844
1201,striatum,84,200,total,ACC,DMS,50,60,9959,1350.0,0.24308686228898968,0.01090601151529631,0.023689936129130684,0.9910828161501369,0.9914906690263193
1201,striatum,84,200,total,DLS,DMS,46,60,9959,630.0,0.8704756459793925,0.01050475009049577,0.03267822932840748,0.992444808865451,0.9914909460762379
1206,visual,,104,theta,CA1,DG,60,78,5167,690.0,0.9074029940709143,0.04701711430950781,0.09741756264107831,0.9985260401876851,0.9985536846287684
1206,visual,,104,theta,CA1,V1,60,94,5167,870.0,0.8504784945116359,0.0396460969803373,0.08585320023374773,0.9985260401988668,0.9987374232379344
1206,visual,,104,theta,DG,V1,78,94,5167,1560.0,0.8241211701478065,0.02640625248198071,0.06630149935606605,0.9985536846293406,0.998737423242518
1206,visual,,104,beta,CA1,DG,60,78,5167,690.0,0.8856537217219894,0.011402058580994759,0.04202106256513186,0.9984527981380724,0.9988667857967909
1206,visual,,104,beta,CA1,V1,60,94,5167,870.0,0.7512663157881679,0.06287630554540237,0.16204721622869034,0.9984527981664577,0.9982670873324065
1206,visual,,104,beta,DG,V1,78,94,5167,1560.0,0.5761015912311601,0.03458408720087572,0.09158982689688515,0.9988667857969536,0.9982670875705603
1206,visual,,104,low_gamma,CA1,DG,60,78,5167,690.0,0.9121153859992103,0.013314842025565711,0.037136751055503736,0.9985351377749917,0.9993501161194251
1206,visual,,104,low_gamma,CA1,V1,60,94,5167,870.0,0.7642918326176672,0.023337049342731748,0.08755070338280321,0.9985351377706052,0.9980370488519095
1206,visual,,104,low_gamma,DG,V1,78,94,5167,1560.0,0.5024385577615802,0.01761849256276521,0.041532848246392966,0.9993501161194742,0.998037049007173
1206,visual,,104,high_gamma,CA1,DG,60,78,5167,690.0,0.8321898827814537,0.010911988983754055,0.06964754096586154,0.9964403840710291,0.9982852043779532
1206,visual,,104,high_gamma,CA1,V1,60,94,5167,870.0,0.518406817649265,0.06354002770943397,0.1613538365035806,0.9964403835396434,0.9919004664274593
1206,visual,,104,high_gamma,DG,V1,78,94,5167,1560.0,0.3064748251340888,0.040307354825192376,0.0890208975406652,0.9982852043541839,0.9919005243987421
1206,visual,,104,total,CA1,DG,60,78,5167,690.0,0.8878446625599785,0.030324280591356483,0.05090624100432792,0.9984316256122006,0.998905670192876
1206,visual,,104,total,CA1,V1,60,94,5167,870.0,0.8335698323829869,0.1306128212681949,0.20669094472596,0.9984316265650711,0.9987030335398867
1206,visual,,104,total,DG,V1,78,94,5167,1560.0,0.6483036642690018,0.03210157547472493,0.08278725336798735,0.9989056701935735,0.9987030327830663
1212,striatum,23,155,theta,ACC,DLS,42,32,5341,2350.0,0.8871707088131948,0.017992690092498417,0.05627465013615942,0.9909976307032985,0.9960727324549624
1212,striatum,23,155,theta,ACC,DMS,42,62,5341,1700.0,0.911934507999233,0.021298032196458268,0.06151171444265181,0.9909976274410229,0.9981610824213799
1212,striatum,23,155,theta,DLS,DMS,32,62,5341,650.0,0.9494290933063216,0.05783657368106347,0.13040582743378434,0.9960727311760101,0.9981610831223479
1212,striatum,23,155,beta,ACC,DLS,42,32,5341,2350.0,0.9418543261308794,0.03890619031831315,0.08823147146232858,0.977751232440598,0.9892087265979632
1212,striatum,23,155,beta,ACC,DMS,42,62,5341,1700.0,0.9520774913099861,0.040327100630470125,0.0846704378619134,0.9777512297193419,0.9954133409575294
1212,striatum,23,155,beta,DLS,DMS,32,62,5341,650.0,0.9837815762195717,0.04081639082759965,0.1449254288799299,0.9892087264859478,0.9954133403948188
1212,striatum,23,155,low_gamma,ACC,DLS,42,32,5341,2350.0,0.8841858655677908,0.011885240617802415,0.06668924815422628,0.976464273448111,0.9899484018898962
1212,striatum,23,155,low_gamma,ACC,DMS,42,62,5341,1700.0,0.8749008786083371,0.011818849305916576,0.06994661775364307,0.9764642436823822,0.9955262183605738
1212,striatum,23,155,low_gamma,DLS,DMS,32,62,5341,650.0,0.9716959186818241,0.03701392246989066,0.0720039533427873,0.9899484039691673,0.9955262175108881
1212,striatum,23,155,high_gamma,ACC,DLS,42,32,5341,2350.0,0.9137592446916394,0.022601689852041446,0.1025437442578411,0.9781550299983155,0.9866257930048373
1212,striatum,23,155,high_gamma,ACC,DMS,42,62,5341,1700.0,0.8985238663175962,0.019487513633913055,0.10839529894908222,0.978153367070656,0.9961288319454039
1212,striatum,23,155,high_gamma,DLS,DMS,32,62,5341,650.0,0.9804740253315285,0.015955060211708796,0.10976037821854019,0.9866258011821328,0.9961288317956094
1212,striatum,23,155,total,ACC,DLS,42,32,5341,2350.0,0.9184984210560265,0.017274327034940543,0.06587623201730576,0.9844841605856866,0.9933614562837438
1212,striatum,23,155,total,ACC,DMS,42,62,5341,1700.0,0.9416984252043163,0.0398006787226373,0.09486645453437004,0.9844841551184297,0.9973714321599451
1212,striatum,23,155,total,DLS,DMS,32,62,5341,650.0,0.9653650478880796,0.038979567305194376,0.07924232970220275,0.9933614557090666,0.9973714242288491
1212,visual,23,155,theta,CA1,DG,44,22,5341,330.0,0.9612573640894435,0.08248256699227666,0.13389406291703265,0.9997014395178933,0.9993654186830767
1212,visual,23,155,theta,CA1,V1,44,126,5341,1290.0,0.5754037800371068,0.11843335436575,0.1575949016611967,0.999701439517893,0.9989379018456844
1212,visual,23,155,theta,DG,V1,22,126,5341,1620.0,0.5418373905228748,0.0971097013625505,0.13416917194247602,0.9993654186830767,0.9989379018456837
1212,visual,23,155,beta,CA1,DG,44,22,5341,330.0,0.9847584570845361,0.019260785423339005,0.041713430370291696,0.999690165154757,0.9991578733579298
1212,visual,23,155,beta,CA1,V1,44,126,5341,1290.0,0.5357352918513432,0.03066579504177139,0.056370414535762685,0.9996901651538511,0.9981800712070913
1212,visual,23,155,beta,DG,V1,22,126,5341,1620.0,0.4773187652189923,0.016235404188391436,0.02939828506337258,0.9991578733579296,0.9981800712070908
1212,visual,23,155,low_gamma,CA1,DG,44,22,5341,330.0,0.9948695183577053,0.026950085710267226,0.05780221054822355,0.999870380575288,0.9996179684839639
1212,visual,23,155,low_gamma,CA1,V1,44,126,5341,1290.0,0.6693193369578145,0.017024883797266736,0.06157438368171507,0.9998703805773379,0.9984351056182297
1212,visual,23,155,low_gamma,DG,V1,22,126,5341,1620.0,0.6294820406018231,0.022007111351782956,0.05054527825307085,0.9996179684839639,0.998435105618233
1212,visual,23,155,high_gamma,CA1,DG,44,22,5341,330.0,0.9779599409111827,0.018171137427421706,0.031312137369025196,0.9994345548953288,0.9986723591265277
1212,visual,23,155,high_gamma,CA1,V1,44,126,5341,1290.0,0.38410574960607996,0.0593873563911537,0.09109739986605743,0.9994345550373359,0.9920173383467502
1212,visual,23,155,high_gamma,DG,V1,22,126,5341,1620.0,0.3891349744331559,0.05627940151646962,0.0784265380236104,0.9986723591265273,0.9920173384130295
1212,visual,23,155,total,CA1,DG,44,22,5341,330.0,0.9921146803054418,0.03333258752088117,0.08184182014193804,0.999794600283286,0.9995500846759002
1212,visual,23,155,total,CA1,V1,44,126,5341,1290.0,0.555274336568667,0.15641650623051664,0.20945610909182938,0.9997946002827551,0.9985359314859591
1212,visual,23,155,total,DG,V1,22,126,5341,1620.0,0.5313018319286475,0.08401176460267629,0.10784293041316813,0.9995500846759005,0.9985359314859585
523,striatum,22,200,theta,ACC,DLS,52,52,10000,2100.0,0.4523351314530605,0.011074317756031835,0.036479187930269906,0.987472040937603,0.9954002282465966
523,striatum,22,200,theta,ACC,DMS,52,52,10000,1400.0,0.4824137128536983,0.020906781996611945,0.047037980973969,0.9874721122968617,0.9898384407923342
523,striatum,22,200,theta,DLS,DMS,52,52,10000,700.0,0.8270110421325182,0.021333962222525676,0.033315317345986285,0.9954001067212536,0.9898383901755515
523,striatum,22,200,beta,ACC,DLS,52,52,10000,2100.0,0.17023563182693377,0.012094509149677846,0.026897499066967027,0.9914064086061768,0.9796397647494061
523,striatum,22,200,beta,ACC,DMS,52,52,10000,1400.0,0.23527959624655212,0.006998579005634151,0.019251712697165625,0.9914063983915437,0.965899163371556
523,striatum,22,200,beta,DLS,DMS,52,52,10000,700.0,0.2817278406744219,0.010831981910421392,0.028004459940207678,0.9796397706064085,0.9658986305383273
523,striatum,22,200,low_gamma,ACC,DLS,52,52,10000,2100.0,0.7249826280485543,0.011031031024838479,0.03185093577231165,0.9938776744252035,0.9856625383421915
523,striatum,22,200,low_gamma,ACC,DMS,52,52,10000,1400.0,0.39797463061908367,0.006501481483032961,0.03379347051095888,0.9938776825611251,0.9764422113110425
523,striatum,22,200,low_gamma,DLS,DMS,52,52,10000,700.0,0.4206825567574092,0.006594739619673003,0.021984888811477685,0.9856625716732772,0.9764421561463841
523,striatum,22,200,high_gamma,ACC,DLS,52,52,10000,2100.0,0.1261712224716943,0.011255413533139155,0.032096115986005785,0.9843844130428437,0.957351839401431
523,striatum,22,200,high_gamma,ACC,DMS,52,52,10000,1400.0,0.22470894351241208,0.015588645775486491,0.03224513621809385,0.9843842852963585,0.9360406096122569
523,striatum,22,200,high_gamma,DLS,DMS,52,52,10000,700.0,0.2802949378967228,0.01712047425594687,0.03644577227817863,0.9573508843413343,0.9360402100942777
523,striatum,22,200,total,ACC,DLS,52,52,10000,2100.0,0.7516739291787677,0.06517191298366369,0.08169437902856584,0.9913121277128888,0.9917052661070694
523,striatum,22,200,total,ACC,DMS,52,52,10000,1400.0,0.6028232424850538,0.09282165830857735,0.10913426049978722,0.9913121084888208,0.9834619743552283
523,striatum,22,200,total,DLS,DMS,52,52,10000,700.0,0.7139974677453342,0.08099169878423532,0.11005396147463023,0.9917053922148369,0.9834619988513739
614,striatum,44,200,theta,ACC,DLS,52,46,10000,2030.0,0.4106898171540875,0.00892789467194064,0.04054367489930613,0.977088617934671,0.9945308522866309
614,striatum,44,200,theta,ACC,DMS,52,50,10000,1350.0,0.41358892662396324,0.012893562377329009,0.02925596319824035,0.9770883173788761,0.9855684490253255
614,striatum,44,200,theta,DLS,DMS,46,50,10000,680.0,0.7661902590088627,0.019025857838013412,0.04394887918069121,0.9945308815955651,0.9855685623297963
614,striatum,44,200,beta,ACC,DLS,52,46,10000,2030.0,0.10716609394143334,0.00987378606493066,0.025598221793646868,0.9864448746712794,0.9856955527989715
614,striatum,44,200,beta,ACC,DMS,52,50,10000,1350.0,0.28179495593477955,0.005683251494904356,0.0303058940537572,0.9864449523934198,0.9687019686655272
614,striatum,44,200,beta,DLS,DMS,46,50,10000,680.0,0.18011347565641112,0.008533521185633355,0.026683472657033996,0.9856955352609159,0.9687019074497768
614,striatum,44,200,low_gamma,ACC,DLS,52,46,10000,2030.0,0.1104711408534611,0.013280514931914029,0.026530311953176906,0.992433928125849,0.9908496265464386
614,striatum,44,200,low_gamma,ACC,DMS,52,50,10000,1350.0,0.3137755030539843,0.008312453585116737,0.02478286558943637,0.9924339263440958,0.9751285096376753
614,striatum,44,200,low_gamma,DLS,DMS,46,50,10000,680.0,0.33247792264018544,0.013661811022474178,0.033408629610556816,0.9908496264732778,0.9751286489015826
614,striatum,44,200,high_gamma,ACC,DLS,52,46,10000,2030.0,0.07627313361975879,0.012034724065409709,0.04067204102596512,0.9774507562700846,0.9786169440120502
614,striatum,44,200,high_gamma,ACC,DMS,52,50,10000,1350.0,0.2479340233815262,0.012899407035834861,0.03420989067009016,0.9774506192663778,0.9449701517010854
614,striatum,44,200,high_gamma,DLS,DMS,46,50,10000,680.0,0.32601074214588704,0.00718509109426705,0.01783763229443576,0.9786169439316066,0.944974413277098
614,striatum,44,200,total,ACC,DLS,52,46,10000,2030.0,0.3021538484705083,0.012806010448194486,0.02813772246250102,0.9833004726006895,0.9915144805645487
614,striatum,44,200,total,ACC,DMS,52,50,10000,1350.0,0.6598491747425154,0.03520498269850761,0.06088855078780173,0.9833004726199998,0.9778062449956191
614,striatum,44,200,total,DLS,DMS,46,50,10000,680.0,0.6145834133721968,0.022293840750009314,0.04923142776028145,0.9915144753940247,0.9778057751231264
624,striatum,32,71,theta,ACC,DLS,72,32,3544,1900.0,0.5112360984994683,0.012046261158930444,0.04373411948227068,0.9949424028020275,0.9951360951435851
624,striatum,32,71,theta,ACC,DMS,72,52,3544,1300.0,0.6196957915898399,0.02038625058330602,0.041387688971324846,0.9949423957162994,0.9951132120385086
624,striatum,32,71,theta,DLS,DMS,32,52,3544,600.0,0.7913235987821433,0.013091923287503365,0.04181336007904052,0.9951361000549935,0.9951128296836901
624,striatum,32,71,beta,ACC,DLS,72,32,3544,1900.0,0.2392381641113117,0.01508464721620763,0.049198236978407854,0.9936740583145895,0.9874018629564741
624,striatum,32,71,beta,ACC,DMS,72,52,3544,1300.0,0.559595775708941,0.020092212902512084,0.040979361170789104,0.9936740607901935,0.9816107906183671
624,striatum,32,71,beta,DLS,DMS,32,52,3544,600.0,0.3813499870399941,0.01031056153999381,0.03762213509905114,0.987401902652134,0.9816107999733317
624,striatum,32,71,low_gamma,ACC,DLS,72,32,3544,1900.0,0.3535087140570342,0.016852363924529237,0.028290209655251086,0.9953328202384459,0.9900642881215723
624,striatum,32,71,low_gamma,ACC,DMS,72,52,3544,1300.0,0.5539497272410299,0.016892399118612216,0.054716340907764394,0.9953328146648306,0.9878498301605381
624,striatum,32,71,low_gamma,DLS,DMS,32,52,3544,600.0,0.507780526308946,0.012252509215340355,0.040582530819431605,0.9900643297226182,0.9878497131951299
624,striatum,32,71,high_gamma,ACC,DLS,72,32,3544,1900.0,0.3728158393192768,0.024344140642119143,0.05123152355778621,0.9937683451527751,0.965206204084207
624,striatum,32,71,high_gamma,ACC,DMS,72,52,3544,1300.0,0.5973715846489961,0.015495074521596052,0.04268164951806003,0.99376828505699,0.9702155479451423
624,striatum,32,71,high_gamma,DLS,DMS,32,52,3544,600.0,0.41652081424329745,0.018603395480569787,0.05204035986313387,0.9652061253571687,0.9702146338493526
624,striatum,32,71,total,ACC,DLS,72,32,3544,1900.0,0.676324309031805,0.012948042602580118,0.06491449320284394,0.9957632885400474,0.9928021917598826
624,striatum,32,71,total,ACC,DMS,72,52,3544,1300.0,0.7223842730486241,0.023545685577184585,0.05179337178919257,0.9957632888475547,0.9899278647287107
624,striatum,32,71,total,DLS,DMS,32,52,3544,600.0,0.8713715773448759,0.022332256456434385,0.06508471835479963,0.9928021932654619,0.9899278764844497
727,striatum,53,200,theta,ACC,DLS,52,110,10000,2190.0,0.5412125783017179,0.0166792901613126,0.049820915229881996,0.9949472836172661,0.9972939930063113
727,striatum,53,200,theta,ACC,DMS,52,52,10000,1200.0,0.44442095275062204,0.04710420168864847,0.07497955969349135,0.994947299951152,0.9933426756729877
727,striatum,53,200,theta,DLS,DMS,110,52,10000,990.0,0.5617524025588432,0.015691526190351388,0.0363266379601669,0.9972939930227787,0.9933427464191932
727,striatum,53,200,beta,ACC,DLS,52,110,10000,2190.0,0.3079531328695672,0.010765199133315882,0.03137019397284286,0.9944458778617868,0.9876757769077088
727,striatum,53,200,beta,ACC,DMS,52,52,10000,1200.0,0.1913932572243354,0.014165157579955897,0.024447361004408495,0.9944458782743811,0.9782909662440074
727,striatum,53,200,beta,DLS,DMS,110,52,10000,990.0,0.22785539458756238,0.010351739651786252,0.02618733216321903,0.9876757768350378,0.9782925715489641
727,striatum,53,200,low_gamma,ACC,DLS,52,110,10000,2190.0,0.23530545874921616,0.013421226881699335,0.03351669652876315,0.9939706746031605,0.988195267930326
727,striatum,53,200,low_gamma,ACC,DMS,52,52,10000,1200.0,0.10930342544600252,0.01781833219220829,0.0385808802847778,0.9939706748545136,0.9773012501640099
727,striatum,53,200,low_gamma,DLS,DMS,110,52,10000,990.0,0.2386278493112059,0.012530793827021214,0.030358924776660464,0.9881952678430497,0.9772888438970928
727,striatum,53,200,high_gamma,ACC,DLS,52,110,10000,2190.0,0.17767420620498062,0.030551653179402317,0.041943933742060215,0.9915710794056322,0.9629949082604075
727,striatum,53,200,high_gamma,ACC,DMS,52,52,10000,1200.0,0.13333681499722,0.02184151460159022,0.04389290817236849,0.9915710795170375,0.946888513387631
727,striatum,53,200,high_gamma,DLS,DMS,110,52,10000,990.0,0.2854531864379706,0.023034578023911324,0.055738980749149195,0.9629949093449748,0.9468485948712366
727,striatum,53,200,total,ACC,DLS,52,110,10000,2190.0,0.47839517873395543,0.09249424971447502,0.11190606740250526,0.9958426072303694,0.9952156136706076
727,striatum,53,200,total,ACC,DMS,52,52,10000,1200.0,0.3693262719547601,0.10637956568338164,0.15119116913501926,0.9958426072585292,0.9876461634961552
727,striatum,53,200,total,DLS,DMS,110,52,10000,990.0,0.5002774269108208,0.08224378430184864,0.10191258344001239,0.9952156136300643,0.9876460680295791
730,striatum,54,200,theta,ACC,DLS,102,140,10000,2090.0,0.6615659621470853,0.01051185615480058,0.030224894477600125,0.9926631748251068,0.994004961084473
730,striatum,54,200,theta,ACC,DMS,102,52,10000,950.0,0.45241684447409364,0.023074027271806095,0.04589925736421545,0.9926631748251156,0.984907658206234
730,striatum,54,200,theta,DLS,DMS,140,52,10000,1140.0,0.47078886700435585,0.010829746553735014,0.024484075984471644,0.9940049610867878,0.984907656084801
730,striatum,54,200,beta,ACC,DLS,102,140,10000,2090.0,0.31979173338107225,0.011063098439046962,0.027365544531854247,0.9916648646756117,0.9704797023317512
730,striatum,54,200,beta,ACC,DMS,102,52,10000,950.0,0.21407728279657526,0.010499955548733567,0.030116285879656195,0.9916648646754167,0.9609505788828367
730,striatum,54,200,beta,DLS,DMS,140,52,10000,1140.0,0.0934449756849693,0.010383871468707138,0.02490812922926739,0.9704797018244987,0.9609497211329134
730,striatum,54,200,low_gamma,ACC,DLS,102,140,10000,2090.0,0.19624857295020137,0.00903064183287117,0.02664103744362849,0.9938286770216457,0.973895834205097
730,striatum,54,200,low_gamma,ACC,DMS,102,52,10000,950.0,0.20928834039549765,0.012753736112522339,0.02774053533652685,0.9938286770216526,0.9563714329571584
730,striatum,54,200,low_gamma,DLS,DMS,140,52,10000,1140.0,0.14599128973722,0.011689957224347767,0.025121034374462402,0.9738958334529011,0.9563723139526521
730,striatum,54,200,high_gamma,ACC,DLS,102,140,10000,2090.0,0.17678913573801158,0.011318257557895943,0.019029156481528094,0.9889468212591181,0.9406749561664264
730,striatum,54,200,high_gamma,ACC,DMS,102,52,10000,950.0,0.1916787329294934,0.010421969232232427,0.028041711538618078,0.9889468212351141,0.9050106136043158
730,striatum,54,200,high_gamma,DLS,DMS,140,52,10000,1140.0,0.17146188059046244,0.010447460106035355,0.03128385792457303,0.9406749554623008,0.9050657829497392
730,striatum,54,200,total,ACC,DLS,102,140,10000,2090.0,0.36687636201222884,0.013094074401847027,0.030803085320040207,0.9932014429876574,0.9903759501520806
730,striatum,54,200,total,ACC,DMS,102,52,10000,950.0,0.2802657587108777,0.040012203088018394,0.056143894827364635,0.9932014429875878,0.9720013567076057
730,striatum,54,200,total,DLS,DMS,140,52,10000,1140.0,0.4212553075445464,0.060523968907910994,0.0947209622570761,0.9903759487424543,0.9720004460742913
731,striatum,36,76,theta,ACC,DMS,72,32,3782,2000.0,0.5054607400096399,0.021067908299281228,0.04038105265897121,0.9982218223257426,0.996872990949616
731,striatum,36,76,beta,ACC,DMS,72,32,3782,2000.0,0.47022768651361196,0.012830663675969214,0.04132354911182262,0.996293684409068,0.99051879218414
731,striatum,36,76,low_gamma,ACC,DMS,72,32,3782,2000.0,0.3575359839104146,0.016365004564484524,0.03608659375808509,0.9959742821877254,0.9928176209971884
731,striatum,36,76,high_gamma,ACC,DMS,72,32,3782,2000.0,0.2660395827043431,0.015490311057271812,0.04484759777677235,0.991082488345364,0.9594768115674638
731,striatum,36,76,total,ACC,DMS,72,32,3782,2000.0,0.8965582821235252,0.01960634481338047,0.05443990073782089,0.9979636286791252,0.9957264011937041
822,striatum,33,90,theta,ACC,DLS,66,96,4478,1750.0,0.39766406868702614,0.01544434354034161,0.045256640680495695,0.9952688805431277,0.9994751743322344
822,striatum,33,90,theta,ACC,DMS,66,50,4478,820.0,0.5367178751673881,0.017313159241308468,0.03910646056287554,0.9952688807576571,0.9897587668518668
822,striatum,33,90,theta,DLS,DMS,96,50,4478,930.0,0.44638139923998915,0.015041894950609837,0.041821891642263305,0.9994751742289044,0.9897587552174855
822,striatum,33,90,beta,ACC,DLS,66,96,4478,1750.0,0.40736601406684114,0.009779072367029303,0.03640752226646967,0.9940521341097711,0.9985591026320849
822,striatum,33,90,beta,ACC,DMS,66,50,4478,820.0,0.3562392471316983,0.016703605981253353,0.03913414307751467,0.9940521342154484,0.9948102498661928
822,striatum,33,90,beta,DLS,DMS,96,50,4478,930.0,0.5621434880116942,0.014696253687215336,0.03112550088169114,0.9985595896120759,0.9948102490416576
822,striatum,33,90,low_gamma,ACC,DLS,66,96,4478,1750.0,0.395462027354793,0.015114888078465668,0.032314211674931155,0.9935637989767583,0.998515108565208
822,striatum,33,90,low_gamma,ACC,DMS,66,50,4478,820.0,0.3540624117400416,0.015108166351830857,0.033534629825396435,0.9935637971793625,0.9939403897197464
822,striatum,33,90,low_gamma,DLS,DMS,96,50,4478,930.0,0.5942173702957221,0.009879782203587253,0.046193317673043355,0.9985151582746563,0.9939403898629101
822,striatum,33,90,high_gamma,ACC,DLS,66,96,4478,1750.0,0.2975595457300563,0.01807806869991431,0.04448481463660882,0.9896101164586787,0.9957162655731493
822,striatum,33,90,high_gamma,ACC,DMS,66,50,4478,820.0,0.44006210023146114,0.03101805781076169,0.08929549070252202,0.9896101179737542,0.9929046688231662
822,striatum,33,90,high_gamma,DLS,DMS,96,50,4478,930.0,0.580978901647193,0.015103285330628661,0.046548739950487285,0.9957170691422859,0.9929046622395615
822,striatum,33,90,total,ACC,DLS,66,96,4478,1750.0,0.8743112309868166,0.029071823846767215,0.05436016139329784,0.9958188102678219,0.9987606639053037
822,striatum,33,90,total,ACC,DMS,66,50,4478,820.0,0.7509124702711588,0.019634098945282168,0.06477964239179905,0.9958188103677151,0.9916721180396266
822,striatum,33,90,total,DLS,DMS,96,50,4478,930.0,0.8482777339191131,0.024829790790089908,0.05151515428619116,0.9987606638910861,0.9916721187532476
823,striatum,14,200,theta,ACC,DMS,82,52,10000,1550.0,0.7607168731522878,0.013898805612839949,0.03277820742488881,0.9870479328473242,0.995520183968154
823,striatum,14,200,beta,ACC,DMS,82,52,10000,1550.0,0.6805358188237712,0.010760041818054077,0.017252974843118104,0.993441536019479,0.9888780111272806
823,striatum,14,200,low_gamma,ACC,DMS,82,52,10000,1550.0,0.6944123849977417,0.007572630696477793,0.034292354978672196,0.9951292036105815,0.9920130958720593
823,striatum,14,200,high_gamma,ACC,DMS,82,52,10000,1550.0,0.6614696833497962,0.01122877930116645,0.03465743628792776,0.993786200777633,0.9644271869624289
823,striatum,14,200,total,ACC,DMS,82,52,10000,1550.0,0.925658347903233,0.029503122359460513,0.052692596719826686,0.9856954680254403,0.988907746024551
