cohort,mouse_id,probe,window_start_s,candidate,mean_abs_r,normalised,is_claimed
task,409,striatum,1200,523,0.01641061323402593,1.2513085437130813,False
task,409,striatum,1200,614,0.013268119040922842,1.0452344210043225,False
task,409,striatum,1200,624,0.023112164056843455,1.102735329828248,False
task,409,striatum,1200,727,0.012366516716375087,1.0512483112601156,False
task,409,striatum,1200,730,0.010066759904348568,0.9416803352750773,False
task,409,striatum,1200,731,0.009833952723102382,0.8054429744137539,False
task,409,striatum,1200,822,0.011771117464730302,0.9556076466337665,False
task,409,striatum,1200,823,0.007973082877797506,0.6126802233992491,False
task,409,striatum,1200,1105,0.007823054157512914,0.6977460464740519,False
task,409,striatum,1200,1106,0.011491272219022117,0.8370623777582002,False
task,409,striatum,1200,1201,0.015024692176337584,1.0386820544365742,False
task,409,striatum,1200,1206,0.015323650081447196,0.8828751569169226,False
task,409,striatum,1200,1212,0.018139004491027157,1.2804336611076443,False
task,409,striatum,1200,409,0.04821057815425575,3.4381956449479167,True
task,409,striatum,1200,418,0.01310782250147183,0.9553755743403821,False
task,409,striatum,1200,703,0.011445137988931167,1.0123027019987398,False
task,409,striatum,3000,523,0.02158901668336287,1.371093908233426,False
task,409,striatum,3000,614,0.007934602250903174,0.5198533841678711,False
task,409,striatum,3000,624,0.016007237883582572,0.8268141924866295,False
task,409,striatum,3000,727,0.00894328804835195,0.7835128655858984,False
task,409,striatum,3000,730,0.02239951378686658,1.5790234778955503,False
task,409,striatum,3000,731,0.008856969583716325,0.8694473513227061,False
task,409,striatum,3000,822,0.04069120633371946,3.1315679994239307,False
task,409,striatum,3000,823,0.008841016552549966,0.6088649235647516,False
task,409,striatum,3000,1105,0.020692223478973634,1.2738723938802143,False
task,409,striatum,3000,1106,0.014112226977105879,0.6603846375432563,False
task,409,striatum,3000,1201,0.012489391557095919,0.8355768720935726,False
task,409,striatum,3000,1206,0.014353037142319364,0.34353350990796944,False
task,409,striatum,3000,1212,0.026012905133307784,1.0,False
task,409,striatum,3000,409,0.17416312242212828,11.975999092028113,True
task,409,striatum,3000,418,0.019938704815754892,0.8909177699822263,False
task,409,striatum,3000,703,0.010624520756476583,0.6009544120012001,False
task,409,striatum,4800,523,0.010612067206429201,0.5967385170325268,False
task,409,striatum,4800,614,0.014931075696074816,0.9812055055306279,False
task,409,striatum,4800,624,0.026850666549036426,1.4957769205857367,False
task,409,striatum,4800,727,0.01846073295831314,1.3507222899037408,False
task,409,striatum,4800,730,0.013435524066462154,0.9538767589559938,False
task,409,striatum,4800,731,0.013799927302085369,0.8406989877205463,False
task,409,striatum,4800,822,0.02281161493731254,1.2009201683067596,False
task,409,striatum,4800,823,0.04462968133246475,0.4067485747064949,False
task,409,striatum,4800,1105,0.012920455482336746,1.0,False
task,409,striatum,4800,1106,0.021462863061468496,0.9517708905670159,False
task,409,striatum,4800,1201,0.016771333342477737,0.6112193090449679,False
task,409,striatum,4800,1206,0.022654783088917285,0.9964726211877921,False
task,409,striatum,4800,1212,0.009171343736419505,0.3733812330036926,False
task,409,striatum,4800,409,0.19448030546933928,7.043555954285339,True
task,409,striatum,4800,418,0.01042571957060951,0.39395948615942405,False
task,409,striatum,4800,703,0.021348370373910422,1.0875778761571226,False
task,418,striatum,1200,523,0.011378538070359462,0.8676130318447827,False
task,418,striatum,1200,614,0.009063430346374976,0.7139979179556221,False
task,418,striatum,1200,624,0.01060162973372939,0.505828516636867,False
task,418,striatum,1200,727,0.011604284578916256,0.9864527616587674,False
task,418,striatum,1200,730,0.014752022829461092,1.3799564046453199,False
task,418,striatum,1200,731,0.009709786452353007,0.7952732234244804,False
task,418,striatum,1200,822,0.04289104379442691,3.4819981658383017,False
task,418,striatum,1200,823,0.011835267087765009,0.9094642805625439,False
task,418,striatum,1200,1105,0.007940500534458488,0.7082212066271715,False
task,418,striatum,1200,1106,0.014172594901886063,1.0323788142394246,False
task,418,striatum,1200,1201,0.00876110079437257,0.60566952490091,False
task,418,striatum,1200,1206,0.02034625542031275,1.1722535656585502,False
task,418,striatum,1200,1212,0.011145025410434578,0.7867281634160057,False
task,418,striatum,1200,409,0.010508131048870129,0.7494000651302706,False
task,418,striatum,1200,418,0.04443163950872697,3.238440489239797,True
task,418,striatum,1200,703,0.00810993782022952,0.7173100032869764,False
task,418,striatum,3000,523,0.005673310159267413,0.36030547907653465,False
task,418,striatum,3000,614,0.039179197472776005,2.5669135958120064,False
task,418,striatum,3000,624,0.03668020472570338,1.8946250484370923,False
task,418,striatum,3000,727,0.007371846212868495,0.6458403575592675,False
task,418,striatum,3000,730,0.0077824740833967385,0.5486150016792907,False
task,418,striatum,3000,731,0.00808542664580368,0.7937085833999628,False
task,418,striatum,3000,822,0.03798175070657959,2.9230501081571085,False
task,418,striatum,3000,823,0.03945781744804043,2.7173889859536358,False
task,418,striatum,3000,1105,0.016871038481211548,1.0386293285081118,False
task,418,striatum,3000,1106,0.10567226317227318,4.944955840535136,False
task,418,striatum,3000,1201,0.03043313419809701,2.036065805527738,False
task,418,striatum,3000,1206,0.058521160650400056,1.40067774665226,False
task,418,striatum,3000,1212,0.08548100992168561,3.286100090844252,False
task,418,striatum,3000,409,0.04895357169693953,3.3662001578790752,False
task,418,striatum,3000,418,0.3299076410312418,14.741207243080536,True
task,418,striatum,3000,703,0.04031058849653708,2.2800864681441384,False
task,418,striatum,4800,523,0.0116891536394343,0.6573053178494233,False
task,418,striatum,4800,614,0.022192008079529063,1.4583624749915662,False
task,418,striatum,4800,624,0.005941009853526768,0.33095734914620545,False
task,418,striatum,4800,727,0.016576433896052938,1.2128531841652577,False
task,418,striatum,4800,730,0.011867937789254384,0.8425834361135021,False
task,418,striatum,4800,731,0.02924127632506106,1.7813942688249342,False
task,418,striatum,4800,822,0.06887729528370257,3.626053362373797,False
task,418,striatum,4800,823,0.2517679200279217,2.2945770521037328,False
task,418,striatum,4800,1105,0.009513023330844667,0.73627615867333,False
task,418,striatum,4800,1106,0.07628616822876273,3.382910940869923,False
task,418,striatum,4800,1201,0.04499640806093932,1.6398620719591281,False
task,418,striatum,4800,1206,0.06024472503047262,2.6498695144523627,False
task,418,striatum,4800,1212,0.05978980735089057,2.43414625286351,False
task,418,striatum,4800,409,0.037863388611140365,1.3713105584537597,False
task,418,striatum,4800,418,0.21970724809018938,8.302137226778667,True
task,418,striatum,4800,703,0.009887525750315308,0.5037131203756163,False
task,523,striatum,1200,523,0.03936644772781756,3.001689923160046,True
task,523,striatum,1200,614,0.012357971250394685,0.9735348985681042,False
task,523,striatum,1200,624,0.01687151508279812,0.8049793911021847,False
task,523,striatum,1200,727,0.008840672003644696,0.7515245988330561,False
task,523,striatum,1200,730,0.011153582547249805,1.0433455702142442,False
task,523,striatum,1200,731,0.012137895009986258,0.9941457453825315,False
task,523,striatum,1200,822,0.010140440510246786,0.8232253667386764,False
task,523,striatum,1200,823,0.01133206123956453,0.8707961422505984,False
task,523,striatum,1200,1105,0.006254209762814649,0.5578192414317484,False
task,523,striatum,1200,1106,0.010875160977903734,0.7921827917015403,False
task,523,striatum,1200,1201,0.01564681137177351,1.081690193068359,False
task,523,striatum,1200,1206,0.007910826003857783,0.4557838186317293,False
task,523,striatum,1200,1212,0.011632938162335163,0.8211699604576357,False
task,523,striatum,1200,409,0.012184570769663441,0.8689573898445037,False
task,523,striatum,1200,418,0.016517982699991152,1.2039282044883173,False
task,523,striatum,1200,703,0.011110579865613935,0.9827116134039845,False
task,523,striatum,3000,523,0.060767671878128725,3.8592857632945092,True
task,523,striatum,3000,614,0.00985991585475421,0.6459946526142476,False
task,523,striatum,3000,624,0.011929268721808634,0.6161768043251391,False
task,523,striatum,3000,727,0.008548139201273133,0.7488942550889749,False
task,523,striatum,3000,730,0.00763669705518228,0.5383386469209371,False
task,523,striatum,3000,731,0.008172333980586524,0.8022398706899609,False
task,523,striatum,3000,822,0.008035579602557337,0.6184128269340512,False
task,523,striatum,3000,823,0.01073521716921697,0.7393151163483651,False
task,523,striatum,3000,1105,0.010984555442222828,0.6762406152781606,False
task,523,striatum,3000,1106,0.014527786719553135,0.6798308433291187,False
task,523,striatum,3000,1201,0.01147374273426269,0.767626991376898,False
task,523,striatum,3000,1206,0.009208819820645921,0.22040897433261727,False
task,523,striatum,3000,1212,0.011315697126212818,0.43500320584046664,False
task,523,striatum,3000,409,0.011159887740719965,0.767388661797539,False
task,523,striatum,3000,418,0.022084177941931793,0.9867835822700919,False
task,523,striatum,3000,703,0.010937349715568437,0.6186489459455564,False
task,523,striatum,4800,523,0.03889412729302122,2.1870973289775737,True
task,523,striatum,4800,614,0.009920637500355194,0.6519412486992556,False
task,523,striatum,4800,624,0.017369411495256747,0.9676022303324902,False
task,523,striatum,4800,727,0.01188694265682145,0.8697356947653636,False
task,523,striatum,4800,730,0.01223501658236661,0.8686447886683614,False
task,523,striatum,4800,731,0.012101024259772922,0.7372009013435552,False
task,523,striatum,4800,822,0.007572700758395103,0.398665727713707,False
task,523,striatum,4800,823,0.01617997404726192,0.14746198462601495,False
task,523,striatum,4800,1105,0.009664189818604839,0.747975938759785,False
task,523,striatum,4800,1106,0.012329881109411042,0.5467687088381696,False
task,523,striatum,4800,1201,0.008220453764449928,0.29958858770145275,False
task,523,striatum,4800,1206,0.009787425651313861,0.4305007757155033,False
task,523,striatum,4800,1212,0.010903094978293892,0.4438838150167367,False
task,523,striatum,4800,409,0.011857344985035915,0.42944128799989006,False
task,523,striatum,4800,418,0.012754498959456339,0.48195770299186846,False
task,523,striatum,4800,703,0.014870086087398697,0.7575461902689637,False
task,614,striatum,1200,523,0.005934724047484356,0.4525224499105953,False
task,614,striatum,1200,614,0.028534413509671588,2.247880885865572,True
task,614,striatum,1200,624,0.012981205915067786,0.6193636541828756,False
task,614,striatum,1200,727,0.007566342270360526,0.6431968448803476,False
task,614,striatum,1200,730,0.00791188349595869,0.7401055725897795,False
task,614,striatum,1200,731,0.00940536166640808,0.7703395256550448,False
task,614,striatum,1200,822,0.010570472273411194,0.8581363802772474,False
task,614,striatum,1200,823,0.0074274151358249526,0.5707491612019048,False
task,614,striatum,1200,1105,0.010455152322862385,0.9325055217156328,False
task,614,striatum,1200,1106,0.01730409978691706,1.2604880152978022,False
task,614,striatum,1200,1201,0.014983198167426848,1.035813504324773,False
task,614,striatum,1200,1206,0.00982071432660593,0.5658224154202055,False
task,614,striatum,1200,1212,0.011308512550679694,0.7982687326700475,False
task,614,striatum,1200,409,0.00994500179619323,0.7092398219176391,False
task,614,striatum,1200,418,0.011263540738169348,0.8209534192751335,False
task,614,striatum,1200,703,0.010861729439516748,0.9607012227057378,False
task,614,striatum,3000,523,0.008552305299583571,0.5431471877386566,False
task,614,striatum,3000,614,0.058659693933429714,3.843222311751528,True
task,614,striatum,3000,624,0.019365809725202156,1.0002928953917136,False
task,614,striatum,3000,727,0.010905253479322639,0.9553987702653964,False
task,614,striatum,3000,730,0.015024933774484495,1.0591624179649493,False
task,614,striatum,3000,731,0.011371264227894862,1.1162639174363547,False
task,614,striatum,3000,822,0.01135889811259958,0.8741731947292277,False
task,614,striatum,3000,823,0.012576116299686255,0.8660945315549021,False
task,614,striatum,3000,1105,0.016582701570670905,1.0208784845329504,False
task,614,striatum,3000,1106,0.009084496160641109,0.4251109136807835,False
task,614,striatum,3000,1201,0.013758307103224515,0.9204710383256046,False
task,614,striatum,3000,1206,0.020974291752546947,0.502010270867444,False
task,614,striatum,3000,1212,0.0074037753288956456,0.2846193184096,False
task,614,striatum,3000,409,0.01367321549647535,0.9402129112844168,False
task,614,striatum,3000,418,0.014861018333693521,0.6640323649837804,False
task,614,striatum,3000,703,0.009923663502131832,0.5613118465777407,False
task,614,striatum,4800,523,0.013200421498113036,0.7422870394390215,False
task,614,striatum,4800,614,0.07135351414682435,4.689043331166485,True
task,614,striatum,4800,624,0.007868125897503207,0.43831169346410803,False
task,614,striatum,4800,727,0.010320164944195903,0.7550987740891056,False
task,614,striatum,4800,730,0.01090036545840752,0.7738890737322413,False
task,614,striatum,4800,731,0.00952607879446704,0.5803338397474306,False
task,614,striatum,4800,822,0.01014050706396621,0.5338481945903336,False
task,614,striatum,4800,823,0.010058106259591878,0.0916681514003885,False
task,614,striatum,4800,1105,0.010599527111846896,0.8203679139901269,False
task,614,striatum,4800,1106,0.009998639735017448,0.4433897853143733,False
task,614,striatum,4800,1201,0.010308611870414654,0.375690023922495,False
task,614,striatum,4800,1206,0.009173374749942636,0.40349169296107845,False
task,614,striatum,4800,1212,0.015405389348832463,0.6271799896810576,False
task,614,striatum,4800,409,0.014360181243708586,0.5200873160891168,False
task,614,striatum,4800,418,0.014833097020873057,0.5605022503165604,False
task,614,striatum,4800,703,0.014569405312963003,0.7422282174057193,False
task,624,striatum,1200,523,0.013863195097801642,1.057068021874574,False
task,624,striatum,1200,614,0.01496918458144369,1.179240774870518,False
task,624,striatum,1200,624,0.24416940336090698,11.649892536542062,True
task,624,striatum,1200,727,0.011923014507160809,1.0135472383412327,False
task,624,striatum,1200,730,0.013305426875716788,1.2446367014167707,False
task,624,striatum,1200,731,0.015185397701307219,1.243749307789847,False
task,624,striatum,1200,822,0.01526349529143326,1.239127284096498,False
task,624,striatum,1200,823,0.015119726166364316,1.1618538709963262,False
task,624,striatum,1200,1105,0.016247331582388377,1.4491157991636054,False
task,624,striatum,1200,1106,0.013821668766894932,1.0068161907653312,False
task,624,striatum,1200,1201,0.022269598128086727,1.539534498522846,False
task,624,striatum,1200,1206,0.017356531058092883,1.0,False
task,624,striatum,1200,1212,0.010179486153656301,0.7185706762666239,False
task,624,striatum,1200,409,0.021249491281735505,1.5154331513813724,False
task,624,striatum,1200,418,0.011651601114538468,0.8492375530365394,False
task,624,striatum,1200,703,0.09193176078786562,8.131205576993578,False
task,624,striatum,3000,523,0.018444864180360884,1.1714123568849095,False
task,624,striatum,3000,614,0.03611924338394495,2.3664337937783166,False
task,624,striatum,3000,624,0.2723676666864411,14.068476649665175,True
task,624,striatum,3000,727,0.012531165144848698,1.0978433277210426,False
task,624,striatum,3000,730,0.00847853528697523,0.5976828963202494,False
task,624,striatum,3000,731,0.01746920973420261,1.714870756813673,False
task,624,striatum,3000,822,0.012830100137433532,0.9873959176898858,False
task,624,striatum,3000,823,0.04180282379261274,2.8788853591659525,False
task,624,striatum,3000,1105,0.01624356064106636,1.0,False
task,624,striatum,3000,1106,0.06197320621756064,2.9000492545769947,False
task,624,striatum,3000,1201,0.010498229372839743,0.7023622905708641,False
task,624,striatum,3000,1206,0.054201943626804104,1.2972992233852048,False
task,624,striatum,3000,1212,0.060266655301010906,2.3167983349865637,False
task,624,striatum,3000,409,0.015470609314352434,1.0638073119333684,False
task,624,striatum,3000,418,0.05890854259815079,2.63220043074099,False
task,624,striatum,3000,703,0.032163536043606354,1.8192650128884393,False
task,624,striatum,4800,523,0.04094980000350107,2.302692062868139,False
task,624,striatum,4800,614,0.015524621419819801,1.0202107549699462,False
task,624,striatum,4800,624,0.3392638419041342,18.89945725491359,True
task,624,striatum,4800,727,0.011622829610196776,0.8504112519094971,False
task,624,striatum,4800,730,0.01655171602935836,1.1751158468507512,False
task,624,striatum,4800,731,0.018237944755438676,1.111065396096946,False
task,624,striatum,4800,822,0.015178612122452528,0.7990798316932404,False
task,624,striatum,4800,823,0.09057036201186199,0.8254454111949542,False
task,624,striatum,4800,1105,0.015155083884777926,1.1729527573928094,False
task,624,striatum,4800,1106,0.02255045124219131,1.0,False
task,624,striatum,4800,1201,0.017836284950737694,0.6500307125794953,False
task,624,striatum,4800,1206,0.08983981960320224,3.951612344981397,False
task,624,striatum,4800,1212,0.008863046695884133,0.3608299283710492,False
task,624,striatum,4800,409,0.008945006140929168,0.3239641726858226,False
task,624,striatum,4800,418,0.03154330799692745,1.1919355135226886,False
task,624,striatum,4800,703,0.020805318988708497,1.0599125011510815,False
task,703,striatum,1200,523,0.018147572702829445,1.3837516274907595,False
task,703,striatum,1200,614,0.011766687988968983,0.9269548508989769,False
task,703,striatum,1200,624,0.061088101685740116,2.914656013834406,False
task,703,striatum,1200,727,0.034354774510474174,2.9204180543447564,False
task,703,striatum,1200,730,0.01584495035038321,1.4821927114721787,False
task,703,striatum,1200,731,0.006593947296106725,0.5400726109681987,False
task,703,striatum,1200,822,0.05201201322946689,4.222460417018188,False
task,703,striatum,1200,823,0.014191631033938843,1.090535719437456,False
task,703,striatum,1200,1105,0.015585993030713194,1.3901303504473796,False
task,703,striatum,1200,1106,0.009882112783001542,0.7198458678683971,False
task,703,striatum,1200,1201,0.05892450383898811,4.073549327055498,False
task,703,striatum,1200,1206,0.02026202455360369,1.1674005874668172,False
task,703,striatum,1200,1212,0.02647036569191032,1.8685450610322678,False
task,703,striatum,1200,409,0.008775784413683946,0.625855671250988,False
task,703,striatum,1200,418,0.00996189976791624,0.7260821323469729,False
task,703,striatum,1200,703,0.22998265999821668,20.341569350601947,True
task,703,striatum,3000,523,0.01748450843321167,1.110421255068403,False
task,703,striatum,3000,614,0.05669251866415246,3.7143383817638944,False
task,703,striatum,3000,624,0.014513212912437639,0.7496440361451039,False
task,703,striatum,3000,727,0.010624928101728553,0.9308397335098191,False
task,703,striatum,3000,730,0.012487105265259124,0.88026162408749,False
task,703,striatum,3000,731,0.007394390634495509,0.7258728045795056,False
task,703,striatum,3000,822,0.010861043367866897,0.8358586268547852,False
task,703,striatum,3000,823,0.010079057567427233,0.6941265836253088,False
task,703,striatum,3000,1105,0.06452234720977361,3.9721800309379605,False
task,703,striatum,3000,1106,0.08114199829600706,3.797056922424393,False
task,703,striatum,3000,1201,0.04348696766607357,2.9094054945060295,False
task,703,striatum,3000,1206,0.12268139037457466,2.9363240837372353,False
task,703,striatum,3000,1212,0.0706129792804864,2.7145364548333824,False
task,703,striatum,3000,409,0.014192057915368797,0.9758901330243511,False
task,703,striatum,3000,418,0.10360058228872766,4.629167270112818,False
task,703,striatum,3000,703,0.2667361475208885,15.087387785954128,True
task,703,striatum,4800,523,0.03860888674315969,2.171057662114289,False
task,703,striatum,4800,614,0.012836590447798201,0.8435650234452037,False
task,703,striatum,4800,624,0.027773421553177188,1.547181068636515,False
task,703,striatum,4800,727,0.015389399362960292,1.1260010528682876,False
task,703,striatum,4800,730,0.030364503971648176,2.155777064780248,False
task,703,striatum,4800,731,0.009263326937004187,0.5643268553803946,False
task,703,striatum,4800,822,0.010000829097378566,0.5264948315073541,False
task,703,striatum,4800,823,0.14566059775211013,1.3275299925448705,False
task,703,striatum,4800,1105,0.020617150285124116,1.5956984111983779,False
task,703,striatum,4800,1106,0.018582661824615085,0.8240483361081221,False
task,703,striatum,4800,1201,0.015824915094097353,0.5767277694619173,False
task,703,striatum,4800,1206,0.01713223286036419,0.7535627650091363,False
task,703,striatum,4800,1212,0.024562947801741297,1.0,False
task,703,striatum,4800,409,0.07959420664886505,2.8826890559189113,False
task,703,striatum,4800,418,0.050274632281546765,1.8997411321446322,False
task,703,striatum,4800,703,0.26901976627345775,13.705024829695246,True
task,727,striatum,1200,523,0.00893996867725596,0.6816722219242352,False
task,727,striatum,1200,614,0.01173730742568726,0.9246403121195287,False
task,727,striatum,1200,624,0.011895982888596635,0.5675851288535467,False
task,727,striatum,1200,727,0.05196566826945426,4.4174784431763685,True
task,727,striatum,1200,730,0.009433336017823488,0.8824276240252028,False
task,727,striatum,1200,731,0.009733666701007565,0.7972291183781831,False
task,727,striatum,1200,822,0.008454717256984757,0.6863742958227468,False
task,727,striatum,1200,823,0.01892347278670247,1.4541473746287248,False
task,727,striatum,1200,1105,0.009884337621321486,0.8815939859841647,False
task,727,striatum,1200,1106,0.009796294345566732,0.7135945682798482,False
task,727,striatum,1200,1201,0.010297684619519111,0.7118961301175412,False
task,727,striatum,1200,1206,0.010838844135370623,0.6244821674960656,False
task,727,striatum,1200,1212,0.012078026474637705,0.8525887771583913,False
task,727,striatum,1200,409,0.011680415090647869,0.833002918308798,False
task,727,striatum,1200,418,0.011151798475035715,0.8128089827138816,False
task,727,striatum,1200,703,0.011600080060188816,1.026007060787519,False
task,727,striatum,3000,523,0.011262498303182772,0.715268464583809,False
task,727,striatum,3000,614,0.011012054454482051,0.7214796147030246,False
task,727,striatum,3000,624,0.011198480696149477,0.5784297604123362,False
task,727,striatum,3000,727,0.0634494267830928,5.558743264203011,True
task,727,striatum,3000,730,0.014335337442459031,1.0105502557144763,False
task,727,striatum,3000,731,0.010084544026149292,0.9899526028578429,False
task,727,striatum,3000,822,0.014487379420305918,1.1149390218630035,False
task,727,striatum,3000,823,0.010201049963502622,0.7025279807350676,False
task,727,striatum,3000,1105,0.01542782639855765,0.9497810695244735,False
task,727,striatum,3000,1106,0.02136970815918095,1.0,False
task,727,striatum,3000,1201,0.013001341959235314,0.8698278533148026,False
task,727,striatum,3000,1206,0.0147516196757714,0.3530734041719553,False
task,727,striatum,3000,1212,0.018617724771705896,0.7157110932552914,False
task,727,striatum,3000,409,0.014893302075692135,1.0241098669756488,False
task,727,striatum,3000,418,0.011335335533486058,0.5064948776168208,False
task,727,striatum,3000,703,0.014344012802171591,0.8113399161098165,False
task,727,striatum,4800,523,0.010527301564615982,0.5919719694403399,False
task,727,striatum,4800,614,0.013396921830716045,0.880387570529679,False
task,727,striatum,4800,624,0.013823014584023135,0.7700421942949437,False
task,727,striatum,4800,727,0.10018185859851969,7.3300377486945685,True
task,727,striatum,4800,730,0.014864219014148338,1.0553092672447868,False
task,727,striatum,4800,731,0.008889942207735224,0.5415800570056458,False
task,727,striatum,4800,822,0.014518346754820624,0.7643200832667203,False
task,727,striatum,4800,823,0.028275666569759324,0.25770040772752534,False
task,727,striatum,4800,1105,0.009774885757595818,0.7565434338564021,False
task,727,striatum,4800,1106,0.013291784097122955,0.5894243070513094,False
task,727,striatum,4800,1201,0.011090217712770864,0.4041750926498866,False
task,727,striatum,4800,1206,0.019754640162091934,0.8689095801835887,False
task,727,striatum,4800,1212,0.014209026852720968,0.5784740075746801,False
task,727,striatum,4800,409,0.010621892844544817,0.38469651932323584,False
task,727,striatum,4800,418,0.015843458962873022,0.5986810703787687,False
task,727,striatum,4800,703,0.018453240498255946,0.9400874988489188,False
task,730,striatum,1200,523,0.009027978041598897,0.6883829321188266,False
task,730,striatum,1200,614,0.013537951705179607,1.0664912689209398,False
task,730,striatum,1200,624,0.01789500824225081,0.8538126402946952,False
task,730,striatum,1200,727,0.013409094822841782,1.1398754080341496,False
task,730,striatum,1200,730,0.020605078173108127,1.9274719082194356,True
task,730,striatum,1200,731,0.011411820537077377,0.9346771268552367,False
task,730,striatum,1200,822,0.01564257053922143,1.269901525074159,False
task,730,striatum,1200,823,0.01529327381430993,1.1751898933785625,False
task,730,striatum,1200,1105,0.01276144974012959,1.138206501472509,False
task,730,striatum,1200,1106,0.010071734852716388,0.7336585682836038,False
task,730,striatum,1200,1201,0.009465149326877566,0.6543415753883763,False
task,730,striatum,1200,1206,0.01323868663370522,0.7627495718697992,False
task,730,striatum,1200,1212,0.009368014689009664,0.66128884589518,False
task,730,striatum,1200,409,0.01306730485880637,0.9319106382213928,False
task,730,striatum,1200,418,0.016227929984165418,1.1827874482765297,False
task,730,striatum,1200,703,0.009949131691407457,0.8799835269346207,False
task,730,striatum,3000,523,0.01076220777913734,0.6834955821072204,False
task,730,striatum,3000,614,0.010199601032478429,0.6682498941005489,False
task,730,striatum,3000,624,0.012895724842729694,0.66609669950035,False
task,730,striatum,3000,727,0.011923441341570445,1.0446012297346035,False
task,730,striatum,3000,730,0.018957806607133313,1.3364049776660087,True
task,730,striatum,3000,731,0.009657981343179094,0.9480789358686954,False
task,730,striatum,3000,822,0.011618008996310552,0.8941141948823575,False
task,730,striatum,3000,823,0.010105755749042076,0.6959652394192006,False
task,730,striatum,3000,1105,0.014079439617687666,0.8667705270291881,False
task,730,striatum,3000,1106,0.012483135908591098,0.5841509774305474,False
task,730,striatum,3000,1201,0.010594952013506811,0.7088333184972246,False
task,730,striatum,3000,1206,0.012429450897346504,0.2974933354282542,False
task,730,striatum,3000,1212,0.012863296891870697,0.49449674405647626,False
task,730,striatum,3000,409,0.011015725235732752,0.7574755986598285,False
task,730,striatum,3000,418,0.012054212141638399,0.5386163193326036,False
task,730,striatum,3000,703,0.01368151437627293,0.7738670398160831,False
task,730,striatum,4800,523,0.012967062362903646,0.7291647719701085,False
task,730,striatum,4800,614,0.010954099653674125,0.7198558969962066,False
task,730,striatum,4800,624,0.011416125053415228,0.6359609861540627,False
task,730,striatum,4800,727,0.008795023365164257,0.643508257574464,False
task,730,striatum,4800,730,0.024034833625837967,1.7063918822704924,True
task,730,striatum,4800,731,0.012172262022048158,0.7415407441065832,False
task,730,striatum,4800,822,0.013121617999138769,0.6907891326101441,False
task,730,striatum,4800,823,0.042167902842441395,0.3843122753163911,False
task,730,striatum,4800,1105,0.013903785644790181,1.0761064626396277,False
task,730,striatum,4800,1106,0.018120111018311544,0.8035365156866257,False
task,730,striatum,4800,1201,0.011357780864970865,0.41392624133162986,False
task,730,striatum,4800,1206,0.018302825188331106,0.8050513712259023,False
task,730,striatum,4800,1212,0.01611194034126744,0.6559449000712059,False
task,730,striatum,4800,409,0.012321459483181965,0.4462502724829083,False
task,730,striatum,4800,418,0.017753075542765683,0.6708402687420955,False
task,730,striatum,4800,703,0.014157397846288763,0.7212387836588675,False
task,731,striatum,1200,523,0.02609679676495606,1.9898796157005216,False
task,731,striatum,1200,614,0.013029862855133634,1.0264651014318957,False
task,731,striatum,1200,624,0.038113697769892284,1.8184935420970045,False
task,731,striatum,1200,727,0.008956195062901925,0.7613449406270356,False
task,731,striatum,1200,730,0.012920152428191384,1.2085967665851156,False
task,731,striatum,1200,731,0.2166787125420475,17.746917403010638,True
task,731,striatum,1200,822,0.012708179180904763,1.0316805720826157,False
task,731,striatum,1200,823,0.02631828937064575,2.0223915464362543,False
task,731,striatum,1200,1105,0.01573248571294193,1.40319617970082,False
task,731,striatum,1200,1106,0.03218355302049463,2.344356734622274,False
task,731,striatum,1200,1201,0.042343070247187954,2.927247139529894,False
task,731,striatum,1200,1206,0.005820529688193376,0.3353509793352065,False
task,731,striatum,1200,1212,0.03327843861022945,2.3491274290560122,False
task,731,striatum,1200,409,0.014647702709069482,1.0446186208693882,False
task,731,striatum,1200,418,0.04560611251179331,3.3240430231256335,False
task,731,striatum,1200,703,0.008323621871304726,0.7362099888080481,False
task,731,striatum,3000,523,0.019210211358441583,1.2200186861559763,False
task,731,striatum,3000,614,0.010502841570410449,0.6881173827125839,False
task,731,striatum,3000,624,0.025328385478631015,1.3082749652882266,False
task,731,striatum,3000,727,0.01048925236387642,0.9189533125894288,False
task,731,striatum,3000,730,0.006262408683034512,0.44146004385534154,False
task,731,striatum,3000,731,0.4339011841549099,42.59405338738657,True
task,731,striatum,3000,822,0.010817398431720512,0.8324997417863015,False
task,731,striatum,3000,823,0.016660127881526474,1.1473530706419606,False
task,731,striatum,3000,1105,0.014533701941391204,0.8947362134781979,False
task,731,striatum,3000,1106,0.020410088414682916,0.9550943916805079,False
task,731,striatum,3000,1201,0.009709353139330698,0.6495841602151113,False
task,731,striatum,3000,1206,0.060167786577542924,1.4400890000788253,False
task,731,striatum,3000,1212,0.04609270210898164,1.771916741816085,False
task,731,striatum,3000,409,0.008572054367313606,0.5894411738378437,False
task,731,striatum,3000,418,0.022675743764765485,1.0132164177299081,False
task,731,striatum,3000,703,0.008550663268082551,0.4836508802863795,False
task,731,striatum,4800,523,0.03364672901282923,1.8920252561109676,False
task,731,striatum,4800,614,0.026744356879288046,1.7575230844708634,False
task,731,striatum,4800,624,0.009370303740249936,0.5219938971700142,False
task,731,striatum,4800,727,0.010045263812681574,0.7349849960124364,False
task,731,striatum,4800,730,0.010642670956445487,0.7555936358232792,False
task,731,striatum,4800,731,0.2951240311098624,17.979114583348224,True
task,731,striatum,4800,822,0.035337936206604546,1.8603698341161257,False
task,731,striatum,4800,823,0.10160981661629397,0.926057431980848,False
task,731,striatum,4800,1105,0.02689284227977495,2.081415962195724,False
task,731,striatum,4800,1106,0.023375174424948835,1.0365723583044977,False
task,731,striatum,4800,1201,0.09147109729193599,3.3335990492037033,False
task,731,striatum,4800,1206,0.03923052086082946,1.725557900921901,False
task,731,striatum,4800,1212,0.03627730167538468,1.4769115648575752,False
task,731,striatum,4800,409,0.035958808730038976,1.3023317745631786,False
task,731,striatum,4800,418,0.03715322928418393,1.4039191270041678,False
task,731,striatum,4800,703,0.009593010715578493,0.4887092568316875,False
task,822,striatum,1200,523,0.011328274654074814,0.8637804485441916,False
task,822,striatum,1200,614,0.016543250531346365,1.3032423689694739,False
task,822,striatum,1200,624,0.03936300483774923,1.8781009002890674,False
task,822,striatum,1200,727,0.010791741684253115,0.9173804136862806,False
task,822,striatum,1200,730,0.01934200268377267,1.80931935848381,False
task,822,striatum,1200,731,0.04842020814293132,3.96582305879463,False
task,822,striatum,1200,822,0.20932643701494633,16.99362396590164,True
task,822,striatum,1200,823,0.024821177897934966,1.907348142822795,False
task,822,striatum,1200,1105,0.009032948000392732,0.805657691788684,False
task,822,striatum,1200,1106,0.013621506601259109,0.9922357148083697,False
task,822,striatum,1200,1201,0.044784311093207387,3.0960141949582494,False
task,822,striatum,1200,1206,0.01870172069764299,1.0775033694836667,False
task,822,striatum,1200,1212,0.0135442193052776,0.9560874369086935,False
task,822,striatum,1200,409,0.0324733337970591,2.315875044699766,False
task,822,striatum,1200,418,0.05227661142564458,3.810228408245242,False
task,822,striatum,1200,703,0.020905860461079936,1.849087276433633,False
task,822,striatum,3000,523,0.014007158991930712,0.8895787449315973,False
task,822,striatum,3000,614,0.04749805861107543,3.1119425687104636,False
task,822,striatum,3000,624,0.038452699356061944,1.9861788647260274,False
task,822,striatum,3000,727,0.014897268872121344,1.3051353998991821,False
task,822,striatum,3000,730,0.015488347115462953,1.0918301156809613,False
task,822,striatum,3000,731,0.008631096619451472,0.847274457009448,False
task,822,striatum,3000,822,0.1983213525961783,15.26267853302773,True
task,822,striatum,3000,823,0.014647712367556014,1.0087616303012295,False
task,822,striatum,3000,1105,0.020085178107493443,1.2365009465175296,False
task,822,striatum,3000,1106,0.0688464248621868,3.22168297055609,False
task,822,striatum,3000,1201,0.017223926054372278,1.1523310957055013,False
task,822,striatum,3000,1206,0.06517608670255974,1.5599604184803473,False
task,822,striatum,3000,1212,0.016747158745730028,0.6438019383035543,False
task,822,striatum,3000,409,0.01312408498367306,0.9024529858118727,False
task,822,striatum,3000,418,0.04326479874874333,1.9331936741198439,False
task,822,striatum,3000,703,0.022713071568692855,1.2847187070517418,False
task,822,striatum,4800,523,0.01900545511873263,1.0687161023829328,False
task,822,striatum,4800,614,0.04675666737364507,3.0726452923512753,False
task,822,striatum,4800,624,0.009147928047937431,0.5096059578370051,False
task,822,striatum,4800,727,0.016623254722278633,1.2162789383732604,False
task,822,striatum,4800,730,0.012321257199611219,0.8747675807575064,False
task,822,striatum,4800,731,0.030772143033067228,1.8746554914084317,False
task,822,striatum,4800,822,0.17044061517190853,8.972866358696754,True
task,822,striatum,4800,823,0.11842644855510176,1.0793218261744515,False
task,822,striatum,4800,1105,0.011670462985119222,0.9032547653659455,False
task,822,striatum,4800,1106,0.013134661971314661,0.5824567247124549,False
task,822,striatum,4800,1201,0.03581199772117441,1.3051427728299143,False
task,822,striatum,4800,1206,0.02273497796849938,1.0,False
task,822,striatum,4800,1212,0.06712424813511202,2.7327439962378417,False
task,822,striatum,4800,409,0.008725676849533666,0.31602065299301996,False
task,822,striatum,4800,418,0.06440281766059706,2.4336066955333036,False
task,822,striatum,4800,703,0.02171085396410538,1.1060443504716129,False
task,823,striatum,1200,523,0.019277422492126817,1.4699026246715874,False
task,823,striatum,1200,614,0.010804860658044485,0.8511841233192614,False
task,823,striatum,1200,624,0.01880571674678183,0.8972646701717522,False
task,823,striatum,1200,727,0.010337330353701692,0.8787519821872878,False
task,823,striatum,1200,730,0.007143261501820333,0.6682059520547405,False
task,823,striatum,1200,731,0.009168329414073941,0.7509255659048122,False
task,823,striatum,1200,822,0.01633063872306158,1.3257605562879062,False
task,823,striatum,1200,823,0.06718599367410372,5.162812207581299,True
task,823,striatum,1200,1105,0.011211893205336622,1.0,False
task,823,striatum,1200,1106,0.014172008527211103,1.0323361007634644,False
task,823,striatum,1200,1201,0.00904618615852449,0.6253779520854259,False
task,823,striatum,1200,1206,0.023401355658245332,1.3482737754405083,False
task,823,striatum,1200,1212,0.007849102381639972,0.5540687144051137,False
task,823,striatum,1200,409,0.013396412945079724,0.9553813791306117,False
task,823,striatum,1200,418,0.008888674069630368,0.6478591004298416,False
task,823,striatum,1200,703,0.008849932660263671,0.7827612697335815,False
task,823,striatum,3000,523,0.010644737511850806,0.6760351789662454,False
task,823,striatum,3000,614,0.011192216001129704,0.733283305267481,False
task,823,striatum,3000,624,0.010822978748791524,0.5590341381544606,False
task,823,striatum,3000,727,0.010610221798729641,0.929551328446429,False
task,823,striatum,3000,730,0.008332960092939865,0.5874207695898103,False
task,823,striatum,3000,731,0.01699015158559618,1.6678438550614991,False
task,823,striatum,3000,822,0.01094193231194035,0.8420837858409839,False
task,823,striatum,3000,823,0.038561438759609906,2.655656996382944,True
task,823,striatum,3000,1105,0.007272312591824742,0.44770433973935214,False
task,823,striatum,3000,1106,0.01759521104890085,0.8233716117148524,False
task,823,striatum,3000,1201,0.00826612191366999,0.5530277645146184,False
task,823,striatum,3000,1206,0.01558463825667636,0.37301133048534,False
task,823,striatum,3000,1212,0.007793934720745764,0.2996180042484433,False
task,823,striatum,3000,409,0.009615976488894404,0.6612245123904101,False
task,823,striatum,3000,418,0.01138323493372379,0.5086351584042451,False
task,823,striatum,3000,703,0.016604017700970523,0.9391724975699851,False
task,823,striatum,4800,523,0.04004538141173882,2.2518347323663237,False
task,823,striatum,4800,614,0.025126203924660643,1.6511850938136692,False
task,823,striatum,4800,624,0.09962072263576101,5.54959697028422,False
task,823,striatum,4800,727,0.0175697537903049,1.2855317351849107,False
task,823,striatum,4800,730,0.012459679864945492,0.8845951217393057,False
task,823,striatum,4800,731,0.026878623006114388,1.6374601588769127,False
task,823,striatum,4800,822,0.07812681157135447,4.112995242089379,False
task,823,striatum,4800,823,0.5107617189779124,4.655009738054783,True
task,823,striatum,4800,1105,0.012497498287719096,0.9672645290875492,False
task,823,striatum,4800,1106,0.11786930011458219,5.226915366289956,False
task,823,striatum,4800,1201,0.05345411586956097,1.9480972144684494,False
task,823,striatum,4800,1206,0.11481786789974276,5.050273990097088,False
task,823,striatum,4800,1212,0.04870466186346432,1.982850847405684,False
task,823,striatum,4800,409,0.052618721516675265,1.9057092097384154,False
task,823,striatum,4800,418,0.08435761837892758,3.1876441491752305,False
task,823,striatum,4800,703,0.040420448560015906,2.059191630474229,False
task,1105,striatum,1200,523,0.024795861596082158,1.890683365785041,False
task,1105,striatum,1200,614,0.012254949474479105,0.9654190604475812,False
task,1105,striatum,1200,624,0.016708714301914274,0.7972117855952878,False
task,1105,striatum,1200,727,0.015709558532742342,1.3354323822098995,False
task,1105,striatum,1200,730,0.00846922757633245,0.7922415096198485,False
task,1105,striatum,1200,731,0.022603305107448457,1.851307791479947,False
task,1105,striatum,1200,822,0.008006420687017235,0.6499805013079735,False
task,1105,striatum,1200,823,0.007915934200347537,0.6082887144931368,False
task,1105,striatum,1200,1105,0.09435665575710554,8.415764762385873,True
task,1105,striatum,1200,1106,0.010870481895711126,0.7918419518370572,False
task,1105,striatum,1200,1201,0.03904193330437847,2.6990340313016996,False
task,1105,striatum,1200,1206,0.019406853592026527,1.118129741886276,False
task,1105,striatum,1200,1212,0.014351085152577228,1.0130441564128785,False
task,1105,striatum,1200,409,0.015775461207706464,1.1250460811284266,False
task,1105,striatum,1200,418,0.029540431139207696,2.1530812125899703,False
task,1105,striatum,1200,703,0.00884147472456638,0.7820131799186766,False
task,1105,striatum,3000,523,0.009398410174226613,0.5968823465170404,False
task,1105,striatum,3000,614,0.019334091963967365,1.2667166947325192,False
task,1105,striatum,3000,624,0.01935446873407557,0.9997071046082866,False
task,1105,striatum,3000,727,0.009830287341004882,0.8612220206306398,False
task,1105,striatum,3000,730,0.014036012446169125,0.9894497442855237,False
task,1105,striatum,3000,731,0.010289247601928142,1.0100473971421573,False
task,1105,striatum,3000,822,0.01786401627484636,1.3748027337577247,False
task,1105,striatum,3000,823,0.014393266051066065,0.9912383696987707,False
task,1105,striatum,3000,1105,0.08567750409917613,5.274551928138802,True
task,1105,striatum,3000,1106,0.016795717590008464,0.785959146699559,False
task,1105,striatum,3000,1201,0.02022501852596916,1.3531129711729062,False
task,1105,striatum,3000,1206,0.04178060284763619,1.0,False
task,1105,striatum,3000,1212,0.012910335947088661,0.49630504093746297,False
task,1105,striatum,3000,409,0.020070784958242497,1.3801297260485024,False
task,1105,striatum,3000,418,0.01783932117805802,0.797111366501286,False
task,1105,striatum,3000,703,0.018754806676727413,1.0608275024300147,False
task,1105,striatum,4800,523,0.03641507067492685,2.047694841116862,False
task,1105,striatum,4800,614,0.007858351058082434,0.5164167324267166,False
task,1105,striatum,4800,624,0.02495750344531522,1.3903140013587927,False
task,1105,striatum,4800,727,0.012476151429512644,0.9128465194806106,False
task,1105,striatum,4800,730,0.030572649942369395,2.170554724584149,False
task,1105,striatum,4800,731,0.014591706531527193,0.8889346039030538,False
task,1105,striatum,4800,822,0.036043878301892075,1.897534239276272,False
task,1105,striatum,4800,823,0.11791820139237123,1.074689733744769,False
task,1105,striatum,4800,1105,0.034248894979890594,2.6507498150286932,True
task,1105,striatum,4800,1106,0.06147323684079407,2.726031341039386,False
task,1105,striatum,4800,1201,0.03691046206200447,1.3451755240550172,False
task,1105,striatum,4800,1206,0.06499064345047854,2.858619152414698,False
task,1105,striatum,4800,1212,0.03350546358280677,1.3640652519902976,False
task,1105,striatum,4800,409,0.059763785102645774,2.164484282326134,False
task,1105,striatum,4800,418,0.025997652217774937,0.9823803181833766,False
task,1105,striatum,4800,703,0.016031558376232463,0.8167165879611881,False
task,1105,visual,1200,1105,0.15898852926796225,14.180346383631901,True
task,1105,visual,1200,1106,0.006769207669308484,0.49309153583802146,False
task,1105,visual,1200,1201,0.010037587281984133,0.6939151669315008,False
task,1105,visual,1200,1206,0.017561926723233912,1.0118339122289797,False
task,1105,visual,1200,1212,0.018375209451173536,1.2971073866167606,False
task,1105,visual,3000,1105,0.05277427897146678,3.2489353866199036,True
task,1105,visual,3000,1106,0.017625709748947515,0.8247988048154545,False
task,1105,visual,3000,1201,0.014947028782406615,1.0,False
task,1105,visual,3000,1206,0.11349898519829192,2.7165473320764524,False
task,1105,visual,3000,1212,0.04293570491375608,1.650554011315706,False
task,1105,visual,4800,1105,0.05698370905753658,4.410348314379294,True
task,1105,visual,4800,1106,0.06192408880759406,2.746024376298763,False
task,1105,visual,4800,1201,0.02010928366150534,0.7328685331084535,False
task,1105,visual,4800,1206,0.07416595701545424,3.262196124325057,False
task,1105,visual,4800,1212,0.04635194994610787,1.8870678845322435,False
task,1106,striatum,1200,523,0.012149198652131288,0.9263758676097813,False
task,1106,striatum,1200,614,0.011600173837000896,0.9138372173682121,False
task,1106,striatum,1200,624,0.04066244390043321,1.940100173046749,False
task,1106,striatum,1200,727,0.029210300469776823,2.483098494468737,False
task,1106,striatum,1200,730,0.009043414646866484,0.8459529995360365,False
task,1106,striatum,1200,731,0.019773713379621107,1.6195520731222917,False
task,1106,striatum,1200,822,0.011927700421346986,0.9683194279173845,False
task,1106,striatum,1200,823,0.011188471153458402,0.8597621661359889,False
task,1106,striatum,1200,1105,0.008173812831544098,0.7290305644057988,False
task,1106,striatum,1200,1106,0.06517558078280013,4.747605450640429,True
task,1106,striatum,1200,1201,0.014120408589155892,0.976167420319384,False
task,1106,striatum,1200,1206,0.009804902623490264,0.5649114209903425,False
task,1106,striatum,1200,1212,0.01927108830823922,1.3603475410270531,False
task,1106,striatum,1200,409,0.007616776252224666,0.5431996035216565,False
task,1106,striatum,1200,418,0.010812272252283034,0.7880623049167463,False
task,1106,striatum,1200,703,0.041289817168716075,3.6520130666269606,False
task,1106,striatum,3000,523,0.023399172927850233,1.4860548736246817,False
task,1106,striatum,3000,614,0.007486451287843567,0.4904917618208771,False
task,1106,striatum,3000,624,0.05186110767496929,2.678756958295733,False
task,1106,striatum,3000,727,0.013443291811711248,1.1777538678565007,False
task,1106,striatum,3000,730,0.020560292623768354,1.44937006553991,False
task,1106,striatum,3000,731,0.007254948075797931,0.7121843796419098,False
task,1106,striatum,3000,822,0.013157651903208624,1.0126040823101141,False
task,1106,striatum,3000,823,0.015750794978055167,1.0847289475588202,False
task,1106,striatum,3000,1105,0.009624399803709693,0.5925055482834007,False
task,1106,striatum,3000,1106,0.20141773929920226,9.42538558780777,True
task,1106,striatum,3000,1201,0.0402399529470342,2.692170700467145,False
task,1106,striatum,3000,1206,0.02067331358715533,0.4948064933994833,False
task,1106,striatum,3000,1212,0.04957677964838101,1.9058532445459642,False
task,1106,striatum,3000,409,0.008582080568128047,0.5901306066533579,False
task,1106,striatum,3000,418,0.06502401999387152,2.9054572713491673,False
task,1106,striatum,3000,703,0.05302699886577326,2.9993643623072073,False
task,1106,striatum,4800,523,0.014970484727905653,0.8418213607219026,False
task,1106,striatum,4800,614,0.015503070080553724,1.018794494469372,False
task,1106,striatum,4800,624,0.0357374196597428,1.9908335396704917,False
task,1106,striatum,4800,727,0.016750218313064936,1.2255685235955012,False
task,1106,striatum,4800,730,0.02961685278388244,2.1026963596073256,False
task,1106,striatum,4800,731,0.007024032747739187,0.42790784990932207,False
task,1106,striatum,4800,822,0.02762038145178952,1.4540782506162953,False
task,1106,striatum,4800,823,0.17809738824562546,1.6231542925035882,False
task,1106,striatum,4800,1105,0.00790056343790342,0.6114771610570615,False
task,1106,striatum,4800,1106,0.2545897536796999,11.28978533269299,True
task,1106,striatum,4800,1201,0.034087601766885516,1.242298389370496,False
task,1106,striatum,4800,1206,0.02085913810589333,0.9174910191157812,False
task,1106,striatum,4800,1212,0.010463359176964117,0.42598141157236663,False
task,1106,striatum,4800,409,0.04980067178275619,1.8036469935416848,False
task,1106,striatum,4800,418,0.02446338598855978,0.9244045850745276,False
task,1106,striatum,4800,703,0.024600000468954542,1.253229909116906,False
task,1106,visual,1200,1105,0.011129127286990484,0.9926180247322778,False
task,1106,visual,1200,1106,0.07433304354317127,5.414665407651938,True
task,1106,visual,1200,1201,0.01446515043959975,1.0,False
task,1106,visual,1200,1206,0.015815444236427573,0.911209975282086,False
task,1106,visual,1200,1212,0.009895707004589893,0.6985386852626602,False
task,1106,visual,3000,1105,0.020235194808385388,1.245736403213685,False
task,1106,visual,3000,1106,0.08363816300521061,3.913865476411647,True
task,1106,visual,3000,1201,0.013411959737644032,0.8972993852417389,False
task,1106,visual,3000,1206,0.0950805796006637,2.2757110505896647,False
task,1106,visual,3000,1212,0.04182336444335919,1.607792910058599,False
task,1106,visual,4800,1105,0.029750516993675438,2.302590418298076,False
task,1106,visual,4800,1106,0.15999071251295888,7.094789846760157,True
task,1106,visual,4800,1201,0.02743914188294051,1.0,False
task,1106,visual,4800,1206,0.023608536791855265,1.0384235614640247,False
task,1106,visual,4800,1212,0.04023622247159336,1.6380860634626664,False
task,1201,striatum,1200,523,0.009014695277003177,0.6873701218974333,False
task,1201,striatum,1200,614,0.010253364206932862,0.8077383966125842,False
task,1201,striatum,1200,624,0.030079436861892028,1.4351601886940142,False
task,1201,striatum,1200,727,0.010075234781072771,0.8564718580072859,False
task,1201,striatum,1200,730,0.006813017256020223,0.6373137369763441,False
task,1201,striatum,1200,731,0.012280848552238188,1.0058542546174685,False
task,1201,striatum,1200,822,0.01123942442506965,0.9124435259898211,False
task,1201,striatum,1200,823,0.009156436667015154,0.703613363697735,False
task,1201,striatum,1200,1105,0.012639245415225027,1.1273069751689229,False
task,1201,striatum,1200,1106,0.019051706047010977,1.3877894509941726,False
task,1201,striatum,1200,1201,0.07201706791742267,4.978660140323807,True
task,1201,striatum,1200,1206,0.01395384897105118,0.8039537926298284,False
task,1201,striatum,1200,1212,0.014166297748948536,1.0,False
task,1201,striatum,1200,409,0.015155082189493463,1.0808030016985917,False
task,1201,striatum,1200,418,0.01433232324544416,1.0446244256596178,False
task,1201,striatum,1200,703,0.01754448470487563,1.551779392183611,False
task,1201,striatum,3000,523,0.019360962722918405,1.2295927339472004,False
task,1201,striatum,3000,614,0.010678201449167389,0.6996064811621863,False
task,1201,striatum,3000,624,0.014836741342307863,0.7663550951944587,False
task,1201,striatum,3000,727,0.012821232237826117,1.1232558267932142,False
task,1201,striatum,3000,730,0.015081546286439011,1.0631532405501805,False
task,1201,striatum,3000,731,0.011311766430218223,1.1104232964304304,False
task,1201,striatum,3000,822,0.01892458412402892,1.456423325452146,False
task,1201,striatum,3000,823,0.012232352225031788,0.8424201174425985,False
task,1201,striatum,3000,1105,0.0069697066823464875,0.42907505542386665,False
task,1201,striatum,3000,1106,0.015084668975792984,0.7058902659516312,False
task,1201,striatum,3000,1201,0.054246230566503593,3.6292316925457495,True
task,1201,striatum,3000,1206,0.02155232014644744,0.5158451213603492,False
task,1201,striatum,3000,1212,0.018087500090364254,0.6953279534781535,False
task,1201,striatum,3000,409,0.01614292476137833,1.1100378173995222,False
task,1201,striatum,3000,418,0.012244580707515643,0.5471225257162828,False
task,1201,striatum,3000,703,0.01282397932909758,0.7253623136399363,False
task,1201,striatum,4800,523,0.01656143692370197,0.9312838976170671,False
task,1201,striatum,4800,614,0.011713611921990927,0.7697677475795114,False
task,1201,striatum,4800,624,0.01627232929392,0.9064867927046005,False
task,1201,striatum,4800,727,0.00851078721260348,0.622711461059002,False
task,1201,striatum,4800,730,0.014734832198779422,1.0461232410440062,False
task,1201,striatum,4800,731,0.03409318700683059,2.0769752751145654,False
task,1201,striatum,4800,822,0.010917545158213096,0.5747554570304593,False
task,1201,striatum,4800,823,0.029302576717016148,0.26705952090686386,False
task,1201,striatum,4800,1105,0.011652761542798694,0.9018847329901731,False
task,1201,striatum,4800,1106,0.02871340325772499,1.2732961726283754,False
task,1201,striatum,4800,1201,0.1450954812294908,5.2879015622460015,True
task,1201,striatum,4800,1206,0.015133462109592141,0.6656466582268267,False
task,1201,striatum,4800,1212,0.013891341905218004,0.5655405050461098,False
task,1201,striatum,4800,409,0.022510383947053833,0.8152658363060664,False
task,1201,striatum,4800,418,0.013672212240998903,0.516635583054688,False
task,1201,striatum,4800,703,0.026393633515256965,1.3446052967899043,False
task,1201,visual,1200,1105,0.013825779480439221,1.2331351384847695,False
task,1201,visual,1200,1106,0.01372809544946669,1.0,False
task,1201,visual,1200,1201,0.042248815601558055,2.9207311585158378,True
task,1201,visual,1200,1206,0.015599236473464567,0.8987531218797931,False
task,1201,visual,1200,1212,0.011599796334920245,0.8188304764229042,False
task,1201,visual,3000,1105,0.01389179389312202,0.8552185201316828,False
task,1201,visual,3000,1106,0.013504733276183055,0.6319568416932775,False
task,1201,visual,3000,1201,0.03650714100148932,2.4424346492501585,True
task,1201,visual,3000,1206,0.0364443860000578,0.8722800418405094,False
task,1201,visual,3000,1212,0.015948831090956943,0.6131122613650535,False
task,1201,visual,4800,1105,0.019456252567435477,1.505848814233652,False
task,1201,visual,4800,1106,0.016665897171071184,0.7390493871754424,False
task,1201,visual,4800,1201,0.12664611565693518,4.61552756267767,True
task,1201,visual,4800,1206,0.02039310622740861,0.8969925660655766,False
task,1201,visual,4800,1212,0.029121387355215574,1.185581941966718,False
task,1206,striatum,1200,523,0.021240110256147565,1.6195574811194953,False
task,1206,striatum,1200,614,0.023291398879512166,1.834847256579509,False
task,1206,striatum,1200,624,0.02890457723406034,1.3791048917511364,False
task,1206,striatum,1200,727,0.008850461635684427,0.7523567922781188,False
task,1206,striatum,1200,730,0.017227719931403634,1.6115418699934827,False
task,1206,striatum,1200,731,0.025464024081027926,2.0856129649864963,False
task,1206,striatum,1200,822,0.018867866899913436,1.5317388463116934,False
task,1206,striatum,1200,823,0.011339561007126665,0.871372451231182,False
task,1206,striatum,1200,1105,0.019269160209668446,1.7186357251866025,False
task,1206,striatum,1200,1106,0.04110854133002422,2.994482481662903,False
task,1206,striatum,1200,1201,0.012011212337483082,0.8303551620590979,False
task,1206,striatum,1200,1206,0.2633303470606333,15.171830487282161,True
task,1206,striatum,1200,1212,0.046043550664446854,3.2502176278106494,False
task,1206,striatum,1200,409,0.028730786898207378,2.048970789632054,False
task,1206,striatum,1200,418,0.051098741536771415,3.724378289245379,False
task,1206,striatum,1200,703,0.013320795117962842,1.1782013378717426,False
task,1206,striatum,3000,523,0.007773466552494183,0.4936840242563966,False
task,1206,striatum,3000,614,0.08691779603056782,5.694615682312267,False
task,1206,striatum,3000,624,0.06820352703333482,3.5228841189799165,False
task,1206,striatum,3000,727,0.026920144110009814,2.3584479376694096,False
task,1206,striatum,3000,730,0.019419697713342583,1.3689653674974707,False
task,1206,striatum,3000,731,0.0207469512695294,2.0366313397392077,False
task,1206,striatum,3000,822,0.02932278728180648,2.25666207957877,False
task,1206,striatum,3000,823,0.019848928455640426,1.3669600362302263,False
task,1206,striatum,3000,1105,0.09681526947061586,5.960224584371676,False
task,1206,striatum,3000,1106,0.03572837858130076,1.6719170105255263,False
task,1206,striatum,3000,1201,0.05398977409594089,3.6120740035965877,False
task,1206,striatum,3000,1206,0.4073642867620124,9.750081592828423,True
task,1206,striatum,3000,1212,0.03628127497443978,1.3947413711967156,False
task,1206,striatum,3000,409,0.01938281160281345,1.3328225340013358,False
task,1206,striatum,3000,418,0.045823057797195366,2.0475039298533453,False
task,1206,striatum,3000,703,0.06019697797148125,3.404919650521504,False
task,1206,striatum,4800,523,0.0337302280353044,1.8967205790745567,False
task,1206,striatum,4800,614,0.017480310634278826,1.1487301639793404,False
task,1206,striatum,4800,624,0.05701544893023088,3.1761741359725972,False
task,1206,striatum,4800,727,0.009313250822469447,0.6814255699261953,False
task,1206,striatum,4800,730,0.009993308478864314,0.7094910965818852,False
task,1206,striatum,4800,731,0.0225343870678618,1.37280697080133,False
task,1206,striatum,4800,822,0.010905940969088658,0.5741445531205572,False
task,1206,striatum,4800,823,0.11783622011373766,1.073942568019152,False
task,1206,striatum,4800,1105,0.0078552853419131,0.6079727880067292,False
task,1206,striatum,4800,1106,0.017624775626398907,0.7815708624678609,False
task,1206,striatum,4800,1201,0.01276164055214625,0.4650889086323953,False
task,1206,striatum,4800,1206,0.3435654906201064,15.111758238610836,True
task,1206,striatum,4800,1212,0.013327868493517,0.54260052991572,False
task,1206,striatum,4800,409,0.03271180970955121,1.1847341636939337,False
task,1206,striatum,4800,418,0.026930224565933327,1.0176196818166234,False
task,1206,striatum,4800,703,0.017141389311854004,0.8732561528420673,False
task,1206,visual,1200,1105,0.006836315125431861,0.6097378025486294,False
task,1206,visual,1200,1106,0.010884712562678747,0.7928785608131532,False
task,1206,visual,1200,1201,0.011763844331164753,0.8132541987921598,False
task,1206,visual,1200,1206,0.3683094417358573,21.220221973107034,True
task,1206,visual,1200,1212,0.02841037725577263,2.005490620009122,False
task,1206,visual,3000,1105,0.009141413169306717,0.5627715112039992,False
task,1206,visual,3000,1106,0.03351310449726081,1.5682527925802654,False
task,1206,visual,3000,1201,0.015058654383762984,1.0074680796418722,False
task,1206,visual,3000,1206,0.45088443112115045,10.79171673911498,True
task,1206,visual,3000,1212,0.013682225274347011,0.5259783635941468,False
task,1206,visual,4800,1105,0.02775293379405963,2.147984166038111,False
task,1206,visual,4800,1106,0.013702585665863382,0.6076413069830815,False
task,1206,visual,4800,1201,0.02898026661027411,1.0561651940103765,False
task,1206,visual,4800,1206,0.36653332325432914,16.12200037150606,True
task,1206,visual,4800,1212,0.021117426609481793,0.8597268853856683,False
task,1212,striatum,1200,523,0.012366328094503519,0.9429319781254257,False
task,1212,striatum,1200,614,0.01597447699179431,1.2584355896918196,False
task,1212,striatum,1200,624,0.014685315371987898,0.7006706966311061,False
task,1212,striatum,1200,727,0.021464472743524976,1.8246440158723682,False
task,1212,striatum,1200,730,0.010226836109168106,0.9566544297857559,False
task,1212,striatum,1200,731,0.014535731800634466,1.1905388795778256,False
task,1212,striatum,1200,822,0.00896673358189526,0.7279410134051548,False
task,1212,striatum,1200,823,0.014630558470950393,1.1242644745860022,False
task,1212,striatum,1200,1105,0.008840366561029064,0.7884811600614638,False
task,1212,striatum,1200,1106,0.01729826241175009,1.2600628015317372,False
task,1212,striatum,1200,1201,0.011057365356679894,0.7644141277929115,False
task,1212,striatum,1200,1206,0.02494953446033935,1.4374724060258603,False
task,1212,striatum,1200,1212,0.23164266035599587,16.351672431365426,True
task,1212,striatum,1200,409,0.017056229739257956,1.2163856368018107,False
task,1212,striatum,1200,418,0.010909439575453648,0.7951444337120378,False
task,1212,striatum,1200,703,0.011166948230602436,0.9876972980012603,False
task,1212,striatum,3000,523,0.042364191475346445,2.690501643080584,False
task,1212,striatum,3000,614,0.029904769394061517,1.9592784969773482,False
task,1212,striatum,3000,624,0.058377935809979915,3.015367561024967,False
task,1212,striatum,3000,727,0.03398512226497475,2.9774038797760065,False
task,1212,striatum,3000,730,0.010707918678639359,0.7548402681348145,False
task,1212,striatum,3000,731,0.010312914308712654,1.012370647248622,False
task,1212,striatum,3000,822,0.012510261587948759,0.9627813570318821,False
task,1212,striatum,3000,823,0.038554318447688286,2.65516663329538,False
task,1212,striatum,3000,1105,0.02731114792818487,1.6813522928672333,False
task,1212,striatum,3000,1106,0.0465615050158484,2.178855446645135,False
task,1212,striatum,3000,1201,0.016667353280264568,1.1150947471167554,False
task,1212,striatum,3000,1206,0.05715415361668574,1.3679590460940259,False
task,1212,striatum,3000,1212,0.2896136824290547,11.133461677766386,True
task,1212,striatum,3000,409,0.03867951503017996,2.6597240014954386,False
task,1212,striatum,3000,418,0.09348716452281212,4.177271137130875,False
task,1212,striatum,3000,703,0.0301844306097632,1.7073209384643222,False
task,1212,striatum,4800,523,0.01569099436664782,0.8823371099126125,False
task,1212,striatum,4800,614,0.013091056617868684,0.8602874359576584,False
task,1212,striatum,4800,624,0.018532555140947104,1.03239776966751,False
task,1212,striatum,4800,727,0.014858457758922005,1.0871534805193894,False
task,1212,striatum,4800,730,0.03990052393857082,2.8328022239323034,False
task,1212,striatum,4800,731,0.02232231402625151,1.3598873671322842,False
task,1212,striatum,4800,822,0.023639731093984862,1.244516441388758,False
task,1212,striatum,4800,823,0.16928069162179818,1.542800172144843,False
task,1212,striatum,4800,1105,0.014404178882465165,1.114835224048934,False
task,1212,striatum,4800,1106,0.04146667810430196,1.838840281240975,False
task,1212,striatum,4800,1201,0.019368239822397902,0.7058617177252013,False
task,1212,striatum,4800,1206,0.01682483236290569,0.7400417271667236,False
task,1212,striatum,4800,1212,0.13896985082209115,5.657702485213905,True
task,1212,striatum,4800,409,0.020172348807752507,0.7305884635149666,False
task,1212,striatum,4800,418,0.06434761872065003,2.4315208782551005,False
task,1212,striatum,4800,703,0.051846354064074646,2.6412764371188864,False
task,1212,visual,1200,1105,0.012264651743784147,1.0938965899127933,False
task,1212,visual,1200,1106,0.013435800858681816,0.978708292649857,False
task,1212,visual,1200,1201,0.007749591445371296,0.5357421948517065,False
task,1212,visual,1200,1206,0.05829639094952771,3.3587581962321713,False
task,1212,visual,1200,1212,0.16156071426716204,11.404582702573334,True
task,1212,visual,3000,1105,0.012456913621499713,0.766883191238663,False
task,1212,visual,3000,1106,0.03571505392287291,1.6712934803243367,False
task,1212,visual,3000,1201,0.013436718605056857,0.8989558259814509,False
task,1212,visual,3000,1206,0.03645610508768181,0.8725605329494277,False
task,1212,visual,3000,1212,0.2873303827637305,11.045686027425795,True
task,1212,visual,4800,1105,0.011555637541263486,0.8943676604173072,False
task,1212,visual,4800,1106,0.0731195703184187,3.2424881228812787,False
task,1212,visual,4800,1201,0.04567109943601364,1.664450719007664,False
task,1212,visual,4800,1206,0.023751252409386442,1.044700920418536,False
task,1212,visual,4800,1212,0.2016052437187882,8.20769743705176,True
