cohort,band,boundary,field,n_animals,mean,sem,ci95_low,ci95_high,p_raw,p_floor,reachable,p_fdr,survives_fdr
control,theta,all,d_raw,5,-0.0712334709851227,0.042591507054318356,-0.1894864522690824,0.04701951029883701,0.1875,0.0625,False,0.6875,False
control,beta,all,d_raw,5,0.016979256837984534,0.039617064957002755,-0.093015349244189,0.12697386292015808,0.6875,0.0625,False,0.6875,False
control,low_gamma,all,d_raw,5,0.04195059409125211,0.0480724601802838,-0.09151995267111294,0.17542114085361715,0.375,0.0625,False,0.6875,False
control,high_gamma,all,d_raw,5,0.030831507452336326,0.03737180656629791,-0.07292926196106046,0.1345922768657331,0.5625,0.0625,False,0.6875,False
control,total,all,d_raw,5,-0.028967427046803346,0.03348827249486541,-0.12194577729670249,0.0640109232030958,0.625,0.0625,False,0.6875,False
control,theta,DLS-DMS,d_raw,5,-0.004456399794579324,0.028084654417759168,-0.0824319010839385,0.07351910149477986,0.9375,0.0625,False,0.9375,False
control,beta,DLS-DMS,d_raw,5,0.00483471158256851,0.025971215128840677,-0.0672729415379402,0.07694236470307722,0.875,0.0625,False,0.9375,False
control,low_gamma,DLS-DMS,d_raw,5,0.010101850050026676,0.03350112041077324,-0.08291217173310675,0.1031158718331601,0.8125,0.0625,False,0.9375,False
control,high_gamma,DLS-DMS,d_raw,5,0.0027240484475262302,0.00819798033259835,-0.02003719391942428,0.025485290814476744,0.8125,0.0625,False,0.9375,False
control,total,DLS-DMS,d_raw,5,-0.02207601195008817,0.02749330947940612,-0.09840967647987353,0.054257652579697196,0.5625,0.0625,False,0.9375,False
control,theta,CA1-DG,d_raw,3,-0.10777882136362849,0.018367208850984095,-0.18680654266716573,-0.02875110006009124,0.25,0.25,False,0.625,False
control,beta,CA1-DG,d_raw,3,0.018531271096593933,0.11316263657291316,-0.46836825607780835,0.5054307982709962,1.0,0.25,False,1.0,False
control,low_gamma,CA1-DG,d_raw,3,0.08804858742881011,0.16637966655265507,-0.6278253390656989,0.803922513923319,0.75,0.25,False,0.9375,False
control,high_gamma,CA1-DG,d_raw,3,0.012061968534987644,0.08457298843615806,-0.3518262310366025,0.3759501681065778,0.75,0.25,False,0.9375,False
control,total,CA1-DG,d_raw,3,-0.07451672930321475,0.0714478286351942,-0.381931924226666,0.23289846562023653,0.25,0.25,False,0.625,False
control,theta,CA1-V1,d_raw,3,-0.10926459961941341,0.07303229930799657,-0.42349722160866216,0.2049680223698353,0.25,0.25,False,0.625,False
control,beta,CA1-V1,d_raw,3,-0.09197190653447636,0.07026523376303745,-0.3942988064028633,0.2103549933339106,0.5,0.25,False,0.8333333333333334,False
control,low_gamma,CA1-V1,d_raw,3,-0.07493711477056714,0.08086449362475638,-0.422868949018018,0.27299471947688375,0.75,0.25,False,0.9375,False
control,high_gamma,CA1-V1,d_raw,3,-0.03245940671698585,0.08750570488867106,-0.40896606673903674,0.3440472533050651,1.0,0.25,False,1.0,False
control,total,CA1-V1,d_raw,3,-0.1294214765343038,0.06284495247437683,-0.39982148285932556,0.14097852979071795,0.25,0.25,False,0.625,False
control,theta,all,d_residual,5,-0.07510807021877156,0.044550752674511376,-0.1988007894147964,0.0485846489772533,0.1875,0.0625,False,0.6875,False
control,beta,all,d_residual,5,0.016663842046508053,0.04017771903334957,-0.09488738930164778,0.1282150733946639,0.6875,0.0625,False,0.6875,False
control,low_gamma,all,d_residual,5,0.04195061550509618,0.047929457563495044,-0.09112289234185525,0.17502412335204762,0.375,0.0625,False,0.6875,False
control,high_gamma,all,d_residual,5,0.0287147567394128,0.0374500989201485,-0.07526338709660686,0.13269290057543245,0.5625,0.0625,False,0.6875,False
control,total,all,d_residual,5,-0.03532014775186272,0.03294811451904525,-0.12679877903376244,0.056158483530036996,0.4375,0.0625,False,0.6875,False
control,theta,DLS-DMS,d_residual,5,-0.006668165616465535,0.02875642323901893,-0.08650879616143588,0.07317246492850481,0.875,0.0625,False,0.875,False
control,beta,DLS-DMS,d_residual,5,0.004727521283586519,0.025854014445341203,-0.06705473057289425,0.07650977314006728,0.875,0.0625,False,0.875,False
control,low_gamma,DLS-DMS,d_residual,5,0.010487009607256719,0.03348926002902211,-0.082494082477018,0.10346810169153145,0.8125,0.0625,False,0.875,False
control,high_gamma,DLS-DMS,d_residual,5,0.0007745909816959066,0.009136512453010276,-0.02459243429704321,0.026141616260435024,0.875,0.0625,False,0.875,False
control,total,DLS-DMS,d_residual,5,-0.027172056426208395,0.028728957833760112,-0.10693643078118562,0.05259231792876882,0.4375,0.0625,False,0.875,False
control,theta,CA1-DG,d_residual,3,-0.10522082000613449,0.019672610334166125,-0.1898652305649151,-0.020576409447353852,0.25,0.25,False,0.625,False
control,beta,CA1-DG,d_residual,3,0.018499798699389624,0.11296115237038329,-0.4675328119209635,0.5045324093197427,1.0,0.25,False,1.0,False
control,low_gamma,CA1-DG,d_residual,3,0.08563018920659804,0.16375168039839785,-0.618936425487127,0.7901968039003231,0.75,0.25,False,0.9375,False
control,high_gamma,CA1-DG,d_residual,3,0.010534793598791836,0.08369245384025688,-0.3495647713899628,0.37063435858754645,0.75,0.25,False,0.9375,False
control,total,CA1-DG,d_residual,3,-0.07507677112648353,0.07069129045943891,-0.3792368450027392,0.22908330274977212,0.25,0.25,False,0.625,False
control,theta,CA1-V1,d_residual,3,-0.1151111988117612,0.07222975333078874,-0.42589074416129735,0.19566834653777498,0.25,0.25,False,0.625,False
control,beta,CA1-V1,d_residual,3,-0.09305869716705277,0.07225132824428464,-0.40393107187703964,0.21781367754293407,0.5,0.25,False,0.8333333333333334,False
control,low_gamma,CA1-V1,d_residual,3,-0.07503954657785716,0.08103706328859049,-0.42371388816050376,0.27363479500478943,0.75,0.25,False,0.9375,False
control,high_gamma,CA1-V1,d_residual,3,-0.03351102989958782,0.08876898806460236,-0.4154531587272105,0.34843109892803487,1.0,0.25,False,1.0,False
control,total,CA1-V1,d_residual,3,-0.13844411974304094,0.06630997966673323,-0.4237529347764718,0.14686469529038992,0.25,0.25,False,0.625,False
