group,area,band,epoch,animal,probe,n_channels,n_epoch_trials,reliability,shuffle,obs_minus_shuffle
Task (LFP),DMS,theta,Naive,1105,striatum,60,10,0.054579965712946946,0.049398738291080393,0.005181227421866552
Task (LFP),DMS,theta,Intermediate,1105,striatum,60,10,0.010667791126727893,0.006336504742560459,0.004331286384167434
Task (LFP),DMS,theta,Expert,1105,striatum,60,10,0.02937266635014214,0.012852240932015622,0.016520425418126518
Task (LFP),DMS,beta,Naive,1105,striatum,60,10,0.023688026427888524,0.023346967418343603,0.0003410590095449216
Task (LFP),DMS,beta,Intermediate,1105,striatum,60,10,0.03275054773726386,0.007860153931630212,0.024890393805633647
Task (LFP),DMS,beta,Expert,1105,striatum,60,10,0.013228887215498364,0.0031655919775411463,0.010063295237957218
Task (LFP),DMS,low_gamma,Naive,1105,striatum,60,10,0.023743000094777453,0.03653233886668541,-0.012789338771907955
Task (LFP),DMS,low_gamma,Intermediate,1105,striatum,60,10,0.030378421407261186,-0.011660830924320123,0.04203925233158131
Task (LFP),DMS,low_gamma,Expert,1105,striatum,60,10,0.03416985037556342,0.007000680649682234,0.02716916972588119
Task (LFP),DMS,high_gamma,Naive,1105,striatum,60,10,0.0441978737694371,0.03848477976357898,0.0057130940058581214
Task (LFP),DMS,high_gamma,Intermediate,1105,striatum,60,10,0.021017259018493707,0.033819756629923745,-0.012802497611430038
Task (LFP),DMS,high_gamma,Expert,1105,striatum,60,10,0.04512577585810158,0.02561968836908491,0.019506087489016673
Task (LFP),DMS,total,Naive,1105,striatum,60,10,0.09502237212506734,0.029030313847650435,0.0659920582774169
Task (LFP),DMS,total,Intermediate,1105,striatum,60,10,0.06490315141298722,0.03886536063948343,0.026037790773503787
Task (LFP),DMS,total,Expert,1105,striatum,60,10,0.03649428270682804,0.004744702090208571,0.03174958061661947
Task (LFP),DLS,theta,Naive,1105,striatum,66,10,0.07316409313358575,0.06208418678470625,0.011079906348879502
Task (LFP),DLS,theta,Intermediate,1105,striatum,66,10,0.043214232179661485,0.027054847556004187,0.0161593846236573
Task (LFP),DLS,theta,Expert,1105,striatum,66,10,0.027198589668300653,0.030581959721811363,-0.00338337005351071
Task (LFP),DLS,beta,Naive,1105,striatum,66,10,0.05364364381549456,0.044624247598748494,0.009019396216746065
Task (LFP),DLS,beta,Intermediate,1105,striatum,66,10,0.00763339603585087,-0.0030970813635533114,0.010730477399404182
Task (LFP),DLS,beta,Expert,1105,striatum,66,10,-0.0038119874179637246,0.05405054931618911,-0.057862536734152835
Task (LFP),DLS,low_gamma,Naive,1105,striatum,66,10,0.01457764991898513,0.042528044456415934,-0.027950394537430805
Task (LFP),DLS,low_gamma,Intermediate,1105,striatum,66,10,0.029755054024016746,0.031257361602110706,-0.0015023075780939595
Task (LFP),DLS,low_gamma,Expert,1105,striatum,66,10,0.028232982285199985,0.03644436279102174,-0.008211380505821757
Task (LFP),DLS,high_gamma,Naive,1105,striatum,66,10,0.08476128019747967,0.028193466339999952,0.056567813857479714
Task (LFP),DLS,high_gamma,Intermediate,1105,striatum,66,10,0.06403728791564496,0.045548325397427494,0.018488962518217467
Task (LFP),DLS,high_gamma,Expert,1105,striatum,66,10,0.09439621486429942,0.026025656981757163,0.06837055788254226
Task (LFP),DLS,total,Naive,1105,striatum,66,10,0.05652881748318531,0.028480446680130705,0.02804837080305461
Task (LFP),DLS,total,Intermediate,1105,striatum,66,10,0.053154087002847974,0.05360255908128907,-0.00044847207844109227
Task (LFP),DLS,total,Expert,1105,striatum,66,10,-0.0049373531878671535,0.006843716712111096,-0.01178106989997825
Task (LFP),ACC,theta,Naive,1105,striatum,50,10,0.05469150706118393,0.012835436256686737,0.0418560708044972
Task (LFP),ACC,theta,Intermediate,1105,striatum,50,10,0.03595136351727029,0.020717778856386575,0.015233584660883714
Task (LFP),ACC,theta,Expert,1105,striatum,50,10,0.03247671027767058,0.04091120114920011,-0.008434490871529532
Task (LFP),ACC,beta,Naive,1105,striatum,50,10,0.013469975314872474,0.030157509121797866,-0.016687533806925392
Task (LFP),ACC,beta,Intermediate,1105,striatum,50,10,0.027326556085519076,0.022363392089045125,0.004963163996473952
Task (LFP),ACC,beta,Expert,1105,striatum,50,10,0.07697880063424636,0.02729796284150341,0.04968083779274295
Task (LFP),ACC,low_gamma,Naive,1105,striatum,50,10,0.04531321186045077,0.01299504935841822,0.03231816250203255
Task (LFP),ACC,low_gamma,Intermediate,1105,striatum,50,10,0.0837395375230585,-0.0020999433465415476,0.08583948086960005
Task (LFP),ACC,low_gamma,Expert,1105,striatum,50,10,0.04765748239907331,0.0560038707252989,-0.008346388326225591
Task (LFP),ACC,high_gamma,Naive,1105,striatum,50,10,0.08756426474157776,0.07324209140223689,0.014322173339340868
Task (LFP),ACC,high_gamma,Intermediate,1105,striatum,50,10,0.11916384713134201,0.06296990399393558,0.05619394313740643
Task (LFP),ACC,high_gamma,Expert,1105,striatum,50,10,0.1330569483691224,0.07432263963148025,0.058734308737642155
Task (LFP),ACC,total,Naive,1105,striatum,50,10,0.16100428801464978,0.07047172203899146,0.09053256597565831
Task (LFP),ACC,total,Intermediate,1105,striatum,50,10,0.09048659542859139,0.046105191175314794,0.04438140425327659
Task (LFP),ACC,total,Expert,1105,striatum,50,10,0.1358985665880317,0.06699848309021747,0.06890008349781424
Task (LFP),V1,theta,Naive,1105,visual,92,10,-0.0019009817477655204,0.00029269452197304565,-0.002193676269738566
Task (LFP),V1,theta,Intermediate,1105,visual,92,10,0.038917886087694115,-0.024269053127726283,0.0631869392154204
Task (LFP),V1,theta,Expert,1105,visual,92,10,0.04493321290371037,0.015275848081078996,0.029657364822631375
Task (LFP),V1,beta,Naive,1105,visual,92,10,0.04214482863256418,0.039941272025046624,0.0022035566075175525
Task (LFP),V1,beta,Intermediate,1105,visual,92,10,0.037005902211553934,0.045738902580508604,-0.00873300036895467
Task (LFP),V1,beta,Expert,1105,visual,92,10,0.037415133635540845,0.0353751110467287,0.0020400225888121473
Task (LFP),V1,low_gamma,Naive,1105,visual,92,10,0.05287692750753722,0.024945876372459885,0.027931051135077333
Task (LFP),V1,low_gamma,Intermediate,1105,visual,92,10,0.08496017863461032,0.004135999505878282,0.08082417912873203
Task (LFP),V1,low_gamma,Expert,1105,visual,92,10,0.05434496524162136,0.044247131144943344,0.010097834096678013
Task (LFP),V1,high_gamma,Naive,1105,visual,92,10,0.024689181663222058,0.01505197193811407,0.009637209725107988
Task (LFP),V1,high_gamma,Intermediate,1105,visual,92,10,0.06270634956331063,0.004336109414313927,0.0583702401489967
Task (LFP),V1,high_gamma,Expert,1105,visual,92,10,0.06264970486035402,0.04088894686471534,0.02176075799563868
Task (LFP),V1,total,Naive,1105,visual,92,10,0.06628389123781878,0.04589040777646923,0.020393483461349546
Task (LFP),V1,total,Intermediate,1105,visual,92,10,0.07913789579251604,0.012788757737354484,0.06634913805516156
Task (LFP),V1,total,Expert,1105,visual,92,10,0.08071452339052351,0.05112043777220188,0.029594085618321636
Task (LFP),DMS,theta,Naive,1106,striatum,52,10,0.04533731157891609,0.011206113936240792,0.0341311976426753
Task (LFP),DMS,theta,Intermediate,1106,striatum,52,10,0.05023590663154478,0.018673699616766553,0.03156220701477823
Task (LFP),DMS,theta,Expert,1106,striatum,52,10,0.07019785093737631,0.017552082576329276,0.052645768361047035
Task (LFP),DMS,beta,Naive,1106,striatum,52,10,0.006453792722960516,0.007770450842043056,-0.00131665811908254
Task (LFP),DMS,beta,Intermediate,1106,striatum,52,10,0.010171618688757919,0.005633251523734501,0.004538367165023418
Task (LFP),DMS,beta,Expert,1106,striatum,52,10,0.011351860671640759,0.008895522255426492,0.002456338416214267
Task (LFP),DMS,low_gamma,Naive,1106,striatum,52,10,0.020090690607336713,-0.006531262533618768,0.02662195314095548
Task (LFP),DMS,low_gamma,Intermediate,1106,striatum,52,10,0.027558939143647754,0.004315665486677605,0.02324327365697015
Task (LFP),DMS,low_gamma,Expert,1106,striatum,52,10,0.010691926165997798,0.009535203123217212,0.0011567230427805865
Task (LFP),DMS,high_gamma,Naive,1106,striatum,52,10,0.030503441084919293,-0.012011311002910637,0.04251475208782993
Task (LFP),DMS,high_gamma,Intermediate,1106,striatum,52,10,0.013489301465001064,0.01154540260567746,0.0019438988593236048
Task (LFP),DMS,high_gamma,Expert,1106,striatum,52,10,0.014815870339879947,0.004318821453954693,0.010497048885925255
Task (LFP),DMS,total,Naive,1106,striatum,52,10,0.10143396830996447,0.001424937573130384,0.10000903073683409
Task (LFP),DMS,total,Intermediate,1106,striatum,52,10,0.0586299766105529,0.03938956449729273,0.01924041211326017
Task (LFP),DMS,total,Expert,1106,striatum,52,10,0.046901850937885084,0.032825905229624655,0.014075945708260429
Task (LFP),DLS,theta,Naive,1106,striatum,82,10,0.005456604297464885,-0.03452175405832911,0.03997835835579399
Task (LFP),DLS,theta,Intermediate,1106,striatum,82,10,0.04487857410192767,0.04018462689353987,0.004693947208387804
Task (LFP),DLS,theta,Expert,1106,striatum,82,10,0.01637968562034707,-0.009391952298139928,0.025771637918487
Task (LFP),DLS,beta,Naive,1106,striatum,82,10,0.02903834521457991,0.05108448195861439,-0.02204613674403448
Task (LFP),DLS,beta,Intermediate,1106,striatum,82,10,0.005912297278587738,0.01889355433965978,-0.012981257061072041
Task (LFP),DLS,beta,Expert,1106,striatum,82,10,0.017808850798292846,-0.0060738075532380835,0.02388265835153093
Task (LFP),DLS,low_gamma,Naive,1106,striatum,82,10,-0.032491977338814794,-0.013928206419229771,-0.018563770919585023
Task (LFP),DLS,low_gamma,Intermediate,1106,striatum,82,10,0.027381688851325393,-0.009484583898474019,0.03686627274979941
Task (LFP),DLS,low_gamma,Expert,1106,striatum,82,10,0.05011633878132764,-0.006484640640747842,0.05660097942207548
Task (LFP),DLS,high_gamma,Naive,1106,striatum,82,10,0.02864067839758394,0.009831368806530735,0.018809309591053206
Task (LFP),DLS,high_gamma,Intermediate,1106,striatum,82,10,-7.69224529089476e-05,-0.0030809388071145116,0.003004016354205564
Task (LFP),DLS,high_gamma,Expert,1106,striatum,82,10,0.03845840801690292,0.009045243362776676,0.029413164654126245
Task (LFP),DLS,total,Naive,1106,striatum,82,10,0.016063682007508316,0.0030020806253818417,0.013061601382126475
Task (LFP),DLS,total,Intermediate,1106,striatum,82,10,0.04958416930802619,0.03292062928426968,0.016663540023756515
Task (LFP),DLS,total,Expert,1106,striatum,82,10,0.042678499300096984,0.014010323396653512,0.02866817590344347
Task (LFP),ACC,theta,Naive,1106,striatum,72,10,-0.011517679970674648,0.023002566645169753,-0.0345202466158444
Task (LFP),ACC,theta,Intermediate,1106,striatum,72,10,0.0409352916709827,0.025731587482207323,0.015203704188775376
Task (LFP),ACC,theta,Expert,1106,striatum,72,10,0.03335812675999908,0.007610799714670227,0.025747327045328852
Task (LFP),ACC,beta,Naive,1106,striatum,72,10,-0.015881490429470242,0.0046684418720079205,-0.020549932301478162
Task (LFP),ACC,beta,Intermediate,1106,striatum,72,10,0.0027553394815831586,0.002270337382941245,0.00048500209864191365
Task (LFP),ACC,beta,Expert,1106,striatum,72,10,0.013779540908070608,-0.0009557380251837566,0.014735278933254365
Task (LFP),ACC,low_gamma,Naive,1106,striatum,72,10,0.007906885168353833,0.01723392388672069,-0.009327038718366858
Task (LFP),ACC,low_gamma,Intermediate,1106,striatum,72,10,0.04201073546467639,0.003576644560409638,0.03843409090426675
Task (LFP),ACC,low_gamma,Expert,1106,striatum,72,10,0.010689374530533865,0.006038114779889017,0.004651259750644848
Task (LFP),ACC,high_gamma,Naive,1106,striatum,72,10,0.0036558426881925627,0.007614600605688788,-0.003958757917496225
Task (LFP),ACC,high_gamma,Intermediate,1106,striatum,72,10,0.009879977891308542,0.01212776352408317,-0.0022477856327746282
Task (LFP),ACC,high_gamma,Expert,1106,striatum,72,10,0.01466490939386465,0.017926003717338546,-0.003261094323473896
Task (LFP),ACC,total,Naive,1106,striatum,72,10,0.07232650976436167,0.047893957970678185,0.024432551793683484
Task (LFP),ACC,total,Intermediate,1106,striatum,72,10,0.06855118230721988,0.009142303890576655,0.05940887841664322
Task (LFP),ACC,total,Expert,1106,striatum,72,10,0.05530449208457552,0.02252250349439347,0.03278198859018205
Task (LFP),V1,theta,Naive,1106,visual,52,10,0.058207475278211,0.023933944037811093,0.034273531240399904
Task (LFP),V1,theta,Intermediate,1106,visual,52,10,0.07239135536488672,0.03589397858800296,0.036497376776883764
Task (LFP),V1,theta,Expert,1106,visual,52,10,0.06854356039511844,0.03781385172832507,0.030729708666793372
Task (LFP),V1,beta,Naive,1106,visual,52,10,0.011309803426395265,0.0022925007455610125,0.009017302680834251
Task (LFP),V1,beta,Intermediate,1106,visual,52,10,0.005005928218918992,0.0008363779718661088,0.0041695502470528835
Task (LFP),V1,beta,Expert,1106,visual,52,10,0.025423199091573485,-0.0008587927763099572,0.026281991867883443
Task (LFP),V1,low_gamma,Naive,1106,visual,52,10,0.0003795117368967942,-0.00881144170713799,0.009190953444034785
Task (LFP),V1,low_gamma,Intermediate,1106,visual,52,10,-0.004467811241652594,0.0019033532783089137,-0.006371164519961508
Task (LFP),V1,low_gamma,Expert,1106,visual,52,10,0.01586783111466433,-0.01451012905589667,0.030377960170561
Task (LFP),V1,high_gamma,Naive,1106,visual,52,10,0.05744789134000318,0.021895755623675735,0.03555213571632744
Task (LFP),V1,high_gamma,Intermediate,1106,visual,52,10,0.004960204905980515,0.010504763168915743,-0.005544558262935228
Task (LFP),V1,high_gamma,Expert,1106,visual,52,10,0.01694639032320581,0.001689525352651864,0.015256864970553948
Task (LFP),V1,total,Naive,1106,visual,52,10,0.23071483591970537,0.1122206474942102,0.11849418842549518
Task (LFP),V1,total,Intermediate,1106,visual,52,10,0.14064224801372338,0.0772028423787311,0.06343940563499229
Task (LFP),V1,total,Expert,1106,visual,52,10,0.14642191606804195,0.08951400275252622,0.05690791331551573
Task (LFP),DMS,theta,Naive,1201,striatum,60,10,0.025935272064237326,0.07865454278517657,-0.052719270720939244
Task (LFP),DMS,theta,Intermediate,1201,striatum,60,10,0.023040729338095006,0.03807740913032429,-0.015036679792229286
Task (LFP),DMS,theta,Expert,1201,striatum,60,10,0.03971504118560855,0.03351188688584373,0.0062031542997648195
Task (LFP),DMS,beta,Naive,1201,striatum,60,10,0.011011512617485888,0.04100374751753949,-0.0299922349000536
Task (LFP),DMS,beta,Intermediate,1201,striatum,60,10,0.011525172615912904,-0.003296226549298076,0.01482139916521098
Task (LFP),DMS,beta,Expert,1201,striatum,60,10,0.04984185074416102,0.027539088048127464,0.022302762696033554
Task (LFP),DMS,low_gamma,Naive,1201,striatum,60,10,0.01250421999695785,0.021413008927842293,-0.008908788930884443
Task (LFP),DMS,low_gamma,Intermediate,1201,striatum,60,10,0.01402990248408977,0.007183401634168779,0.006846500849920991
Task (LFP),DMS,low_gamma,Expert,1201,striatum,60,10,0.01473801266509639,0.013856696706189334,0.000881315958907055
Task (LFP),DMS,high_gamma,Naive,1201,striatum,60,10,0.0022477297912405587,0.03941440146511115,-0.0371666716738706
Task (LFP),DMS,high_gamma,Intermediate,1201,striatum,60,10,0.03301055248460069,-0.0032646848662237537,0.03627523735082445
Task (LFP),DMS,high_gamma,Expert,1201,striatum,60,10,0.03452968918710924,0.018552679875061612,0.015977009312047628
Task (LFP),DMS,total,Naive,1201,striatum,60,10,0.036901565268884426,0.0037359916766007513,0.03316557359228368
Task (LFP),DMS,total,Intermediate,1201,striatum,60,10,0.0070602490040064525,0.015210998153103766,-0.008150749149097313
Task (LFP),DMS,total,Expert,1201,striatum,60,10,0.019471119068677167,0.03256906549664142,-0.01309794642796425
Task (LFP),DLS,theta,Naive,1201,striatum,46,10,0.013682853648313278,0.11595702446355302,-0.10227417081523975
Task (LFP),DLS,theta,Intermediate,1201,striatum,46,10,0.09689377034087475,0.053484549923743616,0.043409220417131134
Task (LFP),DLS,theta,Expert,1201,striatum,46,10,0.10418565146983294,0.05542649123169363,0.04875916023813931
Task (LFP),DLS,beta,Naive,1201,striatum,46,10,0.05173341206164926,0.050156330554406735,0.0015770815072425268
Task (LFP),DLS,beta,Intermediate,1201,striatum,46,10,0.036083321511535524,0.02240890219035604,0.013674419321179482
Task (LFP),DLS,beta,Expert,1201,striatum,46,10,0.0537120896144551,0.02734823802514601,0.026363851589309092
Task (LFP),DLS,low_gamma,Naive,1201,striatum,46,10,-0.019344208216109375,0.06679161492127525,-0.08613582313738463
Task (LFP),DLS,low_gamma,Intermediate,1201,striatum,46,10,-0.0212031069357978,0.033259481097110084,-0.054462588032907884
Task (LFP),DLS,low_gamma,Expert,1201,striatum,46,10,-0.017141184123663215,-0.012300301335063619,-0.0048408827885995966
Task (LFP),DLS,high_gamma,Naive,1201,striatum,46,10,0.0007557656439923755,0.0557369355146831,-0.054981169870690724
Task (LFP),DLS,high_gamma,Intermediate,1201,striatum,46,10,0.0435792253431885,0.016938515221626416,0.02664071012156208
Task (LFP),DLS,high_gamma,Expert,1201,striatum,46,10,0.01037782392201555,0.020433061724143917,-0.010055237802128367
Task (LFP),DLS,total,Naive,1201,striatum,46,10,0.06818458523860296,0.007587065708823762,0.0605975195297792
Task (LFP),DLS,total,Intermediate,1201,striatum,46,10,-0.0010412213181350421,0.032496847783140013,-0.033538069101275055
Task (LFP),DLS,total,Expert,1201,striatum,46,10,0.038740763494486186,0.03587264280132431,0.002868120693161877
Task (LFP),ACC,theta,Naive,1201,striatum,50,10,0.025588814511271485,0.012077998695937803,0.013510815815333681
Task (LFP),ACC,theta,Intermediate,1201,striatum,50,10,0.04872035433649096,0.016824412143943753,0.03189594219254721
Task (LFP),ACC,theta,Expert,1201,striatum,50,10,0.0481109606277781,0.001605087750666288,0.04650587287711181
Task (LFP),ACC,beta,Naive,1201,striatum,50,10,0.010266601960833746,-0.023193477080188513,0.03346007904102226
Task (LFP),ACC,beta,Intermediate,1201,striatum,50,10,-0.014387264889952279,0.015793715661696756,-0.030180980551649035
Task (LFP),ACC,beta,Expert,1201,striatum,50,10,0.014294419831510122,0.010718563921792433,0.0035758559097176894
Task (LFP),ACC,low_gamma,Naive,1201,striatum,50,10,-0.002934564406537701,0.0201452055384436,-0.0230797699449813
Task (LFP),ACC,low_gamma,Intermediate,1201,striatum,50,10,0.0004627488665098729,0.013671817962373331,-0.013209069095863458
Task (LFP),ACC,low_gamma,Expert,1201,striatum,50,10,-0.01279198795505008,-0.01888732081975775,0.00609533286470767
Task (LFP),ACC,high_gamma,Naive,1201,striatum,50,10,0.024375261171840662,0.01676281111792414,0.00761245005391652
Task (LFP),ACC,high_gamma,Intermediate,1201,striatum,50,10,-0.0035486123995285765,0.0016547074175839887,-0.005203319817112565
Task (LFP),ACC,high_gamma,Expert,1201,striatum,50,10,0.008157101411674339,0.0034720065479322297,0.004685094863742109
Task (LFP),ACC,total,Naive,1201,striatum,50,10,0.03255100324719541,0.014848304480874753,0.01770269876632066
Task (LFP),ACC,total,Intermediate,1201,striatum,50,10,0.019661831363552297,0.013690716080026588,0.005971115283525709
Task (LFP),ACC,total,Expert,1201,striatum,50,10,0.032508929249128925,0.00890315766239228,0.023605771586736643
Task (LFP),V1,theta,Naive,1201,visual,102,10,0.0773438509023884,0.008027039970220699,0.06931681093216771
Task (LFP),V1,theta,Intermediate,1201,visual,102,10,0.1403080286800306,0.0534763526298902,0.08683167605014039
Task (LFP),V1,theta,Expert,1201,visual,102,10,0.041249441409691105,0.0645484695650938,-0.023299028155402697
Task (LFP),V1,beta,Naive,1201,visual,102,10,0.07339678006333308,0.041096126763310196,0.03230065330002289
Task (LFP),V1,beta,Intermediate,1201,visual,102,10,0.04375705676885495,0.060918485201166564,-0.017161428432311616
Task (LFP),V1,beta,Expert,1201,visual,102,10,0.04213392677443223,0.0420757704965841,5.81562778481301e-05
Task (LFP),V1,low_gamma,Naive,1201,visual,102,10,-0.003335502413556031,0.005024029817126128,-0.00835953223068216
Task (LFP),V1,low_gamma,Intermediate,1201,visual,102,10,-0.0066400312145854425,-0.02423484744740101,0.017594816232815565
Task (LFP),V1,low_gamma,Expert,1201,visual,102,10,-0.0029864752656055147,-0.022774602281806434,0.019788127016200918
Task (LFP),V1,high_gamma,Naive,1201,visual,102,10,0.06524047047537118,0.04170688794849156,0.02353358252687962
Task (LFP),V1,high_gamma,Intermediate,1201,visual,102,10,0.027195802120724706,0.012841655460919376,0.01435414665980533
Task (LFP),V1,high_gamma,Expert,1201,visual,102,10,0.02669386156860497,0.010571599668672564,0.016122261899932405
Task (LFP),V1,total,Naive,1201,visual,102,10,0.02376582567495823,-0.004300773720665107,0.028066599395623337
Task (LFP),V1,total,Intermediate,1201,visual,102,10,0.08444621016093477,0.019865810663574034,0.06458039949736075
Task (LFP),V1,total,Expert,1201,visual,102,10,0.06044771036089175,0.008352582027156934,0.052095128333734815
Task (LFP),CA1,theta,Naive,1201,visual,60,10,0.07307886179645308,0.062280053256678326,0.010798808539774753
Task (LFP),CA1,theta,Intermediate,1201,visual,60,10,0.14338298085245704,0.024509357763364183,0.11887362308909286
Task (LFP),CA1,theta,Expert,1201,visual,60,10,0.08433188842210634,0.05227134349075161,0.03206054493135473
Task (LFP),CA1,beta,Naive,1201,visual,60,10,0.03405012543095972,0.05059005138007104,-0.01653992594911132
Task (LFP),CA1,beta,Intermediate,1201,visual,60,10,0.04284171089882331,0.0150355857675047,0.027806125131318613
Task (LFP),CA1,beta,Expert,1201,visual,60,10,0.003917772437864159,0.02222997205772012,-0.018312199619855963
Task (LFP),CA1,low_gamma,Naive,1201,visual,60,10,-0.0018591359486912003,-0.026344479430905576,0.024485343482214376
Task (LFP),CA1,low_gamma,Intermediate,1201,visual,60,10,0.0473457360807306,-0.013199489057160807,0.06054522513789141
Task (LFP),CA1,low_gamma,Expert,1201,visual,60,10,0.04149936620644047,0.028134092521075377,0.013365273685365095
Task (LFP),CA1,high_gamma,Naive,1201,visual,60,10,0.02733765037225299,0.0031792049283083405,0.02415844544394465
Task (LFP),CA1,high_gamma,Intermediate,1201,visual,60,10,0.02243905925454179,0.026191513892892083,-0.0037524546383502916
Task (LFP),CA1,high_gamma,Expert,1201,visual,60,10,0.041725858555733936,0.0019374623584650964,0.03978839619726884
Task (LFP),CA1,total,Naive,1201,visual,60,10,0.00595536750434051,0.0407978635056042,-0.03484249600126369
Task (LFP),CA1,total,Intermediate,1201,visual,60,10,0.09533527524469719,0.02564674590462082,0.06968852934007637
Task (LFP),CA1,total,Expert,1201,visual,60,10,0.07392322911781117,0.024436804225534976,0.0494864248922762
Task (LFP),DG,theta,Naive,1201,visual,42,10,0.16077571076344094,0.02313837614779373,0.1376373346156472
Task (LFP),DG,theta,Intermediate,1201,visual,42,10,0.07631030771423275,-0.005247685361322556,0.08155799307555531
Task (LFP),DG,theta,Expert,1201,visual,42,10,0.02970773247068767,0.029822857535449016,-0.00011512506476134624
Task (LFP),DG,beta,Naive,1201,visual,42,10,0.043648157103180873,0.06558195959827272,-0.021933802495091845
Task (LFP),DG,beta,Intermediate,1201,visual,42,10,0.03907944942703173,0.005020534274342823,0.03405891515268891
Task (LFP),DG,beta,Expert,1201,visual,42,10,0.03183214049962553,0.007295442063253198,0.024536698436372333
Task (LFP),DG,low_gamma,Naive,1201,visual,42,10,0.012614737348286673,-0.010568349824824859,0.02318308717311153
Task (LFP),DG,low_gamma,Intermediate,1201,visual,42,10,0.01702147385957727,0.0014247103608635368,0.015596763498713733
Task (LFP),DG,low_gamma,Expert,1201,visual,42,10,0.021729635173581497,-0.012110540043410539,0.033840175216992036
Task (LFP),DG,high_gamma,Naive,1201,visual,42,10,-0.003803075758662305,0.030878089691530407,-0.03468116545019271
Task (LFP),DG,high_gamma,Intermediate,1201,visual,42,10,0.03060054804979307,-0.007246788102812769,0.03784733615260584
Task (LFP),DG,high_gamma,Expert,1201,visual,42,10,0.04867510889415443,-0.020324296431337173,0.0689994053254916
Task (LFP),DG,total,Naive,1201,visual,42,10,0.08724636749957394,0.01813514787306605,0.06911121962650789
Task (LFP),DG,total,Intermediate,1201,visual,42,10,0.07526078425705576,0.017427710588608113,0.05783307366844765
Task (LFP),DG,total,Expert,1201,visual,42,10,0.0739666058024944,-0.005733453594753994,0.07970005939724839
Task (LFP),DMS,theta,Naive,1206,striatum,72,10,0.07760079621066727,0.10443087252503318,-0.026830076314365903
Task (LFP),DMS,beta,Naive,1206,striatum,72,10,0.044152537030154905,0.024882328957131983,0.01927020807302292
Task (LFP),DMS,low_gamma,Naive,1206,striatum,72,10,0.007891753574640507,0.007047435208316627,0.0008443183663238794
Task (LFP),DMS,high_gamma,Naive,1206,striatum,72,10,0.002824956305539774,0.07133168658907982,-0.06850673028354004
Task (LFP),DMS,total,Naive,1206,striatum,72,10,0.05588132627239688,0.07322456393928364,-0.017343237666886765
Task (LFP),V1,theta,Naive,1206,visual,94,10,0.09453479497527417,0.05367895228533763,0.04085584268993654
Task (LFP),V1,beta,Naive,1206,visual,94,10,0.10420163650425258,0.18581876301955047,-0.08161712651529789
Task (LFP),V1,low_gamma,Naive,1206,visual,94,10,0.12057540847735315,0.1141500927214516,0.006425315755901551
Task (LFP),V1,high_gamma,Naive,1206,visual,94,10,0.2501623103591085,0.1726593262742246,0.07750298408488393
Task (LFP),V1,total,Naive,1206,visual,94,10,0.18580904364887796,0.1978344565546386,-0.012025412905760646
Task (LFP),CA1,theta,Naive,1206,visual,60,10,0.10752047098902903,0.04206343194956354,0.0654570390394655
Task (LFP),CA1,beta,Naive,1206,visual,60,10,0.02173807423439681,0.020008207464891722,0.0017298667695050882
Task (LFP),CA1,low_gamma,Naive,1206,visual,60,10,0.049585511026040446,0.03638334728228728,0.013202163743753166
Task (LFP),CA1,high_gamma,Naive,1206,visual,60,10,0.08241239491502232,0.03999433247627797,0.04241806243874435
Task (LFP),CA1,total,Naive,1206,visual,60,10,0.10089386964954561,0.059792397102210515,0.041101472547335094
Task (LFP),DG,theta,Naive,1206,visual,78,10,0.08847027807804678,0.036245709440176535,0.05222456863787024
Task (LFP),DG,beta,Naive,1206,visual,78,10,-0.011945840867765489,-0.006641622475090296,-0.005304218392675193
Task (LFP),DG,low_gamma,Naive,1206,visual,78,10,0.03394191579178271,-0.00048051125591377296,0.034422427047696484
Task (LFP),DG,high_gamma,Naive,1206,visual,78,10,0.04852663308366732,0.020650433611881597,0.027876199471785726
Task (LFP),DG,total,Naive,1206,visual,78,10,0.05654213595065628,0.020524628694447135,0.03601750725620915
Task (LFP),DMS,theta,Naive,1212,striatum,62,10,0.001686994740429413,0.06563041767901881,-0.0639434229385894
Task (LFP),DMS,theta,Intermediate,1212,striatum,62,10,0.09965936946475228,0.044739636046709025,0.05491973341804325
Task (LFP),DMS,theta,Expert,1212,striatum,62,10,0.17475500970688115,0.026567257041241715,0.14818775266563944
Task (LFP),DMS,beta,Naive,1212,striatum,62,10,0.06099833575520264,0.0031508622723676475,0.05784747348283499
Task (LFP),DMS,beta,Intermediate,1212,striatum,62,10,0.03031925649616892,-0.0021817049387931353,0.032500961434962054
Task (LFP),DMS,beta,Expert,1212,striatum,62,10,0.0046402286823362575,0.012482664342649354,-0.007842435660313098
Task (LFP),DMS,low_gamma,Naive,1212,striatum,62,10,0.08210599538398873,0.0038280420658430314,0.0782779533181457
Task (LFP),DMS,low_gamma,Intermediate,1212,striatum,62,10,0.07400201509627947,-0.004788379935214008,0.07879039503149349
Task (LFP),DMS,low_gamma,Expert,1212,striatum,62,10,0.025161344509026927,0.022940811088266743,0.002220533420760184
Task (LFP),DMS,high_gamma,Naive,1212,striatum,62,10,0.07753694291512662,0.03212458524074724,0.045412357674379386
Task (LFP),DMS,high_gamma,Intermediate,1212,striatum,62,10,0.11847601633575644,0.016773873171359248,0.10170214316439719
Task (LFP),DMS,high_gamma,Expert,1212,striatum,62,10,0.06949967594455722,0.031006032828401354,0.03849364311615587
Task (LFP),DMS,total,Naive,1212,striatum,62,10,0.027738317027345916,0.03315848171012585,-0.005420164682779935
Task (LFP),DMS,total,Intermediate,1212,striatum,62,10,0.009927351855463853,0.0245055453880099,-0.014578193532546045
Task (LFP),DMS,total,Expert,1212,striatum,62,10,0.07063439717941669,0.0279439161627252,0.04269048101669149
Task (LFP),DLS,theta,Naive,1212,striatum,32,10,0.0048815158064700655,0.0621167541637211,-0.057235238357251035
Task (LFP),DLS,theta,Intermediate,1212,striatum,32,10,0.0782865145816535,0.03516152337850768,0.04312499120314583
Task (LFP),DLS,theta,Expert,1212,striatum,32,10,0.10720620609924154,0.025950289631441747,0.0812559164677998
Task (LFP),DLS,beta,Naive,1212,striatum,32,10,0.07261710827617554,-0.006804507240534216,0.07942161551670976
Task (LFP),DLS,beta,Intermediate,1212,striatum,32,10,0.01067372064075193,0.002760465747164722,0.007913254893587207
Task (LFP),DLS,beta,Expert,1212,striatum,32,10,0.02910433571092939,0.005972613460862497,0.02313172225006689
Task (LFP),DLS,low_gamma,Naive,1212,striatum,32,10,0.08655713614935494,-0.008020220105520507,0.09457735625487544
Task (LFP),DLS,low_gamma,Intermediate,1212,striatum,32,10,0.0552505422131236,-0.006081041816693226,0.061331584029816824
Task (LFP),DLS,low_gamma,Expert,1212,striatum,32,10,0.026726117881913057,0.015480492503526566,0.011245625378386491
Task (LFP),DLS,high_gamma,Naive,1212,striatum,32,10,0.07871934425209753,0.018510070900936874,0.060209273351160664
Task (LFP),DLS,high_gamma,Intermediate,1212,striatum,32,10,0.1114453083156175,0.01913839379970185,0.09230691451591565
Task (LFP),DLS,high_gamma,Expert,1212,striatum,32,10,0.05351951246039234,0.02422577140546195,0.02929374105493039
Task (LFP),DLS,total,Naive,1212,striatum,32,10,0.03254304835849857,0.018111041730012833,0.014432006628485736
Task (LFP),DLS,total,Intermediate,1212,striatum,32,10,0.01497802987899383,0.015105830152567687,-0.0001278002735738571
Task (LFP),DLS,total,Expert,1212,striatum,32,10,0.0748426654273742,0.026463105444341682,0.04837955998303251
Task (LFP),ACC,theta,Naive,1212,striatum,42,10,0.05666762743918261,0.007297058227555215,0.0493705692116274
Task (LFP),ACC,theta,Intermediate,1212,striatum,42,10,0.048454722323106866,-0.0016913746069173094,0.05014609693002418
Task (LFP),ACC,theta,Expert,1212,striatum,42,10,0.05934921026698283,0.007601231901151641,0.05174797836583119
Task (LFP),ACC,beta,Naive,1212,striatum,42,10,0.020662687271530335,0.008326606579548982,0.012336080691981353
Task (LFP),ACC,beta,Intermediate,1212,striatum,42,10,0.027667359630918965,0.00622808847365474,0.021439271157264225
Task (LFP),ACC,beta,Expert,1212,striatum,42,10,0.0013153053263491629,-0.0006228821078257379,0.0019381874341749007
Task (LFP),ACC,low_gamma,Naive,1212,striatum,42,10,0.04855503633250203,-0.00045714202228831595,0.049012178354790346
Task (LFP),ACC,low_gamma,Intermediate,1212,striatum,42,10,0.06590544735632604,0.0008489155757885676,0.06505653178053748
Task (LFP),ACC,low_gamma,Expert,1212,striatum,42,10,0.015194021407814728,0.012211705048985453,0.002982316358829276
Task (LFP),ACC,high_gamma,Naive,1212,striatum,42,10,0.08195819236447878,0.020385939081667623,0.06157225328281116
Task (LFP),ACC,high_gamma,Intermediate,1212,striatum,42,10,0.10339377113618611,0.008974480716337375,0.09441929041984874
Task (LFP),ACC,high_gamma,Expert,1212,striatum,42,10,0.0617779566909164,0.01672083394174082,0.04505712274917558
Task (LFP),ACC,total,Naive,1212,striatum,42,10,0.08775767003975721,0.00849138084060733,0.07926628919914988
Task (LFP),ACC,total,Intermediate,1212,striatum,42,10,0.0557378235248814,0.010580477277942434,0.04515734624693897
Task (LFP),ACC,total,Expert,1212,striatum,42,10,0.06692928299421799,0.000461862545022502,0.06646742044919549
Task (LFP),V1,theta,Naive,1212,visual,126,10,0.019189156232187272,0.010768524935875023,0.008420631296312249
Task (LFP),V1,theta,Intermediate,1212,visual,126,10,0.0663397409217155,0.02752305443238553,0.038816686489329975
Task (LFP),V1,theta,Expert,1212,visual,126,10,0.08500602699787556,0.01888526637516195,0.0661207606227136
Task (LFP),V1,beta,Naive,1212,visual,126,10,0.110411371799303,0.07024013340648905,0.04017123839281396
Task (LFP),V1,beta,Intermediate,1212,visual,126,10,0.19062127027470605,0.09178104468661856,0.09884022558808749
Task (LFP),V1,beta,Expert,1212,visual,126,10,0.20884406666311855,0.031163503670314265,0.1776805629928043
Task (LFP),V1,low_gamma,Naive,1212,visual,126,10,0.08080292904905242,0.017195872561116564,0.06360705648793585
Task (LFP),V1,low_gamma,Intermediate,1212,visual,126,10,0.10255644409670468,0.02679464795896409,0.07576179613774059
Task (LFP),V1,low_gamma,Expert,1212,visual,126,10,0.039929888540299927,0.009111621914875906,0.030818266625424022
Task (LFP),V1,high_gamma,Naive,1212,visual,126,10,0.1785437052295608,0.03743867878909634,0.14110502644046446
Task (LFP),V1,high_gamma,Intermediate,1212,visual,126,10,0.17787687667749577,0.06427277963364217,0.1136040970438536
Task (LFP),V1,high_gamma,Expert,1212,visual,126,10,0.12932433378316974,0.017611018684650617,0.11171331509851912
Task (LFP),V1,total,Naive,1212,visual,126,10,0.13656097204088813,0.057463609022753145,0.07909736301813498
Task (LFP),V1,total,Intermediate,1212,visual,126,10,0.19746087508973048,0.07582433199262686,0.12163654309710362
Task (LFP),V1,total,Expert,1212,visual,126,10,0.18690037863169098,0.04255356875917832,0.14434680987251267
Task (LFP),CA1,theta,Naive,1212,visual,44,10,0.0748282136620317,0.05022347539173331,0.02460473827029839
Task (LFP),CA1,theta,Intermediate,1212,visual,44,10,0.09782920996885659,0.04717339802469,0.050655811944166594
Task (LFP),CA1,theta,Expert,1212,visual,44,10,0.13584220976256986,0.02879565494789202,0.10704655481467784
Task (LFP),CA1,beta,Naive,1212,visual,44,10,0.006348617651742472,0.019069676850707765,-0.012721059198965294
Task (LFP),CA1,beta,Intermediate,1212,visual,44,10,0.06320002400213034,0.0019098272738872803,0.06129019672824307
Task (LFP),CA1,beta,Expert,1212,visual,44,10,0.03147910806581204,-0.011250789265312902,0.04272989733112494
Task (LFP),CA1,low_gamma,Naive,1212,visual,44,10,0.08923405044384698,-0.007638580177185354,0.09687263062103234
Task (LFP),CA1,low_gamma,Intermediate,1212,visual,44,10,0.028789293890884343,0.03089259547016911,-0.002103301579284768
Task (LFP),CA1,low_gamma,Expert,1212,visual,44,10,0.04316417696274658,0.004754534812893965,0.03840964214985262
Task (LFP),CA1,high_gamma,Naive,1212,visual,44,10,0.03433779891199511,0.02739119826803214,0.006946600643962967
Task (LFP),CA1,high_gamma,Intermediate,1212,visual,44,10,0.005611249863468875,0.014833597880234228,-0.009222348016765353
Task (LFP),CA1,high_gamma,Expert,1212,visual,44,10,0.015075875902933572,0.00400775627235721,0.011068119630576363
Task (LFP),CA1,total,Naive,1212,visual,44,10,0.0377635235329399,0.02902342662950854,0.00874009690343136
Task (LFP),CA1,total,Intermediate,1212,visual,44,10,0.07528932425295373,0.03610358333930965,0.03918574091364408
Task (LFP),CA1,total,Expert,1212,visual,44,10,0.04864361644634113,0.015314022632905539,0.033329593813435594
Task (LFP),DG,theta,Naive,1212,visual,22,10,0.06316619488163548,0.06089776408123293,0.0022684308004025516
Task (LFP),DG,theta,Intermediate,1212,visual,22,10,0.034877057798117,0.03998933614744137,-0.005112278349324373
Task (LFP),DG,theta,Expert,1212,visual,22,10,0.05826070278952085,0.03867960998276016,0.019581092806760687
Task (LFP),DG,beta,Naive,1212,visual,22,10,0.003351021406534601,0.020755182614143813,-0.017404161207609212
Task (LFP),DG,beta,Intermediate,1212,visual,22,10,0.0795449733270632,0.02106235657836592,0.058482616748697286
Task (LFP),DG,beta,Expert,1212,visual,22,10,0.021752343135406433,0.0034336150265668205,0.018318728108839614
Task (LFP),DG,low_gamma,Naive,1212,visual,22,10,0.05389455984095428,-0.02633502457678505,0.08022958441773934
Task (LFP),DG,low_gamma,Intermediate,1212,visual,22,10,0.017257618012346664,0.040860570903959094,-0.02360295289161243
Task (LFP),DG,low_gamma,Expert,1212,visual,22,10,0.03251671284102531,-0.0030609794645357403,0.03557769230556105
Task (LFP),DG,high_gamma,Naive,1212,visual,22,10,0.013004822073308992,0.023392188803383507,-0.010387366730074515
Task (LFP),DG,high_gamma,Intermediate,1212,visual,22,10,0.012831993019021864,0.031194229673471973,-0.01836223665445011
Task (LFP),DG,high_gamma,Expert,1212,visual,22,10,0.03503873348883249,0.00736532165145686,0.02767341183737563
Task (LFP),DG,total,Naive,1212,visual,22,10,-0.0011387090834952668,0.01557653823922689,-0.016715247322722157
Task (LFP),DG,total,Intermediate,1212,visual,22,10,0.06606538175698322,0.06659198911117661,-0.0005266073541933952
Task (LFP),DG,total,Expert,1212,visual,22,10,0.04710124388891106,0.0012905372755619335,0.04581070661334912
Task (LFP),DMS,theta,Naive,523,striatum,52,10,-0.000248429396888452,0.005526997597846385,-0.005775426994734837
Task (LFP),DMS,theta,Intermediate,523,striatum,52,10,-0.0071719159584946665,0.05940765236431127,-0.06657956832280593
Task (LFP),DMS,theta,Expert,523,striatum,52,10,0.04755074391986765,0.015155911338506306,0.03239483258136134
Task (LFP),DMS,beta,Naive,523,striatum,52,10,0.014854353246287328,0.01724044933416289,-0.0023860960878755617
Task (LFP),DMS,beta,Intermediate,523,striatum,52,10,-0.007510821368267416,0.00857885835868438,-0.016089679726951796
Task (LFP),DMS,beta,Expert,523,striatum,52,10,0.004514791557650823,-0.0046935457894410355,0.00920833734709186
Task (LFP),DMS,low_gamma,Naive,523,striatum,52,10,-0.0009591525992280042,-0.013880100042721496,0.012920947443493492
Task (LFP),DMS,low_gamma,Intermediate,523,striatum,52,10,0.00417838316689814,0.013253345138859788,-0.009074961971961648
Task (LFP),DMS,low_gamma,Expert,523,striatum,52,10,-0.012329281252197098,0.0012285957351842896,-0.013557876987381387
Task (LFP),DMS,high_gamma,Naive,523,striatum,52,10,0.022226184146153582,0.016408051423157825,0.005818132722995757
Task (LFP),DMS,high_gamma,Intermediate,523,striatum,52,10,0.026826797876413417,0.010796868011067764,0.016029929865345655
Task (LFP),DMS,high_gamma,Expert,523,striatum,52,10,0.007414941251539406,0.036127007265482305,-0.0287120660139429
Task (LFP),DMS,total,Naive,523,striatum,52,10,0.06148118155735981,0.016386072726386626,0.04509510883097318
Task (LFP),DMS,total,Intermediate,523,striatum,52,10,0.06595629179145392,0.009480848443361558,0.05647544334809236
Task (LFP),DMS,total,Expert,523,striatum,52,10,0.021095064206153417,0.05484713528829675,-0.033752071082143335
Task (LFP),DLS,theta,Naive,523,striatum,52,10,-0.01029059514765725,-0.024292795747093292,0.014002200599436042
Task (LFP),DLS,theta,Intermediate,523,striatum,52,10,-0.01137389240320577,0.027844425444734432,-0.0392183178479402
Task (LFP),DLS,theta,Expert,523,striatum,52,10,0.07507442493395922,0.009038635867184026,0.0660357890667752
Task (LFP),DLS,beta,Naive,523,striatum,52,10,0.009153398358367131,0.01068784559289165,-0.0015344472345245191
Task (LFP),DLS,beta,Intermediate,523,striatum,52,10,0.007572688731100667,0.027867222499991896,-0.02029453376889123
Task (LFP),DLS,beta,Expert,523,striatum,52,10,0.035128984773630315,-0.006232729100590573,0.041361713874220885
Task (LFP),DLS,low_gamma,Naive,523,striatum,52,10,-0.004020497895169154,-0.01728684211364709,0.013266344218477935
Task (LFP),DLS,low_gamma,Intermediate,523,striatum,52,10,0.03966272592893379,0.022337430821802493,0.017325295107131294
Task (LFP),DLS,low_gamma,Expert,523,striatum,52,10,0.031517931617485326,0.009823682098341155,0.02169424951914417
Task (LFP),DLS,high_gamma,Naive,523,striatum,52,10,0.008008860378420413,0.012578844490617294,-0.004569984112196881
Task (LFP),DLS,high_gamma,Intermediate,523,striatum,52,10,0.019648471895946387,0.02162437390898649,-0.001975902013040102
Task (LFP),DLS,high_gamma,Expert,523,striatum,52,10,0.003990455052039156,0.012288232452189024,-0.008297777400149867
Task (LFP),DLS,total,Naive,523,striatum,52,10,0.021359151900406853,0.01959850352680629,0.0017606483736005638
Task (LFP),DLS,total,Intermediate,523,striatum,52,10,0.04938949861452926,0.0307257811671023,0.018663717447426956
Task (LFP),DLS,total,Expert,523,striatum,52,10,0.03548141755510072,0.00511566137828866,0.03036575617681206
Task (LFP),ACC,theta,Naive,523,striatum,52,10,0.004473475144598205,0.02590471708526369,-0.021431241940665483
Task (LFP),ACC,theta,Intermediate,523,striatum,52,10,0.0344304953240908,0.026764786966077925,0.0076657083580128765
Task (LFP),ACC,theta,Expert,523,striatum,52,10,0.07694657456336582,0.03214186680095092,0.044804707762414894
Task (LFP),ACC,beta,Naive,523,striatum,52,10,-0.015026236785334277,-0.00028985208395620186,-0.014736384701378075
Task (LFP),ACC,beta,Intermediate,523,striatum,52,10,-0.0013863411577744005,0.014323790890650825,-0.015710132048425224
Task (LFP),ACC,beta,Expert,523,striatum,52,10,0.02081417200330895,0.0022064890476607792,0.01860768295564817
Task (LFP),ACC,low_gamma,Naive,523,striatum,52,10,0.0188057194621185,-0.009232309931451932,0.028038029393570432
Task (LFP),ACC,low_gamma,Intermediate,523,striatum,52,10,-0.006991579472463806,0.005034170803710892,-0.0120257502761747
Task (LFP),ACC,low_gamma,Expert,523,striatum,52,10,0.021543820935109165,0.02061762469765067,0.0009261962374584945
Task (LFP),ACC,high_gamma,Naive,523,striatum,52,10,0.021710822381872368,0.028464610101644326,-0.006753787719771958
Task (LFP),ACC,high_gamma,Intermediate,523,striatum,52,10,0.021964760628254983,0.015422650324976236,0.006542110303278746
Task (LFP),ACC,high_gamma,Expert,523,striatum,52,10,0.009419327835884785,-0.009961124790465315,0.0193804526263501
Task (LFP),ACC,total,Naive,523,striatum,52,10,0.049992285553179514,0.04320144735401611,0.0067908381991634015
Task (LFP),ACC,total,Intermediate,523,striatum,52,10,0.013906827738127616,-0.002970407840545564,0.01687723557867318
Task (LFP),ACC,total,Expert,523,striatum,52,10,0.05560117083082956,0.023047729661797904,0.03255344116903166
Task (LFP),DMS,theta,Naive,614,striatum,50,10,0.017944837698835685,0.001845092060962494,0.01609974563787319
Task (LFP),DMS,theta,Intermediate,614,striatum,50,10,0.04044482619607254,-0.0020181802983219323,0.042463006494394474
Task (LFP),DMS,theta,Expert,614,striatum,50,10,0.02067892630120675,0.008144680893591612,0.012534245407615139
Task (LFP),DMS,beta,Naive,614,striatum,50,10,-0.005006784859282997,0.024794962054626897,-0.029801746913909896
Task (LFP),DMS,beta,Intermediate,614,striatum,50,10,-0.0015482521335793958,-0.012642490503306436,0.01109423836972704
Task (LFP),DMS,beta,Expert,614,striatum,50,10,0.002773146801721934,0.003466666409284005,-0.000693519607562071
Task (LFP),DMS,low_gamma,Naive,614,striatum,50,10,0.012800419076915908,0.006331938638204369,0.006468480438711539
Task (LFP),DMS,low_gamma,Intermediate,614,striatum,50,10,0.0053803027713891895,0.02889919341411971,-0.023518890642730522
Task (LFP),DMS,low_gamma,Expert,614,striatum,50,10,0.023645576333909256,-0.0019005017222898269,0.025546078056199083
Task (LFP),DMS,high_gamma,Naive,614,striatum,50,10,0.015547629272971122,-0.00020446705329950043,0.015752096326270622
Task (LFP),DMS,high_gamma,Intermediate,614,striatum,50,10,0.006723169902824999,0.006987781552943895,-0.0002646116501188959
Task (LFP),DMS,high_gamma,Expert,614,striatum,50,10,0.004121808000563143,0.006364473507617091,-0.0022426655070539488
Task (LFP),DMS,total,Naive,614,striatum,50,10,0.04820154773106518,0.05829762250575543,-0.010096074774690253
Task (LFP),DMS,total,Intermediate,614,striatum,50,10,0.06503739562217778,0.016175471159709718,0.048861924462468065
Task (LFP),DMS,total,Expert,614,striatum,50,10,0.015196126072684802,0.020123198009999736,-0.004927071937314934
Task (LFP),DLS,theta,Naive,614,striatum,46,10,0.014447795369909772,0.016416495764685242,-0.0019687003947754696
Task (LFP),DLS,theta,Intermediate,614,striatum,46,10,-0.00040000474706798904,0.0352303480618124,-0.03563035280888038
Task (LFP),DLS,theta,Expert,614,striatum,46,10,0.028141558544929342,0.009616021592577607,0.018525536952351734
Task (LFP),DLS,beta,Naive,614,striatum,46,10,-0.00526930076649096,-0.00941472366644467,0.00414542289995371
Task (LFP),DLS,beta,Intermediate,614,striatum,46,10,0.01593652100086863,0.020103160432503965,-0.004166639431635335
Task (LFP),DLS,beta,Expert,614,striatum,46,10,0.02325300559790137,0.012872384736244974,0.010380620861656397
Task (LFP),DLS,low_gamma,Naive,614,striatum,46,10,0.023221692789815764,0.0158255216786056,0.007396171111210163
Task (LFP),DLS,low_gamma,Intermediate,614,striatum,46,10,0.02977134142143052,-0.0029704760407202116,0.03274181746215073
Task (LFP),DLS,low_gamma,Expert,614,striatum,46,10,0.009943200255439743,-0.011844484873137037,0.021787685128576782
Task (LFP),DLS,high_gamma,Naive,614,striatum,46,10,-0.01547692320733432,0.02494604362331929,-0.040422966830653606
Task (LFP),DLS,high_gamma,Intermediate,614,striatum,46,10,0.008591297601859324,-0.002178164829773386,0.01076946243163271
Task (LFP),DLS,high_gamma,Expert,614,striatum,46,10,0.01732840990210734,0.012599573799090333,0.0047288361030170065
Task (LFP),DLS,total,Naive,614,striatum,46,10,-0.006166717626710304,0.008077581238401728,-0.014244298865112031
Task (LFP),DLS,total,Intermediate,614,striatum,46,10,0.0173818574937106,0.05172905792503539,-0.03434720043132479
Task (LFP),DLS,total,Expert,614,striatum,46,10,0.03040198302659904,0.013722218390037951,0.016679764636561088
Task (LFP),ACC,theta,Naive,614,striatum,52,10,-0.0013658228714470727,0.03960754602445798,-0.04097336889590505
Task (LFP),ACC,theta,Intermediate,614,striatum,52,10,0.025492044320753877,0.015349712075883754,0.010142332244870123
Task (LFP),ACC,theta,Expert,614,striatum,52,10,0.02341801171919297,0.012094562570917258,0.011323449148275714
Task (LFP),ACC,beta,Naive,614,striatum,52,10,0.00394035187233857,0.04033430459241968,-0.036393952720081106
Task (LFP),ACC,beta,Intermediate,614,striatum,52,10,-0.0017713131295470082,-0.006115971232511064,0.004344658102964055
Task (LFP),ACC,beta,Expert,614,striatum,52,10,0.014659226992702428,-0.011232823678999762,0.02589205067170219
Task (LFP),ACC,low_gamma,Naive,614,striatum,52,10,0.0048713793389094625,0.0033577675117290096,0.0015136118271804528
Task (LFP),ACC,low_gamma,Intermediate,614,striatum,52,10,0.006932903072272703,0.02120236724665475,-0.014269464174382046
Task (LFP),ACC,low_gamma,Expert,614,striatum,52,10,0.013736174141680619,-0.00223312595018622,0.01596930009186684
Task (LFP),ACC,high_gamma,Naive,614,striatum,52,10,0.001329423799746874,0.0026154707353866916,-0.0012860469356398177
Task (LFP),ACC,high_gamma,Intermediate,614,striatum,52,10,0.009532184304662848,0.012664209372797048,-0.0031320250681341998
Task (LFP),ACC,high_gamma,Expert,614,striatum,52,10,0.014493558766268047,0.027081351192752096,-0.012587792426484048
Task (LFP),ACC,total,Naive,614,striatum,52,10,0.02285729876892972,0.036998419106672564,-0.014141120337742844
Task (LFP),ACC,total,Intermediate,614,striatum,52,10,0.02911419537077955,0.014128908312421324,0.014985287058358224
Task (LFP),ACC,total,Expert,614,striatum,52,10,0.03659264832081266,0.02350117351519432,0.013091474805618338
Task (LFP),DMS,theta,Naive,624,striatum,52,10,0.06320800856671642,0.04786204999334327,0.015345958573373147
Task (LFP),DMS,theta,Intermediate,624,striatum,52,10,0.07407491718726149,0.010185917304889998,0.06388899988237148
Task (LFP),DMS,theta,Expert,624,striatum,52,10,0.04710961142949484,0.010361786867703128,0.03674782456179171
Task (LFP),DMS,beta,Naive,624,striatum,52,10,0.0046929438406284685,-0.005484871626430188,0.010177815467058655
Task (LFP),DMS,beta,Intermediate,624,striatum,52,10,0.024508069256655014,0.011498464501507724,0.01300960475514729
Task (LFP),DMS,beta,Expert,624,striatum,52,10,0.006459362969512927,0.03296693575495703,-0.026507572785444102
Task (LFP),DMS,low_gamma,Naive,624,striatum,52,10,0.039456056781494483,-0.013754805928721659,0.05321086271021614
Task (LFP),DMS,low_gamma,Intermediate,624,striatum,52,10,-0.005877162905614212,0.03677128523150695,-0.04264844813712117
Task (LFP),DMS,low_gamma,Expert,624,striatum,52,10,0.03203497543381275,0.015414425686860272,0.016620549746952477
Task (LFP),DMS,high_gamma,Naive,624,striatum,52,10,0.04833905686557439,0.021233201484674988,0.0271058553808994
Task (LFP),DMS,high_gamma,Intermediate,624,striatum,52,10,0.028075495743522534,0.045244822746018654,-0.01716932700249612
Task (LFP),DMS,high_gamma,Expert,624,striatum,52,10,0.018975502948078538,0.05407395538438797,-0.035098452436309435
Task (LFP),DMS,total,Naive,624,striatum,52,10,0.1175922173992121,0.023231165317752527,0.09436105208145958
Task (LFP),DMS,total,Intermediate,624,striatum,52,10,0.08992867430984824,0.054474097417776354,0.03545457689207189
Task (LFP),DMS,total,Expert,624,striatum,52,10,0.09734671249954488,0.11172480418388,-0.014378091684335126
Task (LFP),DLS,theta,Naive,624,striatum,32,10,0.07036917385234827,0.006991115614300744,0.06337805823804753
Task (LFP),DLS,theta,Intermediate,624,striatum,32,10,0.07705851525843772,0.03460531287221193,0.0424532023862258
Task (LFP),DLS,theta,Expert,624,striatum,32,10,0.0599416900405361,0.021516715412640663,0.03842497462789544
Task (LFP),DLS,beta,Naive,624,striatum,32,10,0.011816155861857455,0.011656516947791285,0.00015963891406617012
Task (LFP),DLS,beta,Intermediate,624,striatum,32,10,0.05368075118016069,0.06389176920330654,-0.010211018023145849
Task (LFP),DLS,beta,Expert,624,striatum,32,10,0.043257596788562246,0.009378272751124753,0.03387932403743749
Task (LFP),DLS,low_gamma,Naive,624,striatum,32,10,0.03551770389240447,0.015126429717730988,0.020391274174673478
Task (LFP),DLS,low_gamma,Intermediate,624,striatum,32,10,0.018464946376100293,0.011889152484744613,0.00657579389135568
Task (LFP),DLS,low_gamma,Expert,624,striatum,32,10,0.012828876247519405,0.015158089826404975,-0.00232921357888557
Task (LFP),DLS,high_gamma,Naive,624,striatum,32,10,0.031107187657711526,0.021630589985868916,0.009476597671842609
Task (LFP),DLS,high_gamma,Intermediate,624,striatum,32,10,0.010525534108314964,0.017758466155428167,-0.007232932047113203
Task (LFP),DLS,high_gamma,Expert,624,striatum,32,10,-0.006076193197573309,0.028091369368128144,-0.034167562565701456
Task (LFP),DLS,total,Naive,624,striatum,32,10,0.10477980416057738,0.0205202205049321,0.08425958365564527
Task (LFP),DLS,total,Intermediate,624,striatum,32,10,0.08126818091380883,0.04089500893928851,0.04037317197452032
Task (LFP),DLS,total,Expert,624,striatum,32,10,0.09354082664085592,0.11619656367303788,-0.02265573703218196
Task (LFP),ACC,theta,Naive,624,striatum,72,10,0.013310700732953614,0.03537733028808111,-0.022066629555127497
Task (LFP),ACC,theta,Intermediate,624,striatum,72,10,0.09294784615268332,0.04413550220261585,0.04881234395006748
Task (LFP),ACC,theta,Expert,624,striatum,72,10,0.08914663202396474,0.03844007249633891,0.05070655952762582
Task (LFP),ACC,beta,Naive,624,striatum,72,10,0.016906024003968435,0.008509994280030912,0.008396029723937524
Task (LFP),ACC,beta,Intermediate,624,striatum,72,10,0.024603323753555305,0.004895498102087297,0.01970782565146801
Task (LFP),ACC,beta,Expert,624,striatum,72,10,0.009078719346473835,0.008824302352296032,0.00025441699417780295
Task (LFP),ACC,low_gamma,Naive,624,striatum,72,10,0.0034741307978155287,0.017123699039500243,-0.013649568241684715
Task (LFP),ACC,low_gamma,Intermediate,624,striatum,72,10,0.028169531771424616,0.05246928020931996,-0.02429974843789534
Task (LFP),ACC,low_gamma,Expert,624,striatum,72,10,0.03393695651029874,0.0020805434284702326,0.0318564130818285
Task (LFP),ACC,high_gamma,Naive,624,striatum,72,10,0.03718851219587076,0.01646624803194744,0.020722264163923317
Task (LFP),ACC,high_gamma,Intermediate,624,striatum,72,10,0.03641469503359345,0.05058094306631959,-0.01416624803272614
Task (LFP),ACC,high_gamma,Expert,624,striatum,72,10,0.09471850714771363,0.03198503427760914,0.06273347287010449
Task (LFP),ACC,total,Naive,624,striatum,72,10,0.0572419845870798,0.04403557851072361,0.013206406076356189
Task (LFP),ACC,total,Intermediate,624,striatum,72,10,0.04904019265988112,0.07403003152741502,-0.024989838867533906
Task (LFP),ACC,total,Expert,624,striatum,72,10,0.06865859393504845,0.05321630148348977,0.015442292451558676
Task (LFP),DMS,theta,Naive,727,striatum,52,10,0.09984760270549593,0.012784567470409782,0.08706303523508616
Task (LFP),DMS,theta,Intermediate,727,striatum,52,10,0.08023053053848264,0.09530435427316858,-0.015073823734685937
Task (LFP),DMS,theta,Expert,727,striatum,52,10,0.0034684858796357764,0.042313686976279116,-0.03884520109664334
Task (LFP),DMS,beta,Naive,727,striatum,52,10,0.011025591450220534,0.0028030484931690753,0.008222542957051458
Task (LFP),DMS,beta,Intermediate,727,striatum,52,10,0.043147139293444645,0.02176246982764877,0.021384669465795876
Task (LFP),DMS,beta,Expert,727,striatum,52,10,0.029703451812669496,0.028282287290074242,0.0014211645225952543
Task (LFP),DMS,low_gamma,Naive,727,striatum,52,10,0.032615924038909117,-0.004298933383197715,0.03691485742210683
Task (LFP),DMS,low_gamma,Intermediate,727,striatum,52,10,0.015962139471845525,0.03738377968211886,-0.021421640210273336
Task (LFP),DMS,low_gamma,Expert,727,striatum,52,10,0.031306116380088615,0.008517979488706803,0.022788136891381813
Task (LFP),DMS,high_gamma,Naive,727,striatum,52,10,0.023219272320618423,-0.008717348983174143,0.031936621303792566
Task (LFP),DMS,high_gamma,Intermediate,727,striatum,52,10,0.022203907563931695,0.004196710021285998,0.018007197542645695
Task (LFP),DMS,high_gamma,Expert,727,striatum,52,10,0.011733250821077412,0.0005351893821236898,0.011198061438953721
Task (LFP),DMS,total,Naive,727,striatum,52,10,0.15345417546742787,0.03386952849266768,0.11958464697476019
Task (LFP),DMS,total,Intermediate,727,striatum,52,10,0.11334682959792734,0.10439612057323411,0.008950709024693235
Task (LFP),DMS,total,Expert,727,striatum,52,10,0.07530820873777667,0.0870836541948258,-0.01177544545704913
Task (LFP),DLS,theta,Naive,727,striatum,110,10,0.08462964312172776,-0.011230584223184193,0.09586022734491195
Task (LFP),DLS,theta,Intermediate,727,striatum,110,10,0.022038148577326576,0.006677721182691093,0.015360427394635483
Task (LFP),DLS,theta,Expert,727,striatum,110,10,0.06859601080392354,0.018339486996251864,0.05025652380767168
Task (LFP),DLS,beta,Naive,727,striatum,110,10,0.050338762666575575,0.023093318788345883,0.02724544387822969
Task (LFP),DLS,beta,Intermediate,727,striatum,110,10,0.04329789507974584,0.0035906032890297033,0.03970729179071614
Task (LFP),DLS,beta,Expert,727,striatum,110,10,0.04643986433964591,0.010586237797247659,0.03585362654239825
Task (LFP),DLS,low_gamma,Naive,727,striatum,110,10,0.05834458661988519,0.001961175304160262,0.05638341131572493
Task (LFP),DLS,low_gamma,Intermediate,727,striatum,110,10,0.027298874641337845,-0.00018111912065090066,0.027479993761988744
Task (LFP),DLS,low_gamma,Expert,727,striatum,110,10,0.019218324172518748,-0.0032174145504548406,0.022435738722973587
Task (LFP),DLS,high_gamma,Naive,727,striatum,110,10,0.05607272027074019,0.008174401193514574,0.04789831907722561
Task (LFP),DLS,high_gamma,Intermediate,727,striatum,110,10,0.019911191321271806,-8.965497711319083e-05,0.020000846298384996
Task (LFP),DLS,high_gamma,Expert,727,striatum,110,10,0.011532063451648457,0.014792146823558044,-0.003260083371909587
Task (LFP),DLS,total,Naive,727,striatum,110,10,0.16156160173122053,0.018804490211109328,0.1427571115201112
Task (LFP),DLS,total,Intermediate,727,striatum,110,10,0.08405523864584677,0.04900886742815856,0.03504637121768821
Task (LFP),DLS,total,Expert,727,striatum,110,10,0.07226855135934511,0.029303761444707466,0.04296478991463765
Task (LFP),ACC,theta,Naive,727,striatum,52,10,0.10027311692415168,0.022153146545554694,0.07811997037859698
Task (LFP),ACC,theta,Intermediate,727,striatum,52,10,0.1139120081303449,0.11605863338269277,-0.002146625252347878
Task (LFP),ACC,theta,Expert,727,striatum,52,10,0.0703224089542249,0.09041639730380135,-0.020093988349576458
Task (LFP),ACC,beta,Naive,727,striatum,52,10,0.02086046780072403,-0.0008624003843881719,0.021722868185112203
Task (LFP),ACC,beta,Intermediate,727,striatum,52,10,0.022098749622196955,0.013840848187466564,0.00825790143473039
Task (LFP),ACC,beta,Expert,727,striatum,52,10,0.009223762842701759,0.029217693076740443,-0.019993930234038684
Task (LFP),ACC,low_gamma,Naive,727,striatum,52,10,0.001055921918826662,0.000621571818689056,0.0004343501001376059
Task (LFP),ACC,low_gamma,Intermediate,727,striatum,52,10,0.019730614526924553,-0.019596760742155373,0.03932737526907992
Task (LFP),ACC,low_gamma,Expert,727,striatum,52,10,0.03181063485546227,-0.005580811823708678,0.037391446679170944
Task (LFP),ACC,high_gamma,Naive,727,striatum,52,10,0.059856661373793585,0.005580896117472173,0.05427576525632141
Task (LFP),ACC,high_gamma,Intermediate,727,striatum,52,10,0.004622292398844937,0.0271427178877101,-0.022520425488865164
Task (LFP),ACC,high_gamma,Expert,727,striatum,52,10,0.009431941226084638,0.016827161321426663,-0.007395220095342025
Task (LFP),ACC,total,Naive,727,striatum,52,10,0.10059817083396012,0.03628572711871973,0.06431244371524039
Task (LFP),ACC,total,Intermediate,727,striatum,52,10,0.1684101136691929,0.16285056922711064,0.005559544442082259
Task (LFP),ACC,total,Expert,727,striatum,52,10,0.11910493364581487,0.12236676566286682,-0.0032618320170519494
Task (LFP),DMS,theta,Naive,730,striatum,52,10,0.034776422483301546,-0.020085351850899616,0.05486177433420116
Task (LFP),DMS,theta,Intermediate,730,striatum,52,10,0.044545188498094024,0.0035664232962641694,0.04097876520182985
Task (LFP),DMS,theta,Expert,730,striatum,52,10,0.034512279507276165,-0.011827455925824926,0.04633973543310109
Task (LFP),DMS,beta,Naive,730,striatum,52,10,0.030096154088796456,0.0044905479261497586,0.025605606162646698
Task (LFP),DMS,beta,Intermediate,730,striatum,52,10,0.025132402166799107,-0.010555302856541127,0.03568770502334023
Task (LFP),DMS,beta,Expert,730,striatum,52,10,0.012021618135306398,0.014784075896880347,-0.002762457761573949
Task (LFP),DMS,low_gamma,Naive,730,striatum,52,10,0.0037613012971352985,0.019369401554874814,-0.015608100257739515
Task (LFP),DMS,low_gamma,Intermediate,730,striatum,52,10,0.013170241675343785,0.015847081163801454,-0.0026768394884576687
Task (LFP),DMS,low_gamma,Expert,730,striatum,52,10,0.044484411416450494,0.0012516017432093985,0.04323280967324109
Task (LFP),DMS,high_gamma,Naive,730,striatum,52,10,0.021715251697061805,0.012018692992628106,0.0096965587044337
Task (LFP),DMS,high_gamma,Intermediate,730,striatum,52,10,0.02443246219661448,-0.005300465898364783,0.029732928094979263
Task (LFP),DMS,high_gamma,Expert,730,striatum,52,10,0.033980317190550294,0.010368384132976199,0.023611933057574093
Task (LFP),DMS,total,Naive,730,striatum,52,10,0.06516434738391985,0.008531579763930269,0.05663276761998958
Task (LFP),DMS,total,Intermediate,730,striatum,52,10,0.09687332004903246,0.04167926072388343,0.05519405932514903
Task (LFP),DMS,total,Expert,730,striatum,52,10,0.10798305731821956,0.028694443995171803,0.07928861332304775
Task (LFP),DLS,theta,Naive,730,striatum,140,10,-0.0031559107852176032,0.0017927352694511755,-0.004948646054668779
Task (LFP),DLS,theta,Intermediate,730,striatum,140,10,0.03495234520753514,-0.02098041069600768,0.05593275590354282
Task (LFP),DLS,theta,Expert,730,striatum,140,10,0.022808766084922195,0.008649571448619543,0.014159194636302653
Task (LFP),DLS,beta,Naive,730,striatum,140,10,0.0009499462746089271,-0.0003083095603247329,0.00125825583493366
Task (LFP),DLS,beta,Intermediate,730,striatum,140,10,0.007569651583539727,0.010951084051532294,-0.0033814324679925668
Task (LFP),DLS,beta,Expert,730,striatum,140,10,0.014151009498418785,0.004748343853985917,0.009402665644432867
Task (LFP),DLS,low_gamma,Naive,730,striatum,140,10,0.009113685098369914,0.007107463092288296,0.002006222006081618
Task (LFP),DLS,low_gamma,Intermediate,730,striatum,140,10,0.013515486915394365,0.00375451221339533,0.009760974701999034
Task (LFP),DLS,low_gamma,Expert,730,striatum,140,10,0.03471178914529715,-0.0003229865362250917,0.03503477568152224
Task (LFP),DLS,high_gamma,Naive,730,striatum,140,10,0.02018690978987415,0.00462055985748829,0.015566349932385861
Task (LFP),DLS,high_gamma,Intermediate,730,striatum,140,10,0.0069347462160531,0.001993014378855554,0.004941731837197546
Task (LFP),DLS,high_gamma,Expert,730,striatum,140,10,0.011742061247526211,0.0023686635081750945,0.009373397739351117
Task (LFP),DLS,total,Naive,730,striatum,140,10,0.0343109391460243,0.005817166331889499,0.028493772814134802
Task (LFP),DLS,total,Intermediate,730,striatum,140,10,0.08996962060688705,0.008037338500360668,0.0819322821065264
Task (LFP),DLS,total,Expert,730,striatum,140,10,0.0745584558561211,0.023988829235394714,0.050569626620726386
Task (LFP),ACC,theta,Naive,730,striatum,102,10,0.02892141016262053,0.008844853455866188,0.02007655670675434
Task (LFP),ACC,theta,Intermediate,730,striatum,102,10,0.020479257325393817,0.0033066469409085064,0.01717261038448531
Task (LFP),ACC,theta,Expert,730,striatum,102,10,0.030669293171012572,0.006999320295422376,0.023669972875590195
Task (LFP),ACC,beta,Naive,730,striatum,102,10,0.019948754254769153,-0.0009936818191428015,0.020942436073911955
Task (LFP),ACC,beta,Intermediate,730,striatum,102,10,0.008345286540088433,0.0066702795989464995,0.0016750069411419332
Task (LFP),ACC,beta,Expert,730,striatum,102,10,-0.009884243526511401,0.008588028893125306,-0.018472272419636705
Task (LFP),ACC,low_gamma,Naive,730,striatum,102,10,0.013393443675524386,0.010211141574939093,0.0031823021005852933
Task (LFP),ACC,low_gamma,Intermediate,730,striatum,102,10,0.014618089973029269,0.004607472313846806,0.010010617659182463
Task (LFP),ACC,low_gamma,Expert,730,striatum,102,10,0.015109833952149852,0.00620020763827465,0.0089096263138752
Task (LFP),ACC,high_gamma,Naive,730,striatum,102,10,0.06648840602947162,0.0004974288056616876,0.06599097722380994
Task (LFP),ACC,high_gamma,Intermediate,730,striatum,102,10,0.051473546378605614,0.019011281096544045,0.03246226528206157
Task (LFP),ACC,high_gamma,Expert,730,striatum,102,10,0.06399536179697991,0.02020340848004612,0.04379195331693379
Task (LFP),ACC,total,Naive,730,striatum,102,10,0.04261119328493228,0.029228551637069423,0.013382641647862854
Task (LFP),ACC,total,Intermediate,730,striatum,102,10,0.05356869842690328,0.019886737142472466,0.033681961284430816
Task (LFP),ACC,total,Expert,730,striatum,102,10,0.020847845294310323,0.004929297800662881,0.01591854749364744
Task (LFP),DMS,theta,Naive,731,striatum,32,10,0.08974425340254602,0.07632387940429476,0.013420373998251259
Task (LFP),DMS,theta,Intermediate,731,striatum,32,10,0.2010446852032363,0.039744952503810896,0.16129973269942538
Task (LFP),DMS,theta,Expert,731,striatum,32,10,0.07859996883478518,0.11076634255318736,-0.03216637371840218
Task (LFP),DMS,beta,Naive,731,striatum,32,10,0.07896757614615432,0.029445858218358278,0.04952171792779604
Task (LFP),DMS,beta,Intermediate,731,striatum,32,10,0.05077953911879125,0.04632170054645708,0.004457838572334172
Task (LFP),DMS,beta,Expert,731,striatum,32,10,0.04197068069114577,0.03344617829510299,0.008524502396042778
Task (LFP),DMS,low_gamma,Naive,731,striatum,32,10,0.06491499382309471,0.06936824320926285,-0.0044532493861681455
Task (LFP),DMS,low_gamma,Intermediate,731,striatum,32,10,0.06088341675537636,0.03480371449675694,0.02607970225861942
Task (LFP),DMS,low_gamma,Expert,731,striatum,32,10,0.0111173282869054,0.03912882906228878,-0.028011500775383384
Task (LFP),DMS,high_gamma,Naive,731,striatum,32,10,0.08812750848245965,0.027466372308910213,0.060661136173549436
Task (LFP),DMS,high_gamma,Intermediate,731,striatum,32,10,0.028512427421686477,0.009487050731886862,0.019025376689799617
Task (LFP),DMS,high_gamma,Expert,731,striatum,32,10,0.0481858007591882,0.031212059417646244,0.016973741341541955
Task (LFP),DMS,total,Naive,731,striatum,32,10,0.1381166316958125,0.11809584252736731,0.0200207891684452
Task (LFP),DMS,total,Intermediate,731,striatum,32,10,0.21534085475843492,0.017662895272475297,0.19767795948595962
Task (LFP),DMS,total,Expert,731,striatum,32,10,0.1314796380238386,0.10981219401938329,0.02166744400445532
Task (LFP),ACC,theta,Naive,731,striatum,72,10,0.14579447811435098,0.029751859375446228,0.11604261873890476
Task (LFP),ACC,theta,Intermediate,731,striatum,72,10,0.03331611437913816,0.046332172214192974,-0.013016057835054815
Task (LFP),ACC,theta,Expert,731,striatum,72,10,0.04885217998472498,0.036268702118686394,0.012583477866038584
Task (LFP),ACC,beta,Naive,731,striatum,72,10,0.00024111431771683123,0.013571974492918835,-0.013330860175202004
Task (LFP),ACC,beta,Intermediate,731,striatum,72,10,0.024724211094413015,0.043984281510514166,-0.01926007041610115
Task (LFP),ACC,beta,Expert,731,striatum,72,10,0.01998498638375309,0.024847519383679465,-0.004862532999926374
Task (LFP),ACC,low_gamma,Naive,731,striatum,72,10,-0.0065396237118174995,-0.022900055620476242,0.016360431908658744
Task (LFP),ACC,low_gamma,Intermediate,731,striatum,72,10,-0.006081532556621328,0.005107746853808541,-0.011189279410429869
Task (LFP),ACC,low_gamma,Expert,731,striatum,72,10,0.011717115635115509,0.021610287262796474,-0.009893171627680965
Task (LFP),ACC,high_gamma,Naive,731,striatum,72,10,0.06153748381455809,0.03041270197918765,0.03112478183537044
Task (LFP),ACC,high_gamma,Intermediate,731,striatum,72,10,0.0265277474231641,0.01855321101524509,0.007974536407919008
Task (LFP),ACC,high_gamma,Expert,731,striatum,72,10,0.018597345654335462,0.016030195109077577,0.0025671505452578847
Task (LFP),ACC,total,Naive,731,striatum,72,10,0.08707337613351707,0.028860741069228663,0.05821263506428841
Task (LFP),ACC,total,Intermediate,731,striatum,72,10,0.02896860788019969,0.014138541365608215,0.014830066514591476
Task (LFP),ACC,total,Expert,731,striatum,72,10,0.01310750881466374,0.019089439871589765,-0.005981931056926026
Task (LFP),DMS,theta,Naive,822,striatum,50,10,0.028313079046130524,0.04042815523975525,-0.012115076193624726
Task (LFP),DMS,theta,Intermediate,822,striatum,50,10,0.0168368367186979,0.005713124663968143,0.011123712054729758
Task (LFP),DMS,theta,Expert,822,striatum,50,10,-0.0020835441809282577,0.028608623266488546,-0.030692167447416804
Task (LFP),DMS,beta,Naive,822,striatum,50,10,0.03599462094571336,0.019314643674218274,0.016679977271495085
Task (LFP),DMS,beta,Intermediate,822,striatum,50,10,-0.009302190641737394,-0.0014863455387278302,-0.007815845103009565
Task (LFP),DMS,beta,Expert,822,striatum,50,10,-0.00712232065747853,0.011059929823595866,-0.018182250481074396
Task (LFP),DMS,low_gamma,Naive,822,striatum,50,10,0.04099494828067174,-0.0013631383966165485,0.042358086677288284
Task (LFP),DMS,low_gamma,Intermediate,822,striatum,50,10,0.027391541439341305,-0.015732244950020395,0.0431237863893617
Task (LFP),DMS,low_gamma,Expert,822,striatum,50,10,-0.01409931688173786,0.0021130757710694655,-0.016212392652807325
Task (LFP),DMS,high_gamma,Naive,822,striatum,50,10,0.0382485825811317,0.01251525711660908,0.025733325464522623
Task (LFP),DMS,high_gamma,Intermediate,822,striatum,50,10,0.04565031368010235,0.007696847468409322,0.03795346621169302
Task (LFP),DMS,high_gamma,Expert,822,striatum,50,10,0.07394355366730736,0.027223216391705607,0.04672033727560175
Task (LFP),DMS,total,Naive,822,striatum,50,10,0.029741707008749063,0.01720343618561715,0.012538270823131914
Task (LFP),DMS,total,Intermediate,822,striatum,50,10,0.024491428184710826,0.00011654722172885212,0.024374880962981973
Task (LFP),DMS,total,Expert,822,striatum,50,10,0.0015694462026777166,0.015529816766586125,-0.013960370563908408
Task (LFP),DLS,theta,Naive,822,striatum,96,10,0.0750087553874985,0.10133836914396885,-0.026329613756470346
Task (LFP),DLS,theta,Intermediate,822,striatum,96,10,0.1729656812589284,0.10453735457419042,0.06842832668473797
Task (LFP),DLS,theta,Expert,822,striatum,96,10,0.11774992566468681,0.10505316837292766,0.012696757291759148
Task (LFP),DLS,beta,Naive,822,striatum,96,10,0.10543666668406222,0.013694896904787614,0.0917417697792746
Task (LFP),DLS,beta,Intermediate,822,striatum,96,10,0.02539608656797281,-0.008699940649036364,0.034096027217009175
Task (LFP),DLS,beta,Expert,822,striatum,96,10,0.0975093547686546,0.0366299591818632,0.0608793955867914
Task (LFP),DLS,low_gamma,Naive,822,striatum,96,10,0.017963069364833422,0.017639236964990694,0.00032383239984272796
Task (LFP),DLS,low_gamma,Intermediate,822,striatum,96,10,-0.0012904154640644486,-0.0347572043928593,0.03346678892879485
Task (LFP),DLS,low_gamma,Expert,822,striatum,96,10,0.020354320721462076,0.01212464557504846,0.008229675146413616
Task (LFP),DLS,high_gamma,Naive,822,striatum,96,10,-0.011869014186689428,0.01791475272934096,-0.02978376691603039
Task (LFP),DLS,high_gamma,Intermediate,822,striatum,96,10,0.012511872153466237,0.014073338419979311,-0.0015614662665130747
Task (LFP),DLS,high_gamma,Expert,822,striatum,96,10,-0.00018833389192487586,0.014106576787189965,-0.014294910679114842
Task (LFP),DLS,total,Naive,822,striatum,96,10,0.002362160399865033,0.01605321991342635,-0.013691059513561317
Task (LFP),DLS,total,Intermediate,822,striatum,96,10,0.01248720101720261,0.0618073760991487,-0.04932017508194609
Task (LFP),DLS,total,Expert,822,striatum,96,10,0.07596783826496314,0.06011595289704773,0.015851885367915416
Task (LFP),ACC,theta,Naive,822,striatum,66,10,0.03214900625993418,0.025363379456868323,0.006785626803065856
Task (LFP),ACC,theta,Intermediate,822,striatum,66,10,0.04572833069605462,0.011765791842602397,0.033962538853452226
Task (LFP),ACC,theta,Expert,822,striatum,66,10,0.0405890659457903,0.093588422542253,-0.052999356596462696
Task (LFP),ACC,beta,Naive,822,striatum,66,10,0.04816749296120474,0.0067210444194338945,0.04144644854177085
Task (LFP),ACC,beta,Intermediate,822,striatum,66,10,0.005292034400172117,0.00732672241588801,-0.0020346880157158928
Task (LFP),ACC,beta,Expert,822,striatum,66,10,0.042302762628867556,0.03288683363670583,0.009415928992161725
Task (LFP),ACC,low_gamma,Naive,822,striatum,66,10,0.03508434437678291,0.010287178032528743,0.024797166344254162
Task (LFP),ACC,low_gamma,Intermediate,822,striatum,66,10,0.035878863720878104,0.025402146135849506,0.010476717585028598
Task (LFP),ACC,low_gamma,Expert,822,striatum,66,10,0.024938209707834363,0.006300227881931406,0.01863798182590296
Task (LFP),ACC,high_gamma,Naive,822,striatum,66,10,0.11745470790755755,0.07254582114502431,0.04490888676253324
Task (LFP),ACC,high_gamma,Intermediate,822,striatum,66,10,0.09486177106904839,0.09599760423703182,-0.0011358331679834355
Task (LFP),ACC,high_gamma,Expert,822,striatum,66,10,0.11712327231522175,0.06370733106800645,0.0534159412472153
Task (LFP),ACC,total,Naive,822,striatum,66,10,0.024034846864765112,0.018804859490852727,0.005229987373912386
Task (LFP),ACC,total,Intermediate,822,striatum,66,10,0.029936169496665044,0.02701974079528204,0.002916428701383006
Task (LFP),ACC,total,Expert,822,striatum,66,10,0.04015880902881362,0.04767391922047257,-0.007515110191658951
Task (LFP),DMS,theta,Naive,823,striatum,52,10,0.030216107504879332,-0.000904673456589759,0.031120780961469093
Task (LFP),DMS,theta,Intermediate,823,striatum,52,10,0.045406482123231375,0.004000062012036369,0.041406420111195004
Task (LFP),DMS,theta,Expert,823,striatum,52,10,0.0569464559732417,0.007859649135410901,0.0490868068378308
Task (LFP),DMS,beta,Naive,823,striatum,52,10,0.04897854009654,0.019003602722351135,0.029974937374188864
Task (LFP),DMS,beta,Intermediate,823,striatum,52,10,0.05100794216301184,0.01312472345988816,0.03788321870312368
Task (LFP),DMS,beta,Expert,823,striatum,52,10,-0.005293880150985401,0.023724134135928547,-0.02901801428691395
Task (LFP),DMS,low_gamma,Naive,823,striatum,52,10,0.023740527681109576,0.004571221108281214,0.01916930657282836
Task (LFP),DMS,low_gamma,Intermediate,823,striatum,52,10,0.002201078337522319,-0.0012443758335808812,0.0034454541711032003
Task (LFP),DMS,low_gamma,Expert,823,striatum,52,10,0.012160771055009453,0.004575397303671148,0.007585373751338304
Task (LFP),DMS,high_gamma,Naive,823,striatum,52,10,0.0048808205757844055,0.023204598586243255,-0.018323778010458848
Task (LFP),DMS,high_gamma,Intermediate,823,striatum,52,10,0.008974356443127525,0.029785563736303998,-0.020811207293176474
Task (LFP),DMS,high_gamma,Expert,823,striatum,52,10,0.022436311624825928,-0.006495686088338518,0.028931997713164445
Task (LFP),DMS,total,Naive,823,striatum,52,10,0.032392273465243135,-0.023396211314320632,0.05578848477956377
Task (LFP),DMS,total,Intermediate,823,striatum,52,10,0.01882720734851338,-0.02383311105697491,0.04266031840548829
Task (LFP),DMS,total,Expert,823,striatum,52,10,0.014766545857726812,0.001312665665190635,0.013453880192536178
Task (LFP),ACC,theta,Naive,823,striatum,82,10,0.011856431825339294,0.0026095973910468134,0.009246834434292481
Task (LFP),ACC,theta,Intermediate,823,striatum,82,10,0.016467526567000706,0.0023170417078987463,0.014150484859101961
Task (LFP),ACC,theta,Expert,823,striatum,82,10,0.010199715637295322,0.020290797684774823,-0.0100910820474795
Task (LFP),ACC,beta,Naive,823,striatum,82,10,0.022132047181829182,0.014090678041369636,0.008041369140459546
Task (LFP),ACC,beta,Intermediate,823,striatum,82,10,0.012792092833739648,0.01982496660605126,-0.0070328737723116125
Task (LFP),ACC,beta,Expert,823,striatum,82,10,0.0033998142513273254,0.011866049857773567,-0.008466235606446243
Task (LFP),ACC,low_gamma,Naive,823,striatum,82,10,0.021801477242199892,-0.030996013375011296,0.05279749061721119
Task (LFP),ACC,low_gamma,Intermediate,823,striatum,82,10,0.00841615861442128,-0.032966693580916556,0.041382852195337834
Task (LFP),ACC,low_gamma,Expert,823,striatum,82,10,-0.0011780379437246837,-0.004001718962739197,0.0028236810190145132
Task (LFP),ACC,high_gamma,Naive,823,striatum,82,10,0.02597161444237505,-0.03273345173196828,0.05870506617434333
Task (LFP),ACC,high_gamma,Intermediate,823,striatum,82,10,0.017897790687089653,-0.013725170098710656,0.031622960785800305
Task (LFP),ACC,high_gamma,Expert,823,striatum,82,10,0.00038648004661645253,-0.009559426970527493,0.009945907017143945
Task (LFP),ACC,total,Naive,823,striatum,82,10,0.04527462633915747,0.011271856630760444,0.034002769708397024
Task (LFP),ACC,total,Intermediate,823,striatum,82,10,0.03943642720042945,0.0012068666216888705,0.03822956057874058
Task (LFP),ACC,total,Expert,823,striatum,82,10,0.008723353321853354,0.011965899194347108,-0.003242545872493754
