area_a,area_b,band,reference,epoch,n_animals,mean_z,sem_z,p_raw,p_floor,reachable,p_fdr,survives_fdr
ACC,DLS,theta,monopolar,All,4,6.962335389590389,3.7621082482758066,0.25,0.125,False,0.7058823529411765,False
ACC,DLS,beta,monopolar,All,4,-1.4789592207098416,3.463190406524727,0.75,0.125,False,1.0,False
ACC,DLS,low_gamma,monopolar,All,4,1.467270796056459,1.2847678236962436,0.375,0.125,False,0.7058823529411765,False
ACC,DLS,high_gamma,monopolar,All,4,-1.134486448611009,1.0787916489224356,0.5,0.125,False,0.7058823529411765,False
ACC,DMS,theta,monopolar,All,4,5.235017956455377,2.7199720364006277,0.125,0.125,False,0.7058823529411765,False
ACC,DMS,beta,monopolar,All,4,-0.03529330493071864,1.9964446758853258,1.0,0.125,False,1.0,False
ACC,DMS,low_gamma,monopolar,All,4,4.471504055033841,1.4045262163886745,0.125,0.125,False,0.7058823529411765,False
ACC,DMS,high_gamma,monopolar,All,4,-1.7917575894838274,0.9048765542933104,0.25,0.125,False,0.7058823529411765,False
CA1,DG,theta,monopolar,All,2,7.998468299242596,14.993287831034237,1.0,0.5,False,1.0,False
CA1,DG,beta,monopolar,All,2,3.6440456196677085,1.5772202738579164,0.5,0.5,False,0.7058823529411765,False
CA1,DG,low_gamma,monopolar,All,2,3.820486180400229,3.130901545694181,0.5,0.5,False,0.7058823529411765,False
CA1,DG,high_gamma,monopolar,All,2,7.627824873432884,1.6225672774219273,0.5,0.5,False,0.7058823529411765,False
CA1,V1,theta,monopolar,All,2,18.340733291711402,2.7509817492592923,0.5,0.5,False,0.7058823529411765,False
CA1,V1,beta,monopolar,All,2,-10.275003463363028,5.223171135556555,0.5,0.5,False,0.7058823529411765,False
CA1,V1,low_gamma,monopolar,All,2,0.9671105429577214,5.785013821472114,1.0,0.5,False,1.0,False
CA1,V1,high_gamma,monopolar,All,2,0.35959937910963435,2.397544166856517,1.0,0.5,False,1.0,False
DG,V1,theta,monopolar,All,2,6.399186338952589,13.433532714914207,1.0,0.5,False,1.0,False
DG,V1,beta,monopolar,All,2,-7.567726393294537,7.147268449806767,0.5,0.5,False,0.7058823529411765,False
DG,V1,low_gamma,monopolar,All,2,-0.6771651031398447,3.0365902967988485,1.0,0.5,False,1.0,False
DG,V1,high_gamma,monopolar,All,2,-6.886863702652809,4.9070038092577954,0.5,0.5,False,0.7058823529411765,False
DLS,DMS,theta,monopolar,All,5,-3.518148289071186,3.2370043173379326,0.375,0.0625,False,0.7058823529411765,False
DLS,DMS,beta,monopolar,All,5,4.363135779875651,2.1600997230956382,0.0625,0.0625,False,0.7058823529411765,False
DLS,DMS,low_gamma,monopolar,All,5,1.0729611520462423,0.8267615119261694,0.25,0.0625,False,0.7058823529411765,False
DLS,DMS,high_gamma,monopolar,All,5,-1.162547579092634,0.21733677159125334,0.0625,0.0625,False,0.7058823529411765,False
ACC,DLS,theta,bipolar,All,4,0.7563328619640162,1.1174706572535034,0.625,0.125,False,0.9,False
ACC,DLS,beta,bipolar,All,4,0.4376765484958454,0.26645990104231404,0.125,0.125,False,0.8571428571428571,False
ACC,DLS,low_gamma,bipolar,All,4,0.23994076358308847,0.3576469260071529,0.5,0.125,False,0.9,False
ACC,DLS,high_gamma,bipolar,All,4,0.10567253822781879,0.489093993434452,0.875,0.125,False,0.9545454545454546,False
ACC,DMS,theta,bipolar,All,4,-3.56850003153347,2.62643271581438,0.125,0.125,False,0.8571428571428571,False
ACC,DMS,beta,bipolar,All,4,-0.22454571282979707,1.3085560384973678,0.625,0.125,False,0.9,False
ACC,DMS,low_gamma,bipolar,All,4,0.5047467046723751,0.35838706583010255,0.375,0.125,False,0.9,False
ACC,DMS,high_gamma,bipolar,All,4,-0.834868145684629,0.4314311987399104,0.25,0.125,False,0.8571428571428571,False
CA1,DG,theta,bipolar,All,3,5.971958304877741,1.6181723356354796,0.25,0.25,False,0.8571428571428571,False
CA1,DG,beta,bipolar,All,3,-7.794007591946609,5.301484718040101,0.25,0.25,False,0.8571428571428571,False
CA1,DG,low_gamma,bipolar,All,3,-8.624779895537428,4.832139873239068,0.5,0.25,False,0.9,False
CA1,DG,high_gamma,bipolar,All,3,-1.0612511979082313,1.5078765504485363,0.75,0.25,False,0.9,False
CA1,V1,theta,bipolar,All,3,9.014182957365001,9.24817767185871,0.75,0.25,False,0.9,False
CA1,V1,beta,bipolar,All,3,1.2699877480602992,0.18474664688918088,0.25,0.25,False,0.8571428571428571,False
CA1,V1,low_gamma,bipolar,All,3,0.8842074682935088,1.7824177088366981,0.75,0.25,False,0.9,False
CA1,V1,high_gamma,bipolar,All,3,0.34551750986532004,1.7626527987103926,1.0,0.25,False,1.0,False
DG,V1,theta,bipolar,All,3,-0.9376991229737524,2.5497381544663917,1.0,0.25,False,1.0,False
DG,V1,beta,bipolar,All,3,1.2266894535401898,1.2985351148829534,0.5,0.25,False,0.9,False
DG,V1,low_gamma,bipolar,All,3,1.0591537222747487,1.9231292652551666,0.75,0.25,False,0.9,False
DG,V1,high_gamma,bipolar,All,3,-1.9096975603377047,3.0522017679879783,0.75,0.25,False,0.9,False
DLS,DMS,theta,bipolar,All,5,-2.3876255659383965,2.41142899743025,0.4375,0.0625,False,0.9,False
DLS,DMS,beta,bipolar,All,5,-0.678139770996161,0.4137657309793266,0.1875,0.0625,False,0.8571428571428571,False
DLS,DMS,low_gamma,bipolar,All,5,-0.3911603520720383,0.6513990240437724,0.625,0.0625,False,0.9,False
DLS,DMS,high_gamma,bipolar,All,5,-0.15168531563487678,0.3665179291426915,0.8125,0.0625,False,0.9285714285714286,False
