metric,area,band,n_animals,mean_delta,sem_delta,t,p_raw,p_fdr,survives_fdr,family_size
z_corridor,DMS,theta,12,-0.09692234594594556,0.041229673876708964,-2.350790991841872,0.03843360005154122,0.1229875201649319,False,16
z_corridor,DMS,beta,12,0.04256794504547729,0.020393185726644968,2.0873612203638996,0.06091803163084911,0.16244808434893096,False,16
z_corridor,DMS,low_gamma,12,0.08475171314541406,0.03345676362744508,2.5331712920340856,0.02781598985187328,0.11126395940749312,False,16
z_corridor,DMS,high_gamma,12,0.10905372335183035,0.04140453584300289,2.633859337666256,0.0232465754222322,0.11126395940749312,False,16
z_corridor,DLS,theta,10,-0.15695733978724508,0.03390861136635807,-4.628834194695687,0.0012387208492681953,0.019819533588291124,True,16
z_corridor,DLS,beta,10,-0.02243474534313771,0.04190053949532633,-0.5354285556547578,0.6053294757354333,0.6918051151262095,False,16
z_corridor,DLS,low_gamma,10,0.058010330370840815,0.04247289597900507,1.3658199902242623,0.20515133166581562,0.2735351088877542,False,16
z_corridor,DLS,high_gamma,10,0.015107140453939094,0.061835609654750316,0.24431133675704833,0.8124683433424609,0.854075391853226,False,16
z_corridor,ACC,theta,12,-0.07037546584382966,0.04311534507652962,-1.6322602943085207,0.13089505841069787,0.2327023260634629,False,16
z_corridor,ACC,beta,12,0.007082189462498701,0.03761252782390019,0.18829336586089418,0.854075391853226,0.854075391853226,False,16
z_corridor,ACC,low_gamma,12,0.054873060125622077,0.05923435519939117,0.9263722031059787,0.37413069485168937,0.4604685475097715,False,16
z_corridor,ACC,high_gamma,12,0.10553666094723597,0.06291440536646524,1.6774641726724375,0.12160488473251471,0.2327023260634629,False,16
z_corridor,V1,theta,3,-0.20557058398877462,0.07066388274951797,-2.9091323033785166,0.10063847009780472,0.2300307887949822,False,16
z_corridor,V1,beta,3,-0.0858480453907257,0.045101296868149336,-1.903449597950516,0.1973010566395477,0.2735351088877542,False,16
z_corridor,V1,low_gamma,3,-0.1747835356780194,0.07898891091708983,-2.2127604197692983,0.1573910874930943,0.25182573998895086,False,16
z_corridor,V1,high_gamma,3,-0.3218768072867336,0.04314421111199462,-7.460486563335213,0.017496451312090704,0.11126395940749312,False,16
z_corridor_speed_resid,DMS,theta,12,-0.09475731678774198,0.04127883242256469,-2.2955425632616433,0.04236278234297217,0.0968292167839364,False,16
z_corridor_speed_resid,DMS,beta,12,0.04676278705998663,0.015167529888341386,3.083085209275317,0.010413797831421965,0.05374274873063052,False,16
z_corridor_speed_resid,DMS,low_gamma,12,0.08855741021672321,0.03381116082579006,2.619176865089308,0.023863647670708525,0.06363639378855607,False,16
z_corridor_speed_resid,DMS,high_gamma,12,0.11372500542589974,0.04092009790723841,2.7791968065106403,0.017929649237051506,0.05737487755856482,False,16
z_corridor_speed_resid,DLS,theta,10,-0.14465205394148994,0.03317671390904186,-4.3600476628900555,0.0018233385512694635,0.029173416820311417,True,16
z_corridor_speed_resid,DLS,beta,10,-0.006315293757139401,0.040212763786654435,-0.15704699608921885,0.8786745005412546,0.8786745005412546,False,16
z_corridor_speed_resid,DLS,low_gamma,10,0.06323107106249477,0.04355127981230939,1.4518763015690541,0.18048711980833607,0.2496500192240495,False,16
z_corridor_speed_resid,DLS,high_gamma,10,0.02532610826310667,0.06132764861274294,0.41296395404020586,0.6892979750994321,0.7836343123842952,False,16
z_corridor_speed_resid,ACC,theta,12,-0.061328612078107414,0.04360847691121461,-1.4063461148384155,0.18723751441803713,0.2496500192240495,False,16
z_corridor_speed_resid,ACC,beta,12,0.01283595977036723,0.036921068331488685,0.3476594895662835,0.7346571678602767,0.7836343123842952,False,16
z_corridor_speed_resid,ACC,low_gamma,12,0.054766639545206254,0.0618498882370889,0.8854767745944753,0.3948442295856497,0.48596212872079964,False,16
z_corridor_speed_resid,ACC,high_gamma,12,0.10813527734115617,0.06792310269679974,1.5920249966179927,0.13968623988178464,0.2496500192240495,False,16
z_corridor_speed_resid,V1,theta,3,-0.18285845355861682,0.07732199917613487,-2.364895573148287,0.1417516850488903,0.2496500192240495,False,16
z_corridor_speed_resid,V1,beta,3,-0.10287768904789112,0.009734226952635894,-10.568655276732915,0.008834370538147215,0.05374274873063052,False,16
z_corridor_speed_resid,V1,low_gamma,3,-0.19359338923760852,0.09808052212475789,-1.9738209487849054,0.18711304683417923,0.2496500192240495,False,16
z_corridor_speed_resid,V1,high_gamma,3,-0.3384644726442924,0.039632726138493696,-8.540025015224861,0.01343568718265763,0.05374274873063052,False,16
frac_of_total_corridor,DMS,theta,12,-0.012651385967656479,0.0074946657296149025,-1.6880520658399725,0.1195155717252483,0.2390311434504966,False,16
frac_of_total_corridor,DMS,beta,12,0.00405433837821579,0.002047733518507643,1.9799150336565912,0.07327994418173511,0.19541318448462697,False,16
frac_of_total_corridor,DMS,low_gamma,12,0.008643317210737281,0.004017764976609289,2.1512749653245358,0.05452589094296124,0.17448285101747596,False,16
frac_of_total_corridor,DMS,high_gamma,12,0.004325938398144071,0.0018766642775372138,2.3051210863464044,0.04165488298316812,0.17448285101747596,False,16
frac_of_total_corridor,DLS,theta,10,-0.020349906877337762,0.011260483421840725,-1.8071965576422124,0.10419659125271213,0.2381636371490563,False,16
frac_of_total_corridor,DLS,beta,10,0.0021061726500094177,0.003171759690226469,0.6640391630234236,0.5233108257011838,0.644074862401457,False,16
frac_of_total_corridor,DLS,low_gamma,10,0.01447806917515301,0.004921505920643941,2.9417965575176357,0.016438655333913324,0.17448285101747596,False,16
frac_of_total_corridor,DLS,high_gamma,10,0.003765198698689247,0.001427207218393361,2.6381583908521815,0.02699515569427663,0.17448285101747596,False,16
frac_of_total_corridor,ACC,theta,12,-0.004148418493256576,0.004161815759382073,-0.9967809084063142,0.3402927474550759,0.5444683959281214,False,16
frac_of_total_corridor,ACC,beta,12,0.0003547881926715286,0.0023361281193093504,0.15187017772656136,0.8820389441198464,0.8820389441198464,False,16
frac_of_total_corridor,ACC,low_gamma,12,0.0032346345880486516,0.004054088662875565,0.7978697204304175,0.44183019950256386,0.6426621083673656,False,16
frac_of_total_corridor,ACC,high_gamma,12,0.00415920040667993,0.0019287146436869893,2.1564622948727536,0.05403599319705911,0.17448285101747596,False,16
frac_of_total_corridor,V1,theta,3,-0.025280141146111195,0.039954921043129414,-0.6327165837425257,0.591611300565498,0.6761272006462835,False,16
frac_of_total_corridor,V1,beta,3,0.007611169461225503,0.0036545725128278683,2.0826428903817438,0.17270728491040752,0.3070351731740578,False,16
frac_of_total_corridor,V1,low_gamma,3,0.011906714538256369,0.015047106940510022,0.7912959338516399,0.5117084244940246,0.644074862401457,False,16
frac_of_total_corridor,V1,high_gamma,3,-0.001090880399953073,0.0031486025425701927,-0.3464649428449586,0.7620490304472642,0.8128522991437486,False,16
