cohort,mouse_id,probe,learning_point,lp_source,disengagement_point,n_trials,area,band,epoch,n_epoch_trials,n_channels,z_corridor,z_dark,z_corridor_speed_resid,log_corridor,log_dark,frac_of_total_corridor,frac_of_total_dark,mean_speed_cm_s
control,1205,striatum,41,cohort_average,18.0,18,DMS,theta,Naive,10,52,-0.062352701086366515,-0.21516870935041932,-0.07489828799992165,-9.401314307924263,-9.406980394986174,0.2930057574574331,0.3259743780036707,18.98474246752557
control,1205,striatum,41,cohort_average,18.0,18,DMS,beta,Naive,10,52,-0.1352387616346193,-0.3696762257696631,-0.12754905066700295,-9.95674264912255,-9.970165994730483,0.09021805405026123,0.09862519068761821,18.98474246752557
control,1205,striatum,41,cohort_average,18.0,18,DMS,low_gamma,Naive,10,52,-0.29684621010192835,-0.4871916870932258,-0.2955863233092622,-9.675404698353372,-9.691304878422066,0.1770683556438119,0.19419938414561683,18.98474246752557
control,1205,striatum,41,cohort_average,18.0,18,DMS,high_gamma,Naive,10,52,-0.2696060513747357,-0.4475017573830856,-0.27084263478352133,-10.046667526841052,-10.05466604182198,0.076200789771561,0.08463478399556537,18.98474246752557
control,1205,striatum,41,cohort_average,18.0,18,DMS,total,Naive,10,52,-0.2461877833102819,-0.4081403662391045,-0.26921584535137566,-8.85204681195458,-8.8677139960203,1.0,1.0,18.98474246752557
control,1205,striatum,41,cohort_average,18.0,18,DLS,theta,Naive,10,70,0.021543492338366832,-0.18517388945248153,0.021674850574752484,-9.201755044680754,-9.196426407305214,0.28638209799771774,0.3112030165587264,18.98474246752557
control,1205,striatum,41,cohort_average,18.0,18,DLS,beta,Naive,10,70,-0.06143165462718053,-0.24992703098177182,-0.045132016790678506,-9.729768672640283,-9.724858580597788,0.09481290498654338,0.10319713065301597,18.98474246752557
control,1205,striatum,41,cohort_average,18.0,18,DLS,low_gamma,Naive,10,70,-0.2087962804127809,-0.34403079082846644,-0.20345261499124356,-9.413600768001103,-9.4141837051997,0.1961833502478919,0.21263247840232063,18.98474246752557
control,1205,striatum,41,cohort_average,18.0,18,DLS,high_gamma,Naive,10,70,-0.07790276591370189,-0.2498094846452662,-0.07188620488217554,-9.822231340089445,-9.83003276986825,0.0775914560522675,0.08584670584343121,18.98474246752557
control,1205,striatum,41,cohort_average,18.0,18,DLS,total,Naive,10,70,-0.15288942762817737,-0.29131700974374386,-0.15539864564663436,-8.674175364150578,-8.6724431079015,1.0,1.0,18.98474246752557
control,1205,striatum,41,cohort_average,18.0,18,ACC,theta,Naive,10,52,0.05780136690234661,-0.13699668984911145,0.08170477811817412,-9.582101989406349,-9.596418019780266,0.1499332785395004,0.15286516612789436,18.98474246752557
control,1205,striatum,41,cohort_average,18.0,18,ACC,beta,Naive,10,52,0.05786021425090993,-0.10867499047095606,0.07514523768835657,-9.62823834210079,-9.634859288334876,0.1307454781767966,0.13551573018322052,18.98474246752557
control,1205,striatum,41,cohort_average,18.0,18,ACC,low_gamma,Naive,10,52,-0.07027410828633228,-0.1339341182649102,-0.07054227842222521,-9.347962068934814,-9.331994749730043,0.26892243252617287,0.2906349851333658,18.98474246752557
control,1205,striatum,41,cohort_average,18.0,18,ACC,high_gamma,Naive,10,52,0.15899274041881348,0.1332006218495568,0.15312845073691347,-9.748988891650743,-9.7338990599673,0.1092186384616592,0.12059139446946629,18.98474246752557
control,1205,striatum,41,cohort_average,18.0,18,ACC,total,Naive,10,52,-0.14358392314027663,-0.21227998676906623,-0.1319579042947516,-8.740831116813062,-8.737848136275236,1.0,1.0,18.98474246752557
control,407,striatum,41,cohort_average,151.0,151,DMS,theta,Naive,10,52,0.05832904676852178,-0.2041287950332038,0.04355632640798904,-9.648695333891862,-9.66321721937851,0.19630109004036123,0.20264087692896543,18.156959465097565
control,407,striatum,41,cohort_average,151.0,151,DMS,theta,Intermediate,10,52,0.10714912677428007,0.04892409440231832,0.1123206974722735,-9.620484678683042,-9.600409376229127,0.20401988411986383,0.22221112536750368,26.499584498442907
control,407,striatum,41,cohort_average,151.0,151,DMS,theta,Expert,10,52,0.11345271244133594,-0.02028912374661882,0.1187049858549859,-9.61350659889737,-9.62604745841355,0.20674376282570178,0.21044417834304718,26.77334004792705
control,407,striatum,41,cohort_average,151.0,151,DMS,beta,Naive,10,52,-0.138570422752682,-0.3635402560564883,-0.1672173290270777,-9.894777790399473,-9.876918327355405,0.11949170390550223,0.13015851824652974,18.156959465097565
control,407,striatum,41,cohort_average,151.0,151,DMS,beta,Intermediate,10,52,-0.05580523257292545,-0.14965877175358994,-0.04170771792256607,-9.831989080889823,-9.796319933894399,0.1305505751541549,0.14069525646881992,26.499584498442907
control,407,striatum,41,cohort_average,151.0,151,DMS,beta,Expert,10,52,-0.03004025825620641,-0.11672530177714796,-0.011809018815771507,-9.811721464301353,-9.78441500645987,0.13255454244426151,0.140688170298519,26.77334004792705
control,407,striatum,41,cohort_average,151.0,151,DMS,low_gamma,Naive,10,52,-0.44023220977247113,-0.6080776198556461,-0.4549527272058884,-9.63538511886866,-9.634215620124207,0.21642691701657168,0.24277387018459257,18.156959465097565
control,407,striatum,41,cohort_average,151.0,151,DMS,low_gamma,Intermediate,10,52,-0.1498762398301457,-0.18498988726209198,-0.14495923817969722,-9.528443183495382,-9.519805346837865,0.25868677060868006,0.27797369166372954,26.499584498442907
control,407,striatum,41,cohort_average,151.0,151,DMS,low_gamma,Expert,10,52,-0.11343537339845587,-0.11559408989959394,-0.104848340825648,-9.530602102834031,-9.515024629548785,0.262648771673394,0.2770695502203584,26.77334004792705
control,407,striatum,41,cohort_average,151.0,151,DMS,high_gamma,Naive,10,52,-0.33859619164523025,-0.5774000191848663,-0.3544855692134127,-9.978123830331374,-9.97376861745663,0.1024376550174805,0.11349219853909673,18.156959465097565
control,407,striatum,41,cohort_average,151.0,151,DMS,high_gamma,Intermediate,10,52,-0.22453836105892994,-0.27120450522707645,-0.21728697176530093,-9.889735937168318,-9.88557996774437,0.11655272266111286,0.12389404121298911,26.499584498442907
control,407,striatum,41,cohort_average,151.0,151,DMS,high_gamma,Expert,10,52,-0.1639627486081241,-0.2245542423958079,-0.15425533834459743,-9.879319142996813,-9.876268985211539,0.1187320262046549,0.1249189185671897,26.77334004792705
control,407,striatum,41,cohort_average,151.0,151,DMS,total,Naive,10,52,-0.12231524097021762,-0.33735057465835827,-0.14203452479238637,-8.94280817161691,-8.945333847852304,1.0,1.0,18.156959465097565
control,407,striatum,41,cohort_average,151.0,151,DMS,total,Intermediate,10,52,-0.13029266940390555,-0.19446612854121215,-0.11633381581687524,-8.923478994650672,-8.914390176648492,1.0,1.0,26.499584498442907
control,407,striatum,41,cohort_average,151.0,151,DMS,total,Expert,10,52,-0.09681617243108746,-0.14935197257768063,-0.07740007135565849,-8.918778533143513,-8.911051671187078,1.0,1.0,26.77334004792705
control,407,striatum,41,cohort_average,151.0,151,DLS,theta,Naive,10,110,0.11836840621717247,-0.288857441957171,0.10860885699542189,-9.328670699279908,-9.399854398354542,0.2428483373359968,0.24756718952056947,18.156959465097565
control,407,striatum,41,cohort_average,151.0,151,DLS,theta,Intermediate,10,110,0.14290514351953768,0.08623121751300528,0.15112355807476702,-9.32928006443752,-9.306520797282865,0.2744732091088906,0.2996792656793924,26.499584498442907
control,407,striatum,41,cohort_average,151.0,151,DLS,theta,Expert,10,110,0.08923137868904432,0.03131859932093811,0.09603987122370694,-9.350561169120343,-9.328319099871177,0.2662140207530266,0.2844117068255605,26.77334004792705
control,407,striatum,41,cohort_average,151.0,151,DLS,beta,Naive,10,110,-0.05549554283287045,-0.313474079880496,-0.09000417123048475,-9.8027534781965,-9.81234495354764,0.09012663154178313,0.09984112124300135,18.156959465097565
control,407,striatum,41,cohort_average,151.0,151,DLS,beta,Intermediate,10,110,-0.06102910074220926,-0.16455790372956372,-0.04424306724199393,-9.785740743925066,-9.769795243012489,0.10219948659490825,0.10962220557777816,26.499584498442907
control,407,striatum,41,cohort_average,151.0,151,DLS,beta,Expert,10,110,-0.021376660255709976,-0.16224320889158658,-0.001612967224827061,-9.772717642282164,-9.760044154110991,0.10650306766551254,0.11216525564053148,26.77334004792705
control,407,striatum,41,cohort_average,151.0,151,DLS,low_gamma,Naive,10,110,-0.3404019957580154,-0.5551711428849544,-0.3537138778874672,-9.484022744544319,-9.497550501665629,0.19169119209821883,0.21446858527354157,18.156959465097565
control,407,striatum,41,cohort_average,151.0,151,DLS,low_gamma,Intermediate,10,110,-0.14383939717906097,-0.14581773690238742,-0.13556666028016467,-9.435037273633187,-9.428239826492574,0.2268584820643666,0.25125742375689997,26.499584498442907
control,407,striatum,41,cohort_average,151.0,151,DLS,low_gamma,Expert,10,110,-0.05192110126332979,-0.1346227733365231,-0.04445522808266192,-9.416112726974596,-9.412488082966917,0.240146349298539,0.25163197689979233,26.77334004792705
control,407,striatum,41,cohort_average,151.0,151,DLS,high_gamma,Naive,10,110,-0.239079299613995,-0.4011524997691782,-0.25751760796103146,-9.85770885616985,-9.865067486715947,0.08273310553800085,0.09490265399821722,18.156959465097565
control,407,striatum,41,cohort_average,151.0,151,DLS,high_gamma,Intermediate,10,110,-0.19991143515636595,-0.2752190172543723,-0.19065966952047336,-9.842832627368596,-9.84474784431923,0.09008246467845349,0.09868701722385864,26.499584498442907
control,407,striatum,41,cohort_average,151.0,151,DLS,high_gamma,Expert,10,110,-0.1588971422364308,-0.22396414328682654,-0.14637990383002253,-9.83972932437458,-9.833213862389758,0.09413066359620087,0.10040942781017585,26.77334004792705
control,407,striatum,41,cohort_average,151.0,151,DLS,total,Naive,10,110,0.12262003786439915,-0.16361557402317417,0.06319048640102207,-8.73456781111582,-8.758779680160753,1.0,1.0,18.156959465097565
control,407,striatum,41,cohort_average,151.0,151,DLS,total,Intermediate,10,110,-0.06059342049838344,-0.18207335168035474,-0.03147756234424099,-8.76084281345808,-8.765051888890419,1.0,1.0,26.499584498442907
control,407,striatum,41,cohort_average,151.0,151,DLS,total,Expert,10,110,-0.10118769383267734,-0.13210411343044076,-0.0671145580321118,-8.76341555351116,-8.74777428968051,1.0,1.0,26.77334004792705
control,513,striatum,41,cohort_average,nan,109,DMS,theta,Naive,10,20,0.1139762051613201,-0.2976588582987456,0.10209300842839807,-9.106565626250983,-9.17838312722338,0.25716727413766216,0.24112146715760985,17.739362569667218
control,513,striatum,41,cohort_average,nan,109,DMS,theta,Intermediate,10,20,-0.0034525350843259417,-0.010724249659965459,0.02622958367446858,-9.122279835953279,-9.112694285780432,0.2534427255014061,0.27409293921685596,31.55125960659403
control,513,striatum,41,cohort_average,nan,109,DMS,theta,Expert,10,20,0.07527596965404708,-0.005146194321741492,0.10156612250096675,-9.089991645807789,-9.098425422682684,0.26537561707082014,0.2790970970868616,31.416739864094403
control,513,striatum,41,cohort_average,nan,109,DMS,beta,Naive,10,20,0.050325801761338954,-0.126462989670884,0.029225817149165237,-9.413399380586153,-9.401960430170018,0.12976082902796743,0.14395364888588885,17.739362569667218
control,513,striatum,41,cohort_average,nan,109,DMS,beta,Intermediate,10,20,-0.017801820355317195,-0.16026193064992592,0.03327066400295339,-9.40319147486089,-9.41280749181769,0.13532690216886128,0.13970033512771152,31.55125960659403
control,513,striatum,41,cohort_average,nan,109,DMS,beta,Expert,10,20,-0.060212750275524474,-0.07319674278966114,-0.010769141937157712,-9.421996980606787,-9.390196103296793,0.12717126912095716,0.14377201894590516,31.416739864094403
control,513,striatum,41,cohort_average,nan,109,DMS,low_gamma,Naive,10,20,-0.08214613383483448,-0.22595232846104737,-0.09076698333737412,-9.132762764930732,-9.117453366953791,0.2509516213079383,0.2758504678062458,17.739362569667218
control,513,striatum,41,cohort_average,nan,109,DMS,low_gamma,Intermediate,10,20,-0.0841714846427949,-0.15630740444434604,-0.06269718818685693,-9.125163597561514,-9.114513363862644,0.26376207410263697,0.2768015838189932,31.55125960659403
control,513,striatum,41,cohort_average,nan,109,DMS,low_gamma,Expert,10,20,-0.011791594711940821,-0.09884885804754405,0.008524267559748833,-9.107144937660241,-9.10917278251194,0.2629555871298137,0.2757711285890644,31.416739864094403
control,513,striatum,41,cohort_average,nan,109,DMS,high_gamma,Naive,10,20,-0.15022440509054857,-0.2649299862684542,-0.16224002784448655,-9.569756491119282,-9.567370144363093,0.09219259965866407,0.10373987082317226,17.739362569667218
control,513,striatum,41,cohort_average,nan,109,DMS,high_gamma,Intermediate,10,20,-0.004390026218525028,-0.16617222998333853,0.023747707240212558,-9.543722061674927,-9.538655699276838,0.10345403881417956,0.10838024908534763,31.55125960659403
control,513,striatum,41,cohort_average,nan,109,DMS,high_gamma,Expert,10,20,-0.004760141974164988,-0.006684239993749013,0.022507425586137917,-9.546037250584991,-9.527055484537922,0.09939946298358045,0.11184739634231572,31.416739864094403
control,513,striatum,41,cohort_average,nan,109,DMS,total,Naive,10,20,0.009207188222070305,-0.15240504902635804,-0.018745539224651997,-8.515722650344422,-8.521378264853418,1.0,1.0,17.739362569667218
control,513,striatum,41,cohort_average,nan,109,DMS,total,Intermediate,10,20,-0.04011936712606537,-0.17563238022172595,0.02599188619178098,-8.510402060448264,-8.51924394821165,1.0,1.0,31.55125960659403
control,513,striatum,41,cohort_average,nan,109,DMS,total,Expert,10,20,0.03273724096817312,-0.12862952793690913,0.1007621565276774,-8.495918518174733,-8.516319360839308,1.0,1.0,31.416739864094403
control,513,striatum,41,cohort_average,nan,109,DLS,theta,Naive,10,130,-0.03803779311413941,-0.2060066539604904,-0.03866333799404058,-8.905568533526544,-8.885624338568013,0.2794756461933366,0.3002804370616666,17.739362569667218
control,513,striatum,41,cohort_average,nan,109,DLS,theta,Intermediate,10,130,0.13029960009314284,-0.06657544926837991,0.13290856947967689,-8.823515300248518,-8.868364236447224,0.3217495848076387,0.3118934204177729,31.55125960659403
control,513,striatum,41,cohort_average,nan,109,DLS,theta,Expert,10,130,0.08491832890827733,-0.025671193864865403,0.09241444752356444,-8.833254176736308,-8.867839379853127,0.31567736417666975,0.31891778210231636,31.416739864094403
control,513,striatum,41,cohort_average,nan,109,DLS,beta,Naive,10,130,0.08009483609618889,-0.14019340568252797,0.061214062406340065,-9.258243247027108,-9.259076186618357,0.12208978797449596,0.1299116965228214,17.739362569667218
control,513,striatum,41,cohort_average,nan,109,DLS,beta,Intermediate,10,130,0.018915715207660406,-0.13461930217200269,0.06740681619961977,-9.251350152740558,-9.270510210100266,0.12223474203324589,0.12724433710489752,31.55125960659403
control,513,striatum,41,cohort_average,nan,109,DLS,beta,Expert,10,130,-0.021068294806854557,-0.14356510425857139,0.02455399753922778,-9.272436953183359,-9.269244084418373,0.11891242086040485,0.1290422245508468,31.416739864094403
control,513,striatum,41,cohort_average,nan,109,DLS,low_gamma,Naive,10,130,-0.017968612738736296,-0.11027669013784866,-0.02566046451308602,-9.00183676966779,-8.987684789740715,0.23160752489369302,0.25234186186225804,17.739362569667218
control,513,striatum,41,cohort_average,nan,109,DLS,low_gamma,Intermediate,10,130,-0.06188254307949381,-0.12107913383517047,-0.040878321997930483,-8.985226516146572,-8.984697704057663,0.2328829228556412,0.2542520392238074,31.55125960659403
control,513,striatum,41,cohort_average,nan,109,DLS,low_gamma,Expert,10,130,-0.02315964559611218,-0.08648090369435818,-0.0011947996063721015,-8.988174174300035,-8.977322600911734,0.23526699763124606,0.25590380619084485,31.416739864094403
control,513,striatum,41,cohort_average,nan,109,DLS,high_gamma,Naive,10,130,-0.03432099647246176,-0.161194553860999,-0.048087963253322014,-9.44035703790867,-9.435597939760568,0.08282101084075313,0.09204891059157295,17.739362569667218
control,513,striatum,41,cohort_average,nan,109,DLS,high_gamma,Intermediate,10,130,0.08160105729717781,0.05315787126899961,0.11499845350143606,-9.412785082714535,-9.411404127023825,0.08833606723214232,0.09873867491448929,31.55125960659403
control,513,striatum,41,cohort_average,nan,109,DLS,high_gamma,Expert,10,130,0.07809028106027069,0.04181749715590215,0.1125824516894306,-9.421144321099032,-9.415999484114275,0.08751478477953054,0.0968071724195608,31.416739864094403
control,513,striatum,41,cohort_average,nan,109,DLS,total,Naive,10,130,0.007934331288517149,-0.12162478067391072,-0.02167204665177392,-8.345862420455013,-8.338111277298912,1.0,1.0,17.739362569667218
control,513,striatum,41,cohort_average,nan,109,DLS,total,Intermediate,10,130,0.018826986194090498,-0.15774137953996803,0.09479759308165497,-8.324600650687454,-8.3472989959225,1.0,1.0,31.55125960659403
control,513,striatum,41,cohort_average,nan,109,DLS,total,Expert,10,130,0.04278034409582007,-0.14119809565704045,0.10944400504649704,-8.325311523341671,-8.348486385764467,1.0,1.0,31.416739864094403
control,513,striatum,41,cohort_average,nan,109,ACC,theta,Naive,10,62,0.16991140728453252,0.19853578228432037,0.13393610202122747,-8.912374389990536,-8.851338187847201,0.13956740230923503,0.16250822119218544,17.739362569667218
control,513,striatum,41,cohort_average,nan,109,ACC,theta,Intermediate,10,62,-0.050751286627705935,-0.15349286709862026,0.03383105852595164,-8.979893202436225,-8.987201365487273,0.13360764994129554,0.13482691296261246,31.55125960659403
control,513,striatum,41,cohort_average,nan,109,ACC,theta,Expert,10,62,-0.05517349450801565,-0.19798406801777657,0.023872438984896396,-8.960508241804002,-9.005999892546722,0.13021711142937054,0.12933836418633765,31.416739864094403
control,513,striatum,41,cohort_average,nan,109,ACC,beta,Naive,10,62,0.11590127340236535,-0.06663718312039216,0.09655946382858765,-8.883529306488445,-8.865749554642509,0.14915062310700603,0.15239237864489485,17.739362569667218
control,513,striatum,41,cohort_average,nan,109,ACC,beta,Intermediate,10,62,0.012566361596909824,-0.172616189708183,0.05635210157033853,-8.885433638959967,-8.899964550611516,0.15296881322197242,0.15232374900372384,31.55125960659403
control,513,striatum,41,cohort_average,nan,109,ACC,beta,Expert,10,62,0.03362472080858803,-0.11753265702468278,0.07765763417495683,-8.876871583671665,-8.887539157370599,0.15696833749429645,0.15541992654386508,31.416739864094403
control,513,striatum,41,cohort_average,nan,109,ACC,low_gamma,Naive,10,62,-0.0021054124158532764,-0.1570946967266617,0.0010099523957216067,-8.5321383089256,-8.529468679638015,0.31252156185254754,0.30346740879266065,17.739362569667218
control,513,striatum,41,cohort_average,nan,109,ACC,low_gamma,Intermediate,10,62,-0.10241494548318657,-0.20212938614969514,-0.10432996262469932,-8.537170381355526,-8.539568550629395,0.3303908938380563,0.3399254252454088,31.55125960659403
control,513,striatum,41,cohort_average,nan,109,ACC,low_gamma,Expert,10,62,-0.09394364099703466,-0.1814506912249898,-0.09389930641316596,-8.543642637837221,-8.539227151719327,0.32939424807340023,0.33901480133767703,31.416739864094403
control,513,striatum,41,cohort_average,nan,109,ACC,high_gamma,Naive,10,62,-0.11594645647473681,-0.03716952742754569,-0.11891835548601831,-9.030343029303117,-8.977588935204249,0.09347715645253034,0.10572977973941985,17.739362569667218
control,513,striatum,41,cohort_average,nan,109,ACC,high_gamma,Intermediate,10,62,0.007432498172612933,-0.04090205802023254,0.020571899490825715,-8.993745919681697,-8.981805892553608,0.11034532031528346,0.11982132509750576,31.55125960659403
control,513,striatum,41,cohort_average,nan,109,ACC,high_gamma,Expert,10,62,-0.03287658016867892,-0.011400300784546787,-0.028853302894609904,-8.995698053528852,-8.978971477401055,0.10885495321182088,0.12328210595272238,31.416739864094403
control,513,striatum,41,cohort_average,nan,109,ACC,total,Naive,10,62,0.0784327114932945,0.12535269144948435,0.03455729314426541,-8.031488823739535,-7.9992276947753815,1.0,1.0,17.739362569667218
control,513,striatum,41,cohort_average,nan,109,ACC,total,Intermediate,10,62,-0.1433705567191149,-0.2449171217013526,-0.009728687056342573,-8.063928663148621,-8.056004773086972,1.0,1.0,31.55125960659403
control,513,striatum,41,cohort_average,nan,109,ACC,total,Expert,10,62,-0.15454269686521088,-0.22058847495227524,-0.03211760381598669,-8.060654508361669,-8.059084731212238,1.0,1.0,31.416739864094403
control,513,visual,41,cohort_average,nan,109,V1,theta,Naive,10,121,0.30727170489177935,0.13338843870057202,0.29693014006328305,-7.427386927251894,-7.441175331655333,0.42602467794686294,0.4618542382823329,17.739998293622904
control,513,visual,41,cohort_average,nan,109,V1,theta,Intermediate,10,121,0.08567297798117399,0.014961233473588362,0.09742824367990398,-7.516546447883183,-7.531090127458707,0.4377826014687872,0.462209519777055,31.55381575193647
control,513,visual,41,cohort_average,nan,109,V1,theta,Expert,10,121,0.04760071508826029,-0.10164374045808618,0.05526793761520038,-7.522792258225833,-7.542197415741129,0.4234263239270201,0.45533410538453545,31.415578066329545
control,513,visual,41,cohort_average,nan,109,V1,beta,Naive,10,121,0.10825954897684438,0.003120069960464317,0.09461390818653367,-7.98733254244475,-7.958979738070293,0.09415604702760486,0.10707065692384547,17.739998293622904
control,513,visual,41,cohort_average,nan,109,V1,beta,Intermediate,10,121,-0.06043385774716221,-0.1252991920277106,-0.03322723910374528,-8.053484150677292,-8.034485447296515,0.09966539316086173,0.1042602710424087,31.55381575193647
control,513,visual,41,cohort_average,nan,109,V1,beta,Expert,10,121,-0.00031846427427802127,-0.14099393542285527,0.024674167945655075,-8.015526694714472,-8.047869285330455,0.10546888160358034,0.11114588250934695,31.415578066329545
control,513,visual,41,cohort_average,nan,109,V1,low_gamma,Naive,10,121,0.024394013037707375,0.003017234396387231,0.011445237609567154,-7.671213029290881,-7.635310870605153,0.17748175718710013,0.21795408233546223,17.739998293622904
control,513,visual,41,cohort_average,nan,109,V1,low_gamma,Intermediate,10,121,-0.059574457938263284,-0.11151457930315743,-0.036183594908053264,-7.691898658310881,-7.690464291253929,0.211718060590297,0.22881964959428278,31.55381575193647
control,513,visual,41,cohort_average,nan,109,V1,low_gamma,Expert,10,121,-0.08285775752914162,-0.13724650824437698,-0.056609972625295185,-7.710671099298283,-7.694556176805294,0.2060071988376081,0.23153551418552037,31.415578066329545
control,513,visual,41,cohort_average,nan,109,V1,high_gamma,Naive,10,121,-0.09434914619120237,-0.11707931763077002,-0.1058182825053082,-8.499983681838316,-8.470456552798415,0.02672970505270514,0.03322427026983719,17.739998293622904
control,513,visual,41,cohort_average,nan,109,V1,high_gamma,Intermediate,10,121,0.05073267645431033,0.07154195376216832,0.07132649082968794,-8.410988908855618,-8.384086519937078,0.04058291364834784,0.04807584391903133,31.55381575193647
control,513,visual,41,cohort_average,nan,109,V1,high_gamma,Expert,10,121,0.024641675848311284,-0.01746487588141729,0.03991528367584746,-8.417484893765383,-8.424880194523055,0.03900058322881515,0.045534300090984914,31.415578066329545
control,513,visual,41,cohort_average,nan,109,V1,total,Naive,10,121,0.1411631063479286,0.061374578726651016,0.1302664946690155,-7.023645294241525,-7.008868249950883,1.0,1.0,17.739998293622904
control,513,visual,41,cohort_average,nan,109,V1,total,Intermediate,10,121,-0.01750029556868366,-0.07294567757617744,-0.0022683750120163363,-7.102347910138217,-7.100338070773543,1.0,1.0,31.55381575193647
control,513,visual,41,cohort_average,nan,109,V1,total,Expert,10,121,-0.008188432646303256,-0.10036719741648921,0.009119500558983818,-7.094060112560568,-7.105807662547667,1.0,1.0,31.415578066329545
control,513,visual,41,cohort_average,nan,109,CA1,theta,Naive,10,80,0.06260431442181363,-0.10675620704500668,0.07825874213477355,-6.774217583092302,-6.80212272237245,0.41636551271632705,0.4426354466726111,17.739998293622904
control,513,visual,41,cohort_average,nan,109,CA1,theta,Intermediate,10,80,0.15818425539236952,0.12206400703072671,0.1284966646431966,-6.723938658927635,-6.716518416127349,0.48529080477403397,0.5255313522220586,31.55381575193647
control,513,visual,41,cohort_average,nan,109,CA1,theta,Expert,10,80,0.24455475306929964,0.19279244926676486,0.21602676925059594,-6.675995349281708,-6.683431338935653,0.49529870530848435,0.5450778642738192,31.415578066329545
control,513,visual,41,cohort_average,nan,109,CA1,beta,Naive,10,80,0.08256241843444996,-0.05238989911521986,0.07830398004454367,-7.411963939394655,-7.406754986972334,0.10419596091642186,0.12098100808448889,17.739998293622904
control,513,visual,41,cohort_average,nan,109,CA1,beta,Intermediate,10,80,-0.06399794795153407,-0.12745469033082896,-0.05542138374947492,-7.45590130326851,-7.4502181327729335,0.10049458012195281,0.1062545325195701,31.55381575193647
control,513,visual,41,cohort_average,nan,109,CA1,beta,Expert,10,80,0.020328897272364865,-0.10693864084365409,0.028038782463518805,-7.422809175567065,-7.4498659817636055,0.10076721263749192,0.10803938960226034,31.415578066329545
control,513,visual,41,cohort_average,nan,109,CA1,low_gamma,Naive,10,80,0.034576521117674223,-0.020750451567269394,0.03142761895191455,-7.133508755023712,-7.11312366193854,0.17379776363435756,0.21368555202759015,17.739998293622904
control,513,visual,41,cohort_average,nan,109,CA1,low_gamma,Intermediate,10,80,-0.007606488904151874,-0.07343887026555108,-0.0024219905206105457,-7.149867637125103,-7.154529769172006,0.17963773796078095,0.1920921884934002,31.55381575193647
control,513,visual,41,cohort_average,nan,109,CA1,low_gamma,Expert,10,80,-0.007440365123955417,-0.07235325014678134,-0.0018172695897123157,-7.149289054430817,-7.1486804562154855,0.16647287584105291,0.18376700423593617,31.415578066329545
control,513,visual,41,cohort_average,nan,109,CA1,high_gamma,Naive,10,80,-0.0454545444742421,-0.17993135406117397,-0.052746572129199164,-7.93754981762951,-7.960917753162908,0.025537804720763023,0.029350597109720437,17.739998293622904
control,513,visual,41,cohort_average,nan,109,CA1,high_gamma,Intermediate,10,80,0.07875182648096131,0.10694215404338268,0.0914014544065272,-7.878929414796118,-7.829987494628607,0.03321883009842452,0.03930965570613537,31.55381575193647
control,513,visual,41,cohort_average,nan,109,CA1,high_gamma,Expert,10,80,0.05871023302126922,0.03507500680656584,0.07179157858041377,-7.891238764221721,-7.8578906535804425,0.029232531761675937,0.03396226340070231,31.415578066329545
control,513,visual,41,cohort_average,nan,109,CA1,total,Naive,10,80,0.07006925861813357,-0.021435963893559798,0.0793042867794779,-6.382228356326158,-6.400912932089966,1.0,1.0,17.739998293622904
control,513,visual,41,cohort_average,nan,109,CA1,total,Intermediate,10,80,0.023429999607017277,-0.0215160070837266,0.006087981922273987,-6.396452203894748,-6.388935643704157,1.0,1.0,31.55381575193647
control,513,visual,41,cohort_average,nan,109,CA1,total,Expert,10,80,0.10222233000158373,0.02329210794795592,0.08548777545768599,-6.356142419357715,-6.3679065275054185,1.0,1.0,31.415578066329545
control,513,visual,41,cohort_average,nan,109,DG,theta,Naive,10,50,0.06905368680067808,-0.19294154378676243,0.07519393724412905,-7.333453955143453,-7.354333693302431,0.28546292994818223,0.31262926394946594,17.739998293622904
control,513,visual,41,cohort_average,nan,109,DG,theta,Intermediate,10,50,0.07172360933444571,-0.05527755573812126,0.06781306763142296,-7.258466701401696,-7.282684945601658,0.364847139685126,0.37092728954289367,31.55381575193647
control,513,visual,41,cohort_average,nan,109,DG,theta,Expert,10,50,0.1468032425471402,0.030573566391404502,0.1325031812515225,-7.229838077962169,-7.248476526238415,0.36338849433319775,0.39402630084391954,31.415578066329545
control,513,visual,41,cohort_average,nan,109,DG,beta,Naive,10,50,0.08084604195716898,-0.06822899829365209,0.07706914990143013,-7.710579919491053,-7.707906716333236,0.11446685597629803,0.12722375644197503,17.739998293622904
control,513,visual,41,cohort_average,nan,109,DG,beta,Intermediate,10,50,-0.06485806901122651,-0.17583478803646263,-0.05969541989930234,-7.764395019326284,-7.781986818577717,0.12084741389414347,0.12568402400582274,31.55381575193647
control,513,visual,41,cohort_average,nan,109,DG,beta,Expert,10,50,0.0031681801473294924,-0.13659831226958974,0.009789492451631372,-7.721972167092974,-7.7521348687447755,0.12318673465334629,0.11938207031855716,31.415578066329545
control,513,visual,41,cohort_average,nan,109,DG,low_gamma,Naive,10,50,0.04169183604673707,-0.013805364946277425,0.03897599014606963,-7.425265444755361,-7.401392342405595,0.21588201197454093,0.2498960416797833,17.739998293622904
control,513,visual,41,cohort_average,nan,109,DG,low_gamma,Intermediate,10,50,-0.05346305610986785,-0.07124039164925366,-0.055936136775027984,-7.475109675046265,-7.449775869425553,0.21625691167084776,0.2382483586710077,31.55381575193647
control,513,visual,41,cohort_average,nan,109,DG,low_gamma,Expert,10,50,-0.029104666339384744,-0.09415203751216242,-0.028513226569682207,-7.459645769204723,-7.458595045065103,0.19974861499683802,0.22419400454446303,31.415578066329545
control,513,visual,41,cohort_average,nan,109,DG,high_gamma,Naive,10,50,-0.00638317685673659,-0.11046293021819309,-0.011727363121572612,-8.118559459001819,-8.136057261123321,0.04136502072036858,0.04809625754423151,17.739998293622904
control,513,visual,41,cohort_average,nan,109,DG,high_gamma,Intermediate,10,50,0.034722643772196846,0.07861683892922369,0.042127554132855724,-8.104000148390522,-8.053233947914006,0.051715731667564824,0.06246727942263752,31.55381575193647
control,513,visual,41,cohort_average,nan,109,DG,high_gamma,Expert,10,50,0.05870708384214225,0.04516039668260534,0.06725182876897459,-8.0933895940403,-8.06721010573019,0.049398319554746384,0.05824079372356551,31.415578066329545
control,513,visual,41,cohort_average,nan,109,DG,total,Naive,10,50,0.06617557575017513,-0.03658584395650865,0.07427995633574067,-6.7819645938371895,-6.80815907099988,1.0,1.0,17.739998293622904
control,513,visual,41,cohort_average,nan,109,DG,total,Intermediate,10,50,-0.02417058428635782,-0.08373900299461579,-0.03218814891203489,-6.787339256151479,-6.793951309395641,1.0,1.0,31.55381575193647
control,513,visual,41,cohort_average,nan,109,DG,total,Expert,10,50,0.05351627463190997,-0.04437904339444665,0.04328342944733993,-6.752669462254079,-6.781595976295556,1.0,1.0,31.415578066329545
control,515,striatum,41,cohort_average,107.0,107,DMS,theta,Naive,10,52,-0.07325363951631139,-0.04982904684529523,-0.05490571102561148,-8.734522849515468,-8.68050693577484,0.25087409325400034,0.2938238219484389,21.482693230251353
control,515,striatum,41,cohort_average,107.0,107,DMS,theta,Intermediate,10,52,-0.002623788644063037,-0.403695897365202,0.026458763580801355,-8.701266134152284,-8.769518056870243,0.2562160209422145,0.23753967705394252,23.435653735940114
control,515,striatum,41,cohort_average,107.0,107,DMS,theta,Expert,10,52,-0.032391408521510505,-0.27230283341974604,-0.021428444237950997,-8.711160542791095,-8.744484733114811,0.250963269949691,0.2483778228375437,20.778750993567925
control,515,striatum,41,cohort_average,107.0,107,DMS,beta,Naive,10,52,-0.07743115337832819,-0.26628173569752545,-0.05732067416989445,-9.114822061008994,-9.118808616538384,0.1079573734262963,0.1113164729716743,21.482693230251353
control,515,striatum,41,cohort_average,107.0,107,DMS,beta,Intermediate,10,52,0.08620209185712893,-0.14512564478541373,0.11259423247770184,-9.07496633898522,-9.078954077573163,0.11620439468268426,0.1210333931958715,23.435653735940114
control,515,striatum,41,cohort_average,107.0,107,DMS,beta,Expert,10,52,0.054364125752798295,-0.12135232129572907,0.06781218448140039,-9.07868970021162,-9.079770317786938,0.11377919678510977,0.12168198204997988,20.778750993567925
control,515,striatum,41,cohort_average,107.0,107,DMS,low_gamma,Naive,10,52,-0.15020662810143232,-0.30548346929548226,-0.14692406858642876,-8.81217999544376,-8.815695349758897,0.2190287873807532,0.2281278587349056,21.482693230251353
control,515,striatum,41,cohort_average,107.0,107,DMS,low_gamma,Intermediate,10,52,-0.0500409817049893,-0.17797065540868678,-0.04544603157987895,-8.789656885020069,-8.791451497856091,0.22550251762379678,0.24052384951533218,23.435653735940114
control,515,striatum,41,cohort_average,107.0,107,DMS,low_gamma,Expert,10,52,0.03736462442342868,-0.19714343306715792,0.04158003312273571,-8.779554421751888,-8.79718208977528,0.2301866220238896,0.23290469684643228,20.778750993567925
control,515,striatum,41,cohort_average,107.0,107,DMS,high_gamma,Naive,10,52,-0.046879389187205356,-0.1762458986657835,-0.04001882318828372,-9.154988160920588,-9.15286316806704,0.10030789821489758,0.10785159187138682,21.482693230251353
control,515,striatum,41,cohort_average,107.0,107,DMS,high_gamma,Intermediate,10,52,0.016123618915333527,-0.08069237566750807,0.027265064823796988,-9.15056794791914,-9.148433324019418,0.09951788916166437,0.11086186862878142,23.435653735940114
control,515,striatum,41,cohort_average,107.0,107,DMS,high_gamma,Expert,10,52,0.09998591088937289,-0.03808284693750834,0.10544997816507555,-9.14110367941279,-9.144162241848093,0.10327497185970064,0.11029482963151709,20.778750993567925
control,515,striatum,41,cohort_average,107.0,107,DMS,total,Naive,10,52,-0.10353336661546117,-0.19059542973924357,-0.05854473143780186,-8.130977453584263,-8.12571959473477,1.0,1.0,21.482693230251353
control,515,striatum,41,cohort_average,107.0,107,DMS,total,Intermediate,10,52,-0.014462382216956293,-0.19404558175348752,0.048871187584359696,-8.113275533150517,-8.124471162512425,1.0,1.0,23.435653735940114
control,515,striatum,41,cohort_average,107.0,107,DMS,total,Expert,10,52,-0.030354238176565698,-0.14225253293344164,-7.47073649084171e-07,-8.11799059285751,-8.118410636921816,1.0,1.0,20.778750993567925
control,515,striatum,41,cohort_average,107.0,107,DLS,theta,Naive,10,40,-0.1078924001255552,-0.16128852488063597,-0.09374255434291605,-8.567188792505702,-8.543000660209877,0.30070328950977265,0.34846472736955375,21.482693230251353
control,515,striatum,41,cohort_average,107.0,107,DLS,theta,Intermediate,10,40,-0.0809451449759464,-0.4040490918225059,-0.06104167272198148,-8.540099819650033,-8.60075792694565,0.30949923135061397,0.29639762779446477,23.435653735940114
control,515,striatum,41,cohort_average,107.0,107,DLS,theta,Expert,10,40,-0.050189661283598544,-0.37607206082353417,-0.04092641184665277,-8.53942020342177,-8.579938238432582,0.3039993654888312,0.29606643799026533,20.778750993567925
control,515,striatum,41,cohort_average,107.0,107,DLS,beta,Naive,10,40,-0.0050930134060743655,-0.2265435383451812,0.01151889896960976,-9.09855159841296,-9.08171232920947,0.09237602811031659,0.10062499420813861,21.482693230251353
control,515,striatum,41,cohort_average,107.0,107,DLS,beta,Intermediate,10,40,0.01186525594481221,-0.10331791757640414,0.03707884428203934,-9.083110568827472,-9.064600118494909,0.09335782766174426,0.10455687075552304,23.435653735940114
control,515,striatum,41,cohort_average,107.0,107,DLS,beta,Expert,10,40,0.06964253219275021,-0.17163072124149492,0.08170297043668799,-9.06680961288235,-9.068637541321333,0.09227201690837085,0.0980767204346463,20.778750993567925
control,515,striatum,41,cohort_average,107.0,107,DLS,low_gamma,Naive,10,40,-0.17593566800999003,-0.3419993950798727,-0.17066189801845033,-8.796609223621651,-8.80649332972403,0.18916784932295877,0.20680779792109028,21.482693230251353
control,515,striatum,41,cohort_average,107.0,107,DLS,low_gamma,Intermediate,10,40,-0.11471584786756181,-0.17671199809539367,-0.10987694674081452,-8.778929374222686,-8.765812016135932,0.1947153831468707,0.2147438903011155,23.435653735940114
control,515,striatum,41,cohort_average,107.0,107,DLS,low_gamma,Expert,10,40,-0.01591767460530647,-0.17189966143238145,-0.014460996334820862,-8.762130074700396,-8.758850370829855,0.1950192080300448,0.20575076789845936,20.778750993567925
control,515,striatum,41,cohort_average,107.0,107,DLS,high_gamma,Naive,10,40,-0.09672770689607943,-0.17599234089854454,-0.09195078548719891,-9.203648741190296,-9.193502115030402,0.07367064217677245,0.08406225808111636,21.482693230251353
control,515,striatum,41,cohort_average,107.0,107,DLS,high_gamma,Intermediate,10,40,0.05229047539531333,-0.12412330083379605,0.05839778839287295,-9.174294057518544,-9.184286847331851,0.07754716427388568,0.0823617805075194,23.435653735940114
control,515,striatum,41,cohort_average,107.0,107,DLS,high_gamma,Expert,10,40,0.09653926346547581,-0.043247705733462954,0.09708644856070908,-9.169897755015874,-9.17486234970125,0.07588647379850386,0.08300521467479155,20.778750993567925
control,515,striatum,41,cohort_average,107.0,107,DLS,total,Naive,10,40,-0.10991996755088851,-0.31826251973986114,-0.06667184300233231,-8.048206707626303,-8.061053437357952,1.0,1.0,21.482693230251353
control,515,striatum,41,cohort_average,107.0,107,DLS,total,Intermediate,10,40,-0.06718346617394161,-0.23941666340606804,-0.005288777312582026,-8.043162707076245,-8.04487690153114,1.0,1.0,23.435653735940114
control,515,striatum,41,cohort_average,107.0,107,DLS,total,Expert,10,40,-0.008333524244427444,-0.1473596560783082,0.022245361994595703,-8.025721853173158,-8.020951179800534,1.0,1.0,20.778750993567925
control,515,striatum,41,cohort_average,107.0,107,ACC,theta,Naive,10,82,0.06999725312446337,-0.032424538842142185,0.10626581910952149,-8.825956158407639,-8.812675573297147,0.10469399527267387,0.12121866331153572,21.482693230251353
control,515,striatum,41,cohort_average,107.0,107,ACC,theta,Intermediate,10,82,0.04300532665249595,-0.17108689929346066,0.09290315164169935,-8.814026790261568,-8.841888380395226,0.10935035160385237,0.10507728158308842,23.435653735940114
control,515,striatum,41,cohort_average,107.0,107,ACC,theta,Expert,10,82,-0.0015823872647796238,-0.07764929363775297,0.02466092321984417,-8.824915349769771,-8.791493441833282,0.09872268771533402,0.11588458490799051,20.778750993567925
control,515,striatum,41,cohort_average,107.0,107,ACC,beta,Naive,10,82,0.034172178879705875,-0.22568807572951252,0.05581334765541569,-8.8347848122094,-8.853477373875512,0.12701950655530458,0.12780126664045427,21.482693230251353
control,515,striatum,41,cohort_average,107.0,107,ACC,beta,Intermediate,10,82,0.0076942704687245,-0.16014649331658476,0.04090919487972567,-8.83851331937812,-8.836917270191694,0.1283553644964241,0.1338756947158676,23.435653735940114
control,515,striatum,41,cohort_average,107.0,107,ACC,beta,Expert,10,82,0.027735771526233768,-0.16701625713014656,0.04405735790469509,-8.840135276926098,-8.837314173631341,0.1293448281325938,0.13257278795974553,20.778750993567925
control,515,striatum,41,cohort_average,107.0,107,ACC,low_gamma,Naive,10,82,-0.05435486147567511,-0.2667435606901257,-0.05839897056089782,-8.505046830149272,-8.51545776995686,0.3037995745454082,0.30870130518477157,21.482693230251353
control,515,striatum,41,cohort_average,107.0,107,ACC,low_gamma,Intermediate,10,82,-0.13617598297642675,-0.15478605549132593,-0.1367250598736612,-8.525448609055658,-8.50905172209136,0.30332639745594914,0.32379206286220896,23.435653735940114
control,515,striatum,41,cohort_average,107.0,107,ACC,low_gamma,Expert,10,82,-0.05777586501825058,-0.18399481992997208,-0.05961418300954299,-8.5171396115708,-8.516689637586154,0.3068129547062576,0.3175608504066946,20.778750993567925
control,515,striatum,41,cohort_average,107.0,107,ACC,high_gamma,Naive,10,82,0.1344991325195335,-0.027724834272264923,0.14149820568185348,-8.859551120600496,-8.863179268386842,0.12803082713632077,0.13569543521965213,21.482693230251353
control,515,striatum,41,cohort_average,107.0,107,ACC,high_gamma,Intermediate,10,82,0.044037817981843544,0.052286961070664426,0.051897627922730664,-8.88520003012784,-8.865370124078332,0.12745043743234552,0.13809929060473325,23.435653735940114
control,515,striatum,41,cohort_average,107.0,107,ACC,high_gamma,Expert,10,82,0.10297269156430083,0.034029644379850815,0.10623912182458131,-8.874734001405194,-8.861301906096063,0.12995614163345526,0.1351648970739327,20.778750993567925
control,515,striatum,41,cohort_average,107.0,107,ACC,total,Naive,10,82,-0.012479393909041795,-0.1838347903955129,0.04666754454093511,-7.867897902952423,-7.877315813631203,1.0,1.0,21.482693230251353
control,515,striatum,41,cohort_average,107.0,107,ACC,total,Intermediate,10,82,-0.05110389507425892,-0.17420587516819597,0.03223101900231562,-7.86282456136173,-7.887101035575938,1.0,1.0,23.435653735940114
control,515,striatum,41,cohort_average,107.0,107,ACC,total,Expert,10,82,-0.061952292284637334,-0.13431623924570404,-0.02020981332445565,-7.861893672466487,-7.870694989098466,1.0,1.0,20.778750993567925
control,515,visual,41,cohort_average,107.0,107,V1,theta,Naive,10,80,-0.0518427652425076,-0.022575765944955417,-0.017491403000625374,-7.332229987315573,-7.286089982707091,0.2776905857031346,0.34754341648742,21.484889241216326
control,515,visual,41,cohort_average,107.0,107,V1,theta,Intermediate,10,80,-0.12551679887811767,-0.04463639333843088,-0.08714157194332636,-7.265354374820462,-7.248116801154344,0.2742799611927217,0.33738810754562687,23.437422942709286
control,515,visual,41,cohort_average,107.0,107,V1,theta,Expert,10,80,-0.11919558424910107,-0.11514461378808935,-0.09876446633262963,-7.258865504507159,-7.278543330616181,0.26718603906056637,0.31062045632880936,20.78049416366234
control,515,visual,41,cohort_average,107.0,107,V1,beta,Naive,10,80,-0.12941190166022337,-0.31489931933250725,-0.09980130796519823,-8.010243834935695,-8.003426770915036,0.0719231032608717,0.07401385887630473,21.484889241216326
control,515,visual,41,cohort_average,107.0,107,V1,beta,Intermediate,10,80,-0.0709584477205428,-0.08711949460330863,-0.032024172320556266,-7.975533611177205,-7.945647593553868,0.07471511216913386,0.074687714852667,23.437422942709286
control,515,visual,41,cohort_average,107.0,107,V1,beta,Expert,10,80,-0.00955662918513735,-0.2081799204459183,0.009928053885437563,-7.9508518504760115,-7.9653719642474226,0.07598480280098582,0.0746208786632733,20.78049416366234
control,515,visual,41,cohort_average,107.0,107,V1,low_gamma,Naive,10,80,-0.18100817818710885,-0.1946388812208299,-0.1499957346051221,-7.69219139291808,-7.653287687736223,0.1537796027079027,0.17044809021524082,21.484889241216326
control,515,visual,41,cohort_average,107.0,107,V1,low_gamma,Intermediate,10,80,-0.11846091809147663,-0.1188081428784743,-0.07329679060813252,-7.672954913152232,-7.6335936872390056,0.15532155446494605,0.14786666222095415,23.437422942709286
control,515,visual,41,cohort_average,107.0,107,V1,low_gamma,Expert,10,80,-0.06983018697326177,0.028601102803265208,-0.04843541627207448,-7.662304327866746,-7.6095895412192025,0.15675077699773562,0.1728600740220162,20.78049416366234
control,515,visual,41,cohort_average,107.0,107,V1,high_gamma,Naive,10,80,0.05700291088491054,0.026704879305350794,0.09363646237089063,-8.286585290356296,-8.243931969626724,0.03879539749621011,0.04360908478893151,21.484889241216326
control,515,visual,41,cohort_average,107.0,107,V1,high_gamma,Intermediate,10,80,-0.03426903260256126,0.16554927469870834,0.018677628075645252,-8.308639155950637,-8.216659344897964,0.036965590916902616,0.03972778807180709,23.437422942709286
control,515,visual,41,cohort_average,107.0,107,V1,high_gamma,Expert,10,80,0.04990049161458267,0.133193575117111,0.07412425115060715,-8.28668980388429,-8.227282981218105,0.03915358275065978,0.04243338722786445,20.78049416366234
control,515,visual,41,cohort_average,107.0,107,V1,total,Naive,10,80,0.00047760971778209357,-0.03042937927215553,0.04613913749227643,-6.742000416148172,-6.684386188423236,1.0,1.0,21.484889241216326
control,515,visual,41,cohort_average,107.0,107,V1,total,Intermediate,10,80,-0.07172760724177332,0.12854297680697782,-0.013480565550838278,-6.697768365926196,-6.606732041363155,1.0,1.0,23.437422942709286
control,515,visual,41,cohort_average,107.0,107,V1,total,Expert,10,80,-0.05975420459872792,0.03396806388228635,-0.025952262549854603,-6.69460662421447,-6.622912218077632,1.0,1.0,20.78049416366234
control,515,visual,41,cohort_average,107.0,107,CA1,theta,Naive,10,55,0.12309600006891826,0.12209829858301378,0.1419121298270185,-7.376790578618149,-7.274599290490444,0.2883889254589494,0.36229673130850554,21.484889241216326
control,515,visual,41,cohort_average,107.0,107,CA1,theta,Intermediate,10,55,0.030630965862531688,-0.09656367928085595,0.05900589686930435,-7.4355234091944915,-7.391797068521016,0.2684293667371025,0.3027888330848584,23.437422942709286
control,515,visual,41,cohort_average,107.0,107,CA1,theta,Expert,10,55,0.07285596117527696,-0.16965410461157654,0.07759425778231431,-7.440140864133034,-7.430996749319705,0.2674073506617914,0.2788332378005529,20.78049416366234
control,515,visual,41,cohort_average,107.0,107,CA1,beta,Naive,10,55,-0.0018467730072762988,-0.2518411058778163,0.016112315861242198,-7.7849550885316585,-7.810179019330147,0.08939903066229081,0.09539897007880296,21.484889241216326
control,515,visual,41,cohort_average,107.0,107,CA1,beta,Intermediate,10,55,0.04480051865202991,-0.0764002671132084,0.07048504326607383,-7.766678414466602,-7.753321040592424,0.09805568196648506,0.10615663515546825,23.437422942709286
control,515,visual,41,cohort_average,107.0,107,CA1,beta,Expert,10,55,0.029772695228155233,-0.06437649865069295,0.042403184091503274,-7.780778765881895,-7.745876303759293,0.09874241142423403,0.1080683071662316,20.78049416366234
control,515,visual,41,cohort_average,107.0,107,CA1,low_gamma,Naive,10,55,-0.08381320088607662,-0.10406866050292256,-0.05473659794069015,-7.523988927509138,-7.490271487252803,0.2083732543216651,0.22505975242311463,21.484889241216326
control,515,visual,41,cohort_average,107.0,107,CA1,low_gamma,Intermediate,10,55,-0.08457224451259493,-0.11340611153646558,-0.04388835537547784,-7.52126777425291,-7.488337811064521,0.2244517079971026,0.23306865922773928,23.437422942709286
control,515,visual,41,cohort_average,107.0,107,CA1,low_gamma,Expert,10,55,-0.028595162021953124,0.02755129700042619,-0.011876606169169837,-7.509346007225662,-7.460048010849086,0.22581145151042636,0.2464457896761745,20.78049416366234
control,515,visual,41,cohort_average,107.0,107,CA1,high_gamma,Naive,10,55,0.1841894355425772,0.1540718199153191,0.21110366854155396,-8.038927486858082,-8.008823052035277,0.0626476933613264,0.06856807766045267,21.484889241216326
control,515,visual,41,cohort_average,107.0,107,CA1,high_gamma,Intermediate,10,55,0.024460257031829566,0.1271427449724928,0.06311089687391588,-8.066123303779584,-8.004002424792281,0.06143981592554751,0.07009050871245814,23.437422942709286
control,515,visual,41,cohort_average,107.0,107,CA1,high_gamma,Expert,10,55,0.05863943465574819,0.08108225138513736,0.0776244255937024,-8.0512343686578,-8.024202734924659,0.06068954764494589,0.06960968483670678,20.78049416366234
control,515,visual,41,cohort_average,107.0,107,CA1,total,Naive,10,55,0.10365431531123206,0.04305416912364082,0.13434748531356203,-6.832146493098703,-6.79558634862946,1.0,1.0,21.484889241216326
control,515,visual,41,cohort_average,107.0,107,CA1,total,Intermediate,10,55,0.017775210616252236,0.02726176989908503,0.06214957658057119,-6.837777884234323,-6.8112766146377135,1.0,1.0,23.437422942709286
control,515,visual,41,cohort_average,107.0,107,CA1,total,Expert,10,55,0.041680818389093106,-0.0002393472797592473,0.062419622159829186,-6.837070976985591,-6.808107430502545,1.0,1.0,20.78049416366234
control,515,visual,41,cohort_average,107.0,107,DG,theta,Naive,10,26,0.14335742011004943,-0.07079372703195143,0.18570536940320026,-7.138437538917634,-7.145035630647101,0.23095401266253365,0.2950247787903917,21.484889241216326
control,515,visual,41,cohort_average,107.0,107,DG,theta,Intermediate,10,26,0.1340142785506837,-0.10719670355241427,0.18351672397894686,-7.235869718360183,-7.243155826473071,0.22155934101372524,0.25343382620335064,23.437422942709286
control,515,visual,41,cohort_average,107.0,107,DG,theta,Expert,10,26,0.10934379791715357,-0.18034772700938254,0.13711775582566774,-7.226527547742751,-7.2537033741707395,0.22388950887195758,0.2432882836737005,20.78049416366234
control,515,visual,41,cohort_average,107.0,107,DG,beta,Naive,10,26,0.13102860062965527,-0.07462238226932259,0.16327048181820353,-7.613927083412339,-7.620755439763399,0.09729516534394819,0.10869743285721946,21.484889241216326
control,515,visual,41,cohort_average,107.0,107,DG,beta,Intermediate,10,26,0.08572056359607474,-0.12339006987363188,0.1430966682165356,-7.636815681937433,-7.594532030683929,0.10611568703372314,0.11431845588734002,23.437422942709286
control,515,visual,41,cohort_average,107.0,107,DG,beta,Expert,10,26,0.12409222910314574,-0.10103676939590733,0.14537757230515766,-7.634024264611478,-7.634707677695212,0.10942353276252803,0.11570433531168063,20.78049416366234
control,515,visual,41,cohort_average,107.0,107,DG,low_gamma,Naive,10,26,0.12389438491861879,-0.06891316399781826,0.1478085640993804,-7.365952830581888,-7.391905166027554,0.21113718918581026,0.2264817261277503,21.484889241216326
control,515,visual,41,cohort_average,107.0,107,DG,low_gamma,Intermediate,10,26,0.08740717952708155,-0.19919563146026775,0.12176508941825201,-7.3710279862293735,-7.406289986823649,0.23281525282258075,0.24322351930098574,23.437422942709286
control,515,visual,41,cohort_average,107.0,107,DG,low_gamma,Expert,10,26,0.08574648335767318,-0.1261818709250497,0.10180214720218281,-7.371889749367072,-7.383236371690589,0.2334924488443953,0.2396492745889079,20.78049416366234
control,515,visual,41,cohort_average,107.0,107,DG,high_gamma,Naive,10,26,0.35034391284495897,0.1645563847464382,0.3782353455552107,-7.765761819121853,-7.770716546689384,0.08105542401949636,0.08725551245249288,21.484889241216326
control,515,visual,41,cohort_average,107.0,107,DG,high_gamma,Intermediate,10,26,0.16621840850789685,-0.04399237702821767,0.20891624321486446,-7.800942551720109,-7.829173654579441,0.07674007084006351,0.08268957365920677,23.437422942709286
control,515,visual,41,cohort_average,107.0,107,DG,high_gamma,Expert,10,26,0.18752013551263302,0.026273253307747848,0.20683220819663878,-7.7933993931373795,-7.811644250886997,0.07936818958267847,0.08535739496331964,20.78049416366234
control,515,visual,41,cohort_average,107.0,107,DG,total,Naive,10,26,0.2762027831365498,-0.01314573074506488,0.32236223134732345,-6.586171250877228,-6.605043446696781,1.0,1.0,21.484889241216326
control,515,visual,41,cohort_average,107.0,107,DG,total,Intermediate,10,26,0.14859497413154527,-0.05415741266680653,0.2280679148208492,-6.564500545490462,-6.5762380501556255,1.0,1.0,23.437422942709286
control,515,visual,41,cohort_average,107.0,107,DG,total,Expert,10,26,0.09093201970070607,-0.09052206136485028,0.12449458328503006,-6.5759671188055595,-6.589121915142176,1.0,1.0,20.78049416366234
control,817,striatum,41,cohort_average,nan,137,DMS,theta,Naive,10,62,0.20140903188566162,-0.01969792439886655,0.19847780826387576,-8.835839727119977,-8.860853186006121,0.4074246810203501,0.4168648706206166,18.58929403423319
control,817,striatum,41,cohort_average,nan,137,DMS,theta,Intermediate,10,62,0.11884350074435687,-0.0014405703158456209,0.10847168304211466,-8.856847915237507,-8.867128881689514,0.39021779405983525,0.40946426568308236,19.926405020816762
control,817,striatum,41,cohort_average,nan,137,DMS,theta,Expert,10,62,0.08172617212589,-0.07976606409667494,0.08201385285367566,-8.869862753673772,-8.866019297536365,0.38361761121694105,0.41027942674099394,17.94672471439936
control,817,striatum,41,cohort_average,nan,137,DMS,beta,Naive,10,62,-0.06857474540386138,-0.1565560627628924,-0.0633932088295621,-9.51086788635012,-9.476522162695009,0.08431908665708687,0.10410371752077285,18.58929403423319
control,817,striatum,41,cohort_average,nan,137,DMS,beta,Intermediate,10,62,-0.041598103849086465,-0.17532486550533002,-0.028755461819163133,-9.514929254454747,-9.496695848509365,0.0882660232499664,0.09628694374907752,19.926405020816762
control,817,striatum,41,cohort_average,nan,137,DMS,beta,Expert,10,62,0.004589823538488549,-0.18361251863255057,0.004322073078638115,-9.517070292296106,-9.49182889432974,0.08746688828645532,0.09856736104501099,17.94672471439936
control,817,striatum,41,cohort_average,nan,137,DMS,low_gamma,Naive,10,62,-0.18079644528790056,-0.3756807723809372,-0.18022221562540325,-9.24058675722861,-9.236376337280856,0.1621705756662894,0.18109383846648353,18.58929403423319
control,817,striatum,41,cohort_average,nan,137,DMS,low_gamma,Intermediate,10,62,-0.1522660462531995,-0.29084965413347397,-0.1510375321222187,-9.249732702143003,-9.2386884935052,0.16657349219824152,0.17986249552973377,19.926405020816762
control,817,striatum,41,cohort_average,nan,137,DMS,low_gamma,Expert,10,62,-0.05672422191430275,-0.1635843591581278,-0.05675494590289304,-9.237119567993412,-9.22321920214993,0.16941540959011753,0.18913708390373124,17.94672471439936
control,817,striatum,41,cohort_average,nan,137,DMS,high_gamma,Naive,10,62,-0.2400842005187197,-0.37314723120539706,-0.23951238078573817,-9.67049973033673,-9.667777873472051,0.06016380612338613,0.07047022078758222,18.58929403423319
control,817,striatum,41,cohort_average,nan,137,DMS,high_gamma,Intermediate,10,62,-0.13506558212091915,-0.31075171342777363,-0.13205281159063423,-9.67321038262473,-9.661311166919504,0.06348727244662376,0.06887892562814908,19.926405020816762
control,817,striatum,41,cohort_average,nan,137,DMS,high_gamma,Expert,10,62,-0.12789509940017696,-0.2780570671293191,-0.12793359450972722,-9.668958216071388,-9.663395430056017,0.06292341361397465,0.06999864907811353,17.94672471439936
control,817,striatum,41,cohort_average,nan,137,DMS,total,Naive,10,62,-0.0021487140934663028,-0.22269866294392376,-0.0037429025829685027,-8.431283640480107,-8.433488469254476,1.0,1.0,18.58929403423319
control,817,striatum,41,cohort_average,nan,137,DMS,total,Intermediate,10,62,0.013745049844433062,-0.11024793278948172,0.0066403958844443965,-8.443384890513538,-8.43050706398153,1.0,1.0,19.926405020816762
control,817,striatum,41,cohort_average,nan,137,DMS,total,Expert,10,62,-0.02336804222664146,-0.14138900926201797,-0.023331075750923466,-8.441918823802965,-8.441893198261408,1.0,1.0,17.94672471439936
control,817,striatum,41,cohort_average,nan,137,DLS,theta,Naive,10,50,0.24741291731921805,0.07563251488604555,0.2476147647195076,-8.611770993971149,-8.617466733116313,0.39137855836534974,0.41493350903519943,18.58929403423319
control,817,striatum,41,cohort_average,nan,137,DLS,theta,Intermediate,10,50,0.07802227500989178,-0.04331796331288923,0.07762849007132372,-8.651064597309315,-8.64671860908322,0.3672096708295208,0.4020655660983695,19.926405020816762
control,817,striatum,41,cohort_average,nan,137,DLS,theta,Expert,10,50,0.10356494548954528,-0.04050715758187005,0.10352214199020265,-8.642220293116772,-8.637280048767606,0.3639382041526794,0.3895784738885947,17.94672471439936
control,817,striatum,41,cohort_average,nan,137,DLS,beta,Naive,10,50,-0.036277818150485655,-0.19090287955164698,-0.03299028080936548,-9.300566703951315,-9.28500267000598,0.0826852435047556,0.09500863351291107,18.58929403423319
control,817,striatum,41,cohort_average,nan,137,DLS,beta,Intermediate,10,50,0.02522293610111563,-0.24875945476540062,0.03363013498956527,-9.286630513466186,-9.291101127828227,0.08877418267006329,0.09268267609855968,19.926405020816762
control,817,striatum,41,cohort_average,nan,137,DLS,beta,Expert,10,50,0.09152193471314013,-0.09031456065196969,0.09133126353162638,-9.269605760927117,-9.258699169629159,0.09097566758910361,0.09856317251618583,17.94672471439936
control,817,striatum,41,cohort_average,nan,137,DLS,low_gamma,Naive,10,50,-0.20015737986789217,-0.44702806061265016,-0.1990824824976265,-9.00714802935708,-9.028218580565445,0.1670958362624027,0.1761286305470934,18.58929403423319
control,817,striatum,41,cohort_average,nan,137,DLS,low_gamma,Intermediate,10,50,-0.1501808843687653,-0.35642775565989565,-0.15001454588623586,-8.998234366397053,-9.016259920726647,0.1748242135260926,0.1861679690025399,19.926405020816762
control,817,striatum,41,cohort_average,nan,137,DLS,low_gamma,Expert,10,50,0.031015658384533608,-0.07091438168676312,0.031006630037983596,-8.962493636344462,-8.95138501442382,0.18364129896697345,0.2007959109007139,17.94672471439936
control,817,striatum,41,cohort_average,nan,137,DLS,high_gamma,Naive,10,50,-0.13927574884445953,-0.3040944663984574,-0.13791609717522174,-9.539357291735477,-9.538106898321402,0.05003612007518689,0.05660224809797676,18.58929403423319
control,817,striatum,41,cohort_average,nan,137,DLS,high_gamma,Intermediate,10,50,-0.01809627315028038,-0.11755433522133785,-0.016187945032043898,-9.516613192697278,-9.508369303584153,0.05418626063233521,0.06105595566489741,19.926405020816762
control,817,striatum,41,cohort_average,nan,137,DLS,high_gamma,Expert,10,50,-0.002313345644282958,-0.08518809761196061,-0.002361563191168938,-9.514550661806066,-9.506931364443222,0.05240139353578181,0.05948283781196753,17.94672471439936
control,817,striatum,41,cohort_average,nan,137,DLS,total,Naive,10,50,0.04790285161610709,-0.109416184078892,0.04800908768148798,-8.208150971220345,-8.206902557329363,1.0,1.0,18.58929403423319
control,817,striatum,41,cohort_average,nan,137,DLS,total,Intermediate,10,50,-0.02253209642864718,-0.17827989763927532,-0.0212658159626291,-8.220598619433474,-8.221973802802953,1.0,1.0,19.926405020816762
control,817,striatum,41,cohort_average,nan,137,DLS,total,Expert,10,50,0.0488485831949083,-0.029777545052448805,0.04883564125659415,-8.20688952756056,-8.19037815537679,1.0,1.0,17.94672471439936
control,817,striatum,41,cohort_average,nan,137,ACC,theta,Naive,10,42,0.3805544316692668,0.011803397780095985,0.38488016062372665,-8.477951824380698,-8.541900140017434,0.25808713202157907,0.24412274418798668,18.58929403423319
control,817,striatum,41,cohort_average,nan,137,ACC,theta,Intermediate,10,42,0.2080866175358031,0.055090618879088935,0.22360000054394896,-8.533752599975953,-8.518488275054807,0.24100361811930815,0.2531908553607406,19.926405020816762
control,817,striatum,41,cohort_average,nan,137,ACC,theta,Expert,10,42,0.21805021377345157,0.03090540827562273,0.21768464753740546,-8.539503445365558,-8.526895404945947,0.23600230989011384,0.24883930706136095,17.94672471439936
control,817,striatum,41,cohort_average,nan,137,ACC,beta,Naive,10,42,0.11077955817470535,-0.1864118929035008,0.1172077444138766,-8.942579954103813,-8.947129176125632,0.1126943828493413,0.12194964354617602,18.58929403423319
control,817,striatum,41,cohort_average,nan,137,ACC,beta,Intermediate,10,42,0.07718640723254636,-0.1181262461250818,0.093927408006821,-8.944215227258482,-8.947208300340886,0.11799948494612005,0.11618914459040286,19.926405020816762
control,817,striatum,41,cohort_average,nan,137,ACC,beta,Expert,10,42,0.08844344310665365,-0.1374071754149518,0.08807259849283719,-8.951906824868084,-8.951764317309898,0.11328807451224883,0.11599381892458444,17.94672471439936
control,817,striatum,41,cohort_average,nan,137,ACC,low_gamma,Naive,10,42,-0.10731647992013504,-0.2921047567923952,-0.10687781994034348,-8.708898753314262,-8.711720455020693,0.20163508074198905,0.2237139741541271,18.58929403423319
control,817,striatum,41,cohort_average,nan,137,ACC,low_gamma,Intermediate,10,42,-0.13136943030709058,-0.16850332051258654,-0.12889258458361352,-8.71719454555068,-8.68943994414954,0.21154673806795565,0.22919192408855274,19.926405020816762
control,817,striatum,41,cohort_average,nan,137,ACC,low_gamma,Expert,10,42,-0.04236899665721261,-0.11695227960452348,-0.04240748008775172,-8.703844361690653,-8.678553406835583,0.2121858214920408,0.2362442793502849,17.94672471439936
control,817,striatum,41,cohort_average,nan,137,ACC,high_gamma,Naive,10,42,-0.2531441134701072,-0.248523320888191,-0.25267589145874614,-9.188802732146204,-9.167145786319718,0.07043811006205411,0.08594999042309488,18.58929403423319
control,817,striatum,41,cohort_average,nan,137,ACC,high_gamma,Intermediate,10,42,-0.09226174147117332,-0.01979335289677534,-0.09049401798215147,-9.163047281437947,-9.124797003088748,0.08123865752965546,0.09189943368224933,19.926405020816762
control,817,striatum,41,cohort_average,nan,137,ACC,high_gamma,Expert,10,42,-0.10861933644113572,-0.11582523684047635,-0.10870729522863437,-9.160918035326555,-9.141806523642547,0.07925467714826115,0.08805490842176314,17.94672471439936
control,817,striatum,41,cohort_average,nan,137,ACC,total,Naive,10,42,0.16583873223461174,-0.0961719994736914,0.16815390193668694,-7.931302733403559,-7.943325760782011,1.0,1.0,18.58929403423319
control,817,striatum,41,cohort_average,nan,137,ACC,total,Intermediate,10,42,0.0702145276993741,0.07849673466293594,0.09702365915138027,-7.939301709612648,-7.911105200999632,1.0,1.0,19.926405020816762
control,817,striatum,41,cohort_average,nan,137,ACC,total,Expert,10,42,0.1069176777547308,0.01252328989080714,0.1063345173469532,-7.933737877022439,-7.926372172060411,1.0,1.0,17.94672471439936
control,817,visual,41,cohort_average,nan,137,V1,theta,Naive,10,86,0.010074319517801692,-0.10340259427707324,0.00898690401011842,-7.607121046097843,-7.582796007435849,0.4754079384325903,0.5143693851151714,18.58751622209027
control,817,visual,41,cohort_average,nan,137,V1,theta,Intermediate,10,86,-0.0855317993887739,-0.14776189787317254,-0.08854236543136654,-7.626475690850144,-7.589093120495118,0.46073031482848725,0.5103565415882886,19.92873426546503
control,817,visual,41,cohort_average,nan,137,V1,theta,Expert,10,86,-0.037739524208257935,-0.091073333154155,-0.03769554011194207,-7.613807988002499,-7.561743240389593,0.46320756495924564,0.5249806194287161,17.947529644836774
control,817,visual,41,cohort_average,nan,137,V1,beta,Naive,10,86,-0.1597560368211775,-0.1547902901383833,-0.14876486300220165,-8.44589215000407,-8.377035984746922,0.07081105965616945,0.08972490386419425,18.58751622209027
control,817,visual,41,cohort_average,nan,137,V1,beta,Intermediate,10,86,-0.09685208445521687,-0.17731182835953713,-0.06465228057927294,-8.440320354322196,-8.403030709418555,0.07367400902346652,0.08711942998254976,19.92873426546503
control,817,visual,41,cohort_average,nan,137,V1,beta,Expert,10,86,-0.09436567209310087,-0.12686969568223702,-0.09509097957892321,-8.447695316253313,-8.385220442495864,0.07057226455215518,0.08717110620013498,17.947529644836774
control,817,visual,41,cohort_average,nan,137,V1,low_gamma,Naive,10,86,-0.20194781901918518,-0.3401003932440203,-0.20044222613485158,-8.190250111716942,-8.18794335741942,0.1288221187781845,0.13662036419478243,18.58751622209027
control,817,visual,41,cohort_average,nan,137,V1,low_gamma,Intermediate,10,86,-0.273617411269195,-0.44128103372339256,-0.2666692486714315,-8.193595386086667,-8.218767277302323,0.13316752211553629,0.13507467670796597,19.92873426546503
control,817,visual,41,cohort_average,nan,137,V1,low_gamma,Expert,10,86,-0.13858802992703903,-0.17693099821332625,-0.13874127837980207,-8.172770069307733,-8.149441733062034,0.13520581264878842,0.1466114412119119,17.947529644836774
control,817,visual,41,cohort_average,nan,137,V1,high_gamma,Naive,10,86,-0.13153467642736522,-0.18758104035184295,-0.13037582091520322,-8.936161883215409,-8.913865032570568,0.02397983277111017,0.026531503190897657,18.58751622209027
control,817,visual,41,cohort_average,nan,137,V1,high_gamma,Intermediate,10,86,-0.2194508973830149,-0.1956541671636714,-0.21715082076150993,-8.933857824924385,-8.910665879740515,0.024719333154633226,0.02918006372368838,19.92873426546503
control,817,visual,41,cohort_average,nan,137,V1,high_gamma,Expert,10,86,-0.19708174043164128,-0.28604753471647326,-0.19715437556241694,-8.927172190601281,-8.921155998886658,0.02317469731911856,0.02565402732006598,17.947529644836774
control,817,visual,41,cohort_average,nan,137,V1,total,Naive,10,86,-0.18017776064352953,-0.11931062970900225,-0.17353355775008167,-7.262449253149649,-7.215109204662198,1.0,1.0,18.58751622209027
control,817,visual,41,cohort_average,nan,137,V1,total,Intermediate,10,86,-0.19539855585802712,-0.23241933255548397,-0.17455037211924507,-7.277799730719182,-7.235956852971302,1.0,1.0,19.92873426546503
control,817,visual,41,cohort_average,nan,137,V1,total,Expert,10,86,-0.14083865608404936,-0.13997954715579125,-0.14125671022825984,-7.266569800085762,-7.198034724052711,1.0,1.0,17.947529644836774
control,817,visual,41,cohort_average,nan,137,CA1,theta,Naive,10,72,0.22532059154710635,0.03930025256284453,0.2270124599250422,-7.327417153067888,-7.354649783450228,0.47784629679898627,0.511618589781156,18.58751622209027
control,817,visual,41,cohort_average,nan,137,CA1,theta,Intermediate,10,72,-0.0003825381423341496,0.016527365858716597,-0.003207804729203928,-7.309425744144874,-7.234516929864819,0.45511451916010404,0.5109214763541547,19.92873426546503
control,817,visual,41,cohort_average,nan,137,CA1,theta,Expert,10,72,0.03538677380812487,-0.02183240741377703,0.0354912146851242,-7.300054238693389,-7.270891656420782,0.46764773276093075,0.5089257371424867,17.947529644836774
control,817,visual,41,cohort_average,nan,137,CA1,beta,Naive,10,72,-0.029799361245933572,-0.14034502331852516,-0.02178271291649403,-8.095588087547867,-8.075884450628294,0.075530669555088,0.09322945671574923,18.58751622209027
control,817,visual,41,cohort_average,nan,137,CA1,beta,Intermediate,10,72,0.023952197587151242,-0.20261964618857325,0.047987076994480994,-8.035449409936877,-8.03063239296193,0.0826210703260287,0.08858411166055132,19.92873426546503
control,817,visual,41,cohort_average,nan,137,CA1,beta,Expert,10,72,0.03463696095104425,-0.14705423422626052,0.034286041141419296,-8.047731039515341,-8.039508890916942,0.07964228764839446,0.09137800800879783,17.947529644836774
control,817,visual,41,cohort_average,nan,137,CA1,low_gamma,Naive,10,72,-0.0449474894902297,-0.16113176335403842,-0.04261771519276427,-7.884717056648122,-7.884544049723463,0.13931334955169022,0.15358139179922792,18.58751622209027
control,817,visual,41,cohort_average,nan,137,CA1,low_gamma,Intermediate,10,72,-0.07923875616827886,-0.2975217633125584,-0.07286296784174182,-7.889933926936372,-7.911974396163712,0.1300936929285712,0.12884245815642692,19.92873426546503
control,817,visual,41,cohort_average,nan,137,CA1,low_gamma,Expert,10,72,-0.01931281697301454,-0.18131795165229259,-0.019484879386024938,-7.893593968664393,-7.891696531446717,0.13000632983018487,0.14261114521889282,17.947529644836774
control,817,visual,41,cohort_average,nan,137,CA1,high_gamma,Naive,10,72,0.12422202941463137,-0.06013227097574067,0.1263134961447857,-8.532289308302353,-8.543910212477794,0.027339180062284626,0.029509766940636867,18.58751622209027
control,817,visual,41,cohort_average,nan,137,CA1,high_gamma,Intermediate,10,72,0.14490030904425383,-0.05367738810117986,0.1497626751130862,-8.537571837607793,-8.54651175873547,0.028685514738470672,0.029755894808121214,19.92873426546503
control,817,visual,41,cohort_average,nan,137,CA1,high_gamma,Expert,10,72,0.010195788747939836,-0.1943743328552921,0.01010115655798511,-8.562842991058947,-8.573178143242306,0.026307162433499662,0.029298673739642032,17.947529644836774
control,817,visual,41,cohort_average,nan,137,CA1,total,Naive,10,72,0.08168284127215095,-0.030132424655683623,0.08542041119195896,-6.996992437098183,-7.004699851823677,1.0,1.0,18.58751622209027
control,817,visual,41,cohort_average,nan,137,CA1,total,Intermediate,10,72,-0.06481352777386633,-0.028446389911822238,-0.05576427837928387,-6.969087810886776,-6.918611292709327,1.0,1.0,19.92873426546503
control,817,visual,41,cohort_average,nan,137,CA1,total,Expert,10,72,-0.03265558836218478,-0.1303311200327807,-0.03295845432031798,-6.976297912826585,-6.959924865937701,1.0,1.0,17.947529644836774
control,817,visual,41,cohort_average,nan,137,DG,theta,Naive,10,56,0.20970647860189118,0.09936964551833968,0.21109603975684849,-6.76471396497133,-6.738289740412238,0.33736317159882534,0.37465530272870845,18.58751622209027
control,817,visual,41,cohort_average,nan,137,DG,theta,Intermediate,10,56,-0.04160980971075583,0.2212479928109548,-0.03568384206384039,-6.876792117482298,-6.7145294149309676,0.30952771566656456,0.3883172835231903,19.92873426546503
control,817,visual,41,cohort_average,nan,137,DG,theta,Expert,10,56,0.02118911850341141,0.03141876852321081,0.021064385997534747,-6.8625200996285,-6.786958779559671,0.3149097379377145,0.35782397724391346,17.947529644836774
control,817,visual,41,cohort_average,nan,137,DG,beta,Naive,10,56,-0.09251563360854512,-0.1782403473878167,-0.08681005719672027,-7.3645037483511,-7.328968701601189,0.10309612662950543,0.11472622292355344,18.58751622209027
control,817,visual,41,cohort_average,nan,137,DG,beta,Intermediate,10,56,-0.0368106737603314,-0.20447769896413875,-0.021341023143590224,-7.348210188455715,-7.356305971955106,0.1174229452035262,0.10812789430531677,19.92873426546503
control,817,visual,41,cohort_average,nan,137,DG,beta,Expert,10,56,0.026047310894185674,-0.21358040294608743,0.025728511324134652,-7.336104441514422,-7.336001629845858,0.11728381219096398,0.1191664794664221,17.947529644836774
control,817,visual,41,cohort_average,nan,137,DG,low_gamma,Naive,10,56,-0.09239147157971879,-0.22093390328034884,-0.0887633158240531,-7.063285420805485,-7.055210722551587,0.19602096370995803,0.2073871333954958,18.58751622209027
control,817,visual,41,cohort_average,nan,137,DG,low_gamma,Intermediate,10,56,-0.1415437069021966,-0.23098547441704764,-0.1321857185507512,-7.08071235574203,-7.062528208023,0.20648573148595806,0.2014282269087368,19.92873426546503
control,817,visual,41,cohort_average,nan,137,DG,low_gamma,Expert,10,56,-0.07561616054919876,-0.21266210975043243,-0.07587724447412322,-7.064031437737807,-7.0540175579426325,0.20870926187555738,0.2197663242430182,17.947529644836774
control,817,visual,41,cohort_average,nan,137,DG,high_gamma,Naive,10,56,0.2302878827490677,0.12447764081913812,0.23770558472035608,-7.694962662072756,-7.692878426445298,0.04507073609351386,0.047727020547279154,18.58751622209027
control,817,visual,41,cohort_average,nan,137,DG,high_gamma,Intermediate,10,56,0.13280561883026684,0.1102452805791968,0.15415270027952438,-7.722684704868255,-7.689312536203111,0.04749768406799033,0.048945840780342906,19.92873426546503
control,817,visual,41,cohort_average,nan,137,DG,high_gamma,Expert,10,56,0.05456011895350886,-0.24543719734821884,0.05408101886050329,-7.751950586344691,-7.772505193594421,0.04347894035651976,0.04253990025170626,17.947529644836774
control,817,visual,41,cohort_average,nan,137,DG,total,Naive,10,56,0.06364774211699613,0.02856272181498059,0.06672683203488991,-6.310100929794913,-6.288997374373466,1.0,1.0,18.58751622209027
control,817,visual,41,cohort_average,nan,137,DG,total,Intermediate,10,56,-0.11271752651656292,0.0996426788947708,-0.10255405045864954,-6.367783104464067,-6.276066734236601,1.0,1.0,19.92873426546503
control,817,visual,41,cohort_average,nan,137,DG,total,Expert,10,56,-0.05192615670681876,-0.062121786381918453,-0.05227022608921547,-6.363950448331107,-6.3276559007711946,1.0,1.0,17.947529644836774
