cohort,mouse_id,probe,learning_point,lp_source,disengagement_point,n_trials,n_trials_used,speed_profile_split_half_r,mean_speed_cm_s,speed_bin_cv
task,1105,striatum,44,measured,131.0,131,131,0.9844362693561031,41.925171490805546,0.49929145537062003
task,1106,striatum,67,measured,79.0,79,79,0.9744601208266702,65.03938532644018,0.4710983689335871
task,1201,striatum,84,measured,182.0,182,182,0.9959512127739379,47.45151440270148,0.5062321725702628
task,1206,striatum,41,cohort_average,100.0,100,100,0.9433020590667985,28.47062305233281,0.44509612572198926
task,1212,striatum,23,measured,nan,155,155,0.9886596427983004,24.384410073724972,0.7164709498566073
task,409,striatum,39,measured,112.0,112,112,0.9778949980911315,39.74654173651575,0.5724291087410492
task,418,striatum,26,measured,27.0,27,27,0.8786157620841303,19.408733732209388,0.42819203433823416
task,523,striatum,22,measured,125.0,125,125,0.9946477117807001,37.38561462927277,0.36262229037113586
task,614,striatum,44,measured,225.0,200,200,0.9961653041990187,49.376724854571336,0.3523480538566053
task,624,striatum,32,measured,nan,71,71,0.9765022001181783,13.80041365278328,0.4558059720867722
task,703,striatum,41,cohort_average,51.0,51,51,0.9525613895764087,24.26132710089702,0.5157518367687873
task,727,striatum,53,measured,100.0,100,100,0.9853479903558077,34.668983193101035,0.45627247412049743
task,730,striatum,54,measured,109.0,109,109,0.991411227099581,35.7007765903727,0.3583763454240454
task,731,striatum,36,measured,nan,76,76,0.9321851859551047,15.819456768460936,0.4176904460962063
task,822,striatum,33,measured,nan,90,90,0.9779412894480995,18.20809009039021,0.46528428411411665
task,823,striatum,14,measured,92.0,92,92,0.986031154701763,32.819743873633875,0.4106179132412325
