mouse_id,probe,window_start_s,candidate,mean_abs_r,normalised,is_claimed
523,striatum,1200,523,0.044416809417522074,3.0249349409901267,True
523,striatum,1200,614,0.013948488807856617,1.0,False
523,striatum,1200,624,0.018642028577928783,0.8838973205428415,False
523,striatum,1200,727,0.011035247572345116,0.9128626709394603,False
523,striatum,1200,730,0.011936169246147299,1.0769536092715681,False
523,striatum,1200,731,0.01450090856809052,0.928933828661932,False
523,striatum,1200,822,0.010857880204694867,0.7383850672029081,False
523,striatum,1200,823,0.013017863662971564,0.8080289170577667,False
523,striatum,1200,1105,0.006613019607669861,0.5677244737732868,False
523,striatum,1200,1106,0.012563101363215057,0.7891898531185607,False
523,striatum,1200,1201,0.0162090878784499,1.0,False
523,striatum,1200,1206,0.008920998819602968,0.4704727297644096,False
523,striatum,1200,1212,0.012891024430374542,0.8877089891457548,False
523,striatum,1200,409,0.012234608340203372,0.7194284076518699,False
523,striatum,1200,418,0.018117541347475348,1.1860834431689469,False
523,striatum,1200,703,0.013256621030588852,1.0,False
523,striatum,3000,523,0.07008932720060533,4.799255296205207,True
523,striatum,3000,614,0.012403864073421299,0.9355628643852066,False
523,striatum,3000,624,0.013904978424191783,0.5926009649396691,False
523,striatum,3000,727,0.011530311098266752,0.8708124687503896,False
523,striatum,3000,730,0.008086244942247918,0.5044992852725283,False
523,striatum,3000,731,0.008437266723545308,0.8438167573418176,False
523,striatum,3000,822,0.008972085095192872,0.6590724060959645,False
523,striatum,3000,823,0.013393476628905365,0.8537286911216767,False
523,striatum,3000,1105,0.011379912064605735,0.6689590115506873,False
523,striatum,3000,1106,0.01581301757714114,0.6448433163511017,False
523,striatum,3000,1201,0.012794130605552437,0.8270644052606436,False
523,striatum,3000,1206,0.010279621227643173,0.2306548372800002,False
523,striatum,3000,1212,0.011742088791181294,0.5678108301236452,False
523,striatum,3000,409,0.013792236228494284,0.8909754049414944,False
523,striatum,3000,418,0.022577099915635123,1.0,False
523,striatum,3000,703,0.011716348290445594,0.7311962423014892,False
523,striatum,4800,523,0.04493071493099895,2.1820242121133218,True
523,striatum,4800,614,0.010537819595666941,0.6783454976980561,False
523,striatum,4800,624,0.018184252436097798,0.9214943794155506,False
523,striatum,4800,727,0.01220403683085288,0.9379402214212594,False
523,striatum,4800,730,0.014342067913003386,0.8862846168407096,False
523,striatum,4800,731,0.012277011744576965,0.6142561855139087,False
523,striatum,4800,822,0.009743222953254591,0.5288073496648611,False
523,striatum,4800,823,0.01847743881356388,0.1627276086967826,False
523,striatum,4800,1105,0.011465506476764337,0.8203337645536808,False
523,striatum,4800,1106,0.015265969102543206,0.6027885835961333,False
523,striatum,4800,1201,0.009572886928735296,0.29514321827272944,False
523,striatum,4800,1206,0.010219899539174175,0.3856038945641526,False
523,striatum,4800,1212,0.012513756006357088,0.590825954858894,False
523,striatum,4800,409,0.012879344066231263,0.5718971647112658,False
523,striatum,4800,418,0.015321058943010316,0.5611010197583929,False
523,striatum,4800,703,0.015959855434089776,0.7421469484718831,False
614,striatum,1200,523,0.006259946167847722,0.4263235054512886,False
614,striatum,1200,614,0.030757054533974607,2.2050456474288747,True
614,striatum,1200,624,0.015497702292406969,0.7348115294194623,False
614,striatum,1200,727,0.008893156630146054,0.7356636687356966,False
614,striatum,1200,730,0.009762371223717535,0.8808203626825275,False
614,striatum,1200,731,0.01136802417218373,0.7282400388225179,False
614,striatum,1200,822,0.011564102474379926,0.7864113824901329,False
614,striatum,1200,823,0.007933682222498748,0.49244982283542926,False
614,striatum,1200,1105,0.010146769618323148,0.8710951704090072,False
614,striatum,1200,1106,0.020861882329109585,1.3105033044860628,False
614,striatum,1200,1201,0.016756937789711154,1.0337989352250736,False
614,striatum,1200,1206,0.010589078019572587,0.558443347241508,False
614,striatum,1200,1212,0.012408974853608855,0.8545138195283178,False
614,striatum,1200,409,0.01193649634824835,0.7018986077832978,False
614,striatum,1200,418,0.014901091313061951,0.975515239767025,False
614,striatum,1200,703,0.012027493514161403,0.9072819903660735,False
614,striatum,3000,523,0.01006737788883333,0.6893477021629232,False
614,striatum,3000,614,0.06780335778103207,5.114076004467257,True
614,striatum,3000,624,0.023464319579039845,1.0,False
614,striatum,3000,727,0.0132408658718595,1.0,False
614,striatum,3000,730,0.017093393895672163,1.0664535967978115,False
614,striatum,3000,731,0.009998932410544078,1.0,False
614,striatum,3000,822,0.013537401038704428,0.994431882912624,False
614,striatum,3000,823,0.013704375867214397,0.8735460699208054,False
614,striatum,3000,1105,0.019271489150077207,1.1328590466917716,False
614,striatum,3000,1106,0.009998777597859278,0.4077428532667425,False
614,striatum,3000,1201,0.014772538069145103,0.9549566741991342,False
614,striatum,3000,1206,0.02496951663789986,0.5602677053496361,False
614,striatum,3000,1212,0.0071632859225719955,0.34639418918066567,False
614,striatum,3000,409,0.015479929246082776,1.0,False
614,striatum,3000,418,0.016553860788653178,0.7332146666538547,False
614,striatum,3000,703,0.010469284823241323,0.653369252310519,False
614,striatum,4800,523,0.014737211811421342,0.715700897280355,False
614,striatum,4800,614,0.08198515575005037,5.27758714943162,True
614,striatum,4800,624,0.007830642752443528,0.39682100262001774,False
614,striatum,4800,727,0.011251455190963308,0.8647296398224648,False
614,striatum,4800,730,0.012306638562866514,0.760502914185627,False
614,striatum,4800,731,0.008471061435225349,0.4238329320450443,False
614,striatum,4800,822,0.01014745225665855,0.5507466430193786,False
614,striatum,4800,823,0.01223381436285624,0.10774108774461545,False
614,striatum,4800,1105,0.013823308374388844,0.9890297145032,False
614,striatum,4800,1106,0.011211456017390204,0.44269300215255425,False
614,striatum,4800,1201,0.01318182168226246,0.4064108667492823,False
614,striatum,4800,1206,0.010917186907853533,0.4119130303792858,False
614,striatum,4800,1212,0.017445080856268565,0.8236541090668097,False
614,striatum,4800,409,0.017532044943119714,0.7784966954062126,False
614,striatum,4800,418,0.01640912437881978,0.6009490895208995,False
614,striatum,4800,703,0.01873904164194264,0.8713814877138596,False
624,striatum,1200,523,0.015464388429586801,1.053177153315445,False
624,striatum,1200,614,0.016261353061216562,1.1658146832406104,False
624,striatum,1200,624,0.2673398533976046,12.675711717995494,True
624,striatum,1200,727,0.012399980889725248,1.0257567490338901,False
624,striatum,1200,730,0.012878435689858844,1.1619706048020377,False
624,striatum,1200,731,0.01877475434961537,1.2027180475128,False
624,striatum,1200,822,0.017866119601498805,1.2149771109929663,False
624,striatum,1200,823,0.0167755752342091,1.041272995359122,False
624,striatum,1200,1105,0.01720792197219574,1.4772916195599943,False
624,striatum,1200,1106,0.015918984910374526,1.0,False
624,striatum,1200,1201,0.02581704169370652,1.5927510472708626,False
624,striatum,1200,1206,0.02187275146313815,1.153518041691555,False
624,striatum,1200,1212,0.011121356930377793,0.765845148453261,False
624,striatum,1200,409,0.02325347094972428,1.3673676437002371,False
624,striatum,1200,418,0.01300069584981188,0.8511038998835156,False
624,striatum,1200,703,0.10566953815640177,7.971076333296071,False
624,striatum,3000,523,0.02072920098632686,1.41939909531436,False
624,striatum,3000,614,0.04132601398334399,3.1170193245447386,False
624,striatum,3000,624,0.2930854762342559,12.490687200495797,True
624,striatum,3000,727,0.012964225647306614,0.9791070895793286,False
624,striatum,3000,730,0.01071224202665222,0.6683347443356104,False
624,striatum,3000,731,0.02115985139280106,2.1162110637419214,False
624,striatum,3000,822,0.013733038420352742,1.0088030350447357,False
624,striatum,3000,823,0.047230912875333396,3.0105988569478566,False
624,striatum,3000,1105,0.01753070404088432,1.0305283890068369,False
624,striatum,3000,1106,0.07077338055085623,2.8860868079831485,False
624,striatum,3000,1201,0.012154958864877325,0.7857457559628591,False
624,striatum,3000,1206,0.06078967231267054,1.36400278425417,False
624,striatum,3000,1212,0.06981152676297624,3.3758679284775464,False
624,striatum,3000,409,0.019190776071453534,1.2397198828482885,False
624,striatum,3000,418,0.06586834198889485,2.9174846297809767,False
624,striatum,3000,703,0.03646079958231703,2.275452981168076,False
624,striatum,4800,523,0.04813487294868699,2.3376315819219124,False
624,striatum,4800,614,0.019058128810420228,1.2268188647311868,False
624,striatum,4800,624,0.36217441775089004,18.353335750169734,True
624,striatum,4800,727,0.01107576363559703,0.8512268801515424,False
624,striatum,4800,730,0.018553206428635744,1.1465167750224792,False
624,striatum,4800,731,0.019986793839618527,1.0,False
624,striatum,4800,822,0.018424900787459727,1.0,False
624,striatum,4800,823,0.10345743761820642,0.911131764276162,False
624,striatum,4800,1105,0.018471321301537162,1.3215856246977395,False
624,striatum,4800,1106,0.024480999617383616,0.9666511824605853,False
624,striatum,4800,1201,0.019412308389296345,0.5985040056120832,False
624,striatum,4800,1206,0.10361623343752784,3.9095123196101085,False
624,striatum,4800,1212,0.009904851802773852,0.46764884349165936,False
624,striatum,4800,409,0.011766300481437467,0.5224733379177403,False
624,striatum,4800,418,0.03447546854041927,1.26259030962757,False
624,striatum,4800,703,0.021563817563140224,1.0027359876772988,False
727,striatum,1200,523,0.009952524902823516,0.6778006057713085,False
727,striatum,1200,614,0.012719595697059258,0.9118977598415411,False
727,striatum,1200,624,0.013980458386069115,0.6628725868405542,False
727,striatum,1200,727,0.05898391782886419,4.879293955005316,True
727,striatum,1200,730,0.01093204079736193,0.986355048310252,False
727,striatum,1200,731,0.01137862952749801,0.7289194219984171,False
727,striatum,1200,822,0.009050297869261323,0.6154612755362091,False
727,striatum,1200,823,0.02193016770956788,1.361222557251178,False
727,striatum,1200,1105,0.009927688218499963,0.8522871402190049,False
727,striatum,1200,1106,0.011590952185780068,0.7281213124478907,False
727,striatum,1200,1201,0.012191931069279502,0.7521663871962075,False
727,striatum,1200,1206,0.011109796778856493,0.5859048435463285,False
727,striatum,1200,1212,0.012757771518115432,0.8785328520062159,False
727,striatum,1200,409,0.01259073947727251,0.740369891819776,False
727,striatum,1200,418,0.011857873047901778,0.7762878319731531,False
727,striatum,1200,703,0.013856623105675833,1.0452605587579604,False
727,striatum,3000,523,0.013819166660469341,0.9462454760705296,False
727,striatum,3000,614,0.01211311895308073,0.91363338047747,False
727,striatum,3000,624,0.01239061937665467,0.5280621641261201,False
727,striatum,3000,727,0.0709931503032988,5.36166977222984,True
727,striatum,3000,730,0.016028258469939684,1.0,False
727,striatum,3000,731,0.010306918149080586,1.0308018622279846,False
727,striatum,3000,822,0.01477902107476771,1.0856389430266244,False
727,striatum,3000,823,0.010841740612000215,0.6910756093147523,False
727,striatum,3000,1105,0.016308137697760006,0.9586608062163441,False
727,striatum,3000,1106,0.02240059913374676,0.9134800845689308,False
727,striatum,3000,1201,0.015469328052535952,1.0,False
727,striatum,3000,1206,0.016626872609198103,0.373074893638776,False
727,striatum,3000,1212,0.020679578775600956,1.0,False
727,striatum,3000,409,0.017807679464092233,1.1503721484126614,False
727,striatum,3000,418,0.013971677838185243,0.6188428934802896,False
727,striatum,3000,703,0.013600018371031121,0.8487527070391466,False
727,striatum,4800,523,0.011340056991532435,0.5507207922301935,False
727,striatum,4800,614,0.014496375282670948,0.9331675131338074,False
727,striatum,4800,624,0.01592108647237751,0.8068075248098104,False
727,striatum,4800,727,0.10498370408792869,8.068513723993272,True
727,striatum,4800,730,0.01633480861871075,1.0094283255118595,False
727,striatum,4800,731,0.008490092157719287,0.424785096891825,False
727,striatum,4800,822,0.015541983760432913,0.8435314762189129,False
727,striatum,4800,823,0.03206286013538238,0.28237206522259534,False
727,striatum,4800,1105,0.00998890192594953,0.7146856998666292,False
727,striatum,4800,1106,0.01519768931836552,0.6000925035689662,False
727,striatum,4800,1201,0.012681974317911307,0.3909999921763356,False
727,striatum,4800,1206,0.022025044962404944,0.8310202153063624,False
727,striatum,4800,1212,0.01665842977782664,0.7865130720891732,False
727,striatum,4800,409,0.01164368936802578,0.5170288876598979,False
727,striatum,4800,418,0.018200004270501936,0.6665362357635611,False
727,striatum,4800,703,0.02150498020230616,1.0,False
730,striatum,1200,523,0.010196208294602544,0.6943962688997045,False
730,striatum,1200,614,0.014380462350934917,1.0309692002502082,False
730,striatum,1200,624,0.02109071737708161,1.0,False
730,striatum,1200,727,0.015422957734788287,1.275824787732722,False
730,striatum,1200,730,0.02206446675369993,1.9907900614528886,True
730,striatum,1200,731,0.013335685271977963,0.8542891722515201,False
730,striatum,1200,822,0.017362763076271655,1.1807465858167756,False
730,striatum,1200,823,0.016767591930868474,1.0407774655149111,False
730,striatum,1200,1105,0.014993576495154164,1.2871911518027774,False
730,striatum,1200,1106,0.011772185606780406,0.7395060472171426,False
730,striatum,1200,1201,0.01129736588899193,0.6969772743358287,False
730,striatum,1200,1206,0.014801965913037349,0.7806212566337224,False
730,striatum,1200,1212,0.011423862596578134,0.7866764641181996,False
730,striatum,1200,409,0.01515574353056109,0.8911991403224967,False
730,striatum,1200,418,0.018665315675717286,1.2219440518939433,False
730,striatum,1200,703,0.01085779873105648,0.8190472297580782,False
730,striatum,3000,523,0.011775952457195074,0.8063396305160435,False
730,striatum,3000,614,0.011879170788700821,0.8959878134598561,False
730,striatum,3000,624,0.013838155229032636,0.5897531007629965,False
730,striatum,3000,727,0.01248068209375428,0.9425880614257395,False
730,striatum,3000,730,0.021530757691313285,1.3432998807508192,True
730,striatum,3000,731,0.008709915841464168,0.8710845802177224,False
730,striatum,3000,822,0.011979211795046255,0.8799702473981686,False
730,striatum,3000,823,0.012178442295557595,0.7762798180756594,False
730,striatum,3000,1105,0.013643669962765026,0.8020322055565292,False
730,striatum,3000,1106,0.014916388253720722,0.608279426908022,False
730,striatum,3000,1201,0.013096148812768509,0.8465880850346051,False
730,striatum,3000,1206,0.0135586910920268,0.3042308289678344,False
730,striatum,3000,1212,0.013919119423377431,0.6730852487092275,False
730,striatum,3000,409,0.012058605171672497,0.7789832227252557,False
730,striatum,3000,418,0.013399904806407644,0.5935175401836231,False
730,striatum,3000,703,0.013081311520368186,0.8163811446155483,False
730,striatum,4800,523,0.014735317803883477,0.7156089163200722,False
730,striatum,4800,614,0.01306539984852031,0.8410520869528783,False
730,striatum,4800,624,0.014317679085788388,0.7255542041221705,False
730,striatum,4800,727,0.00950690639282449,0.7306524890660979,False
730,striatum,4800,730,0.027512442385509452,1.7001630870737592,True
730,striatum,4800,731,0.012708993375508836,0.6358695385308184,False
730,striatum,4800,822,0.01392258361743205,0.7556395433568889,False
730,striatum,4800,823,0.05032770039311648,0.4432273551986052,False
730,striatum,4800,1105,0.014552790126547673,1.0412226562746258,False
730,striatum,4800,1106,0.020777145498251878,0.8204016411886734,False
730,striatum,4800,1201,0.012899688011844893,0.39771235812904737,False
730,striatum,4800,1206,0.02067948699376593,0.7802513803407929,False
730,striatum,4800,1212,0.017242629744479307,0.8140955583507523,False
730,striatum,4800,409,0.012707732173528203,0.5642768733079994,False
730,striatum,4800,418,0.020555451542149876,0.7527994549721614,False
730,striatum,4800,703,0.016687450055332485,0.7759807215978254,False
731,striatum,1200,523,0.029460115311540355,2.0063334881573356,False
731,striatum,1200,614,0.012223107321774835,0.8763033393904331,False
731,striatum,1200,624,0.042359027303169615,2.008420412915844,False
731,striatum,1200,727,0.009829315316104112,0.8131050050432279,False
731,striatum,1200,730,0.013835561434654845,1.2483282966316422,False
731,striatum,1200,731,0.23080022185740198,14.785151753718814,True
731,striatum,1200,822,0.014704902207497005,1.0,False
731,striatum,1200,823,0.028532355357753798,1.7710254768154834,False
731,striatum,1200,1105,0.021774051212534427,1.8692915642063874,False
731,striatum,1200,1106,0.03606664304398611,2.265637114869127,False
731,striatum,1200,1201,0.04979345942204947,3.0719470333830587,False
731,striatum,1200,1206,0.006599655958468689,0.34805050612313637,False
731,striatum,1200,1212,0.03667806307605434,2.525745449706082,False
731,striatum,1200,409,0.017546779191599467,1.0317985719043894,False
731,striatum,1200,418,0.051875417412501644,3.3960774544621204,False
731,striatum,1200,703,0.008598199182063136,0.6485965889967972,False
731,striatum,3000,523,0.023631326036562348,1.6181174961591633,False
731,striatum,3000,614,0.01146422721779009,0.8646906472331392,False
731,striatum,3000,624,0.027998996599028447,1.1932584068638123,False
731,striatum,3000,727,0.012127035069702335,0.9158793078234888,False
731,striatum,3000,730,0.006195505323389941,0.3865363997597959,False
731,striatum,3000,731,0.4460041865213438,44.60518065418897,True
731,striatum,3000,822,0.010291014282631133,0.7559584502888438,False
731,striatum,3000,823,0.017324774259659528,1.1043179648185542,False
731,striatum,3000,1105,0.017011374192009782,1.0,False
731,striatum,3000,1106,0.024522263278807608,1.0,False
731,striatum,3000,1201,0.010860857900632334,0.7020898298715611,False
731,striatum,3000,1206,0.06541380970770683,1.467759492287759,False
731,striatum,3000,1212,0.048094748123535334,2.3257121745768097,False
731,striatum,3000,409,0.00948078809202457,0.6124568104485169,False
731,striatum,3000,418,0.023266484568463017,1.03053468582785,False
731,striatum,3000,703,0.00866460342360884,0.5407423292069488,False
731,striatum,4800,523,0.04029202921595192,1.956750152749678,False
731,striatum,4800,614,0.02960695175600933,1.9058726752648854,False
731,striatum,4800,624,0.008829722305579128,0.44744976484374643,False
731,striatum,4800,727,0.013011529468647927,1.0,False
731,striatum,4800,730,0.01098549137962534,0.6788611012900496,False
731,striatum,4800,731,0.30104250771040975,15.062070991780217,True
731,striatum,4800,822,0.03839255478605926,2.083731968434252,False
731,striatum,4800,823,0.11354827224182769,1.0,False
731,striatum,4800,1105,0.02691334038635935,1.9255949905570466,False
731,striatum,4800,1106,0.025325577686738945,1.0,False
731,striatum,4800,1201,0.10113695175740983,3.118169644140911,False
731,striatum,4800,1206,0.0450044704097329,1.6980498679336784,False
731,striatum,4800,1212,0.03568447571922496,1.684811053511001,False
731,striatum,4800,409,0.04043907234306079,1.7956652681705725,False
731,striatum,4800,418,0.03803729828267291,1.3930347069775362,False
731,striatum,4800,703,0.009010339162886844,0.41898848909056835,False
822,striatum,1200,523,0.013555267216799277,0.9231595419903901,False
822,striatum,1200,614,0.01841140634432291,1.3199570647361105,False
822,striatum,1200,624,0.04393074913258094,2.082942383947481,False
822,striatum,1200,727,0.010898433771002553,0.9015450986515544,False
822,striatum,1200,730,0.023437198920827143,2.1146462862988975,False
822,striatum,1200,731,0.051242253419017995,3.2825986340289997,False
822,striatum,1200,822,0.21831048835537045,14.84610269928005,True
822,striatum,1200,823,0.026272366289086472,1.630746198510244,False
822,striatum,1200,1105,0.010467618750221563,0.8986399102365407,False
822,striatum,1200,1106,0.015052419715889151,0.9455640419684909,False
822,striatum,1200,1201,0.04838709042380971,2.9851828052669576,False
822,striatum,1200,1206,0.02195420779692628,1.1578138592887608,False
822,striatum,1200,1212,0.013868773651295747,0.9550393070138122,False
822,striatum,1200,409,0.03639548511763693,2.140153993966236,False
822,striatum,1200,418,0.05928622321855684,3.8812334642386466,False
822,striatum,1200,703,0.022911180132595976,1.728282047116668,False
822,striatum,3000,523,0.014604208960507953,1.0,False
822,striatum,3000,614,0.052635097096529616,3.9700082099690515,False
822,striatum,3000,624,0.04272239743413165,1.8207388153839592,False
822,striatum,3000,727,0.017084338514563355,1.290273512314047,False
822,striatum,3000,730,0.01853839511254513,1.1566069481168586,False
822,striatum,3000,731,0.008784928730800367,0.8785866700665443,False
822,striatum,3000,822,0.20705716495202706,15.210027820340006,True
822,striatum,3000,823,0.015847008766947935,1.010122048789203,False
822,striatum,3000,1105,0.022830946966249373,1.3420989220831459,False
822,striatum,3000,1106,0.07755602294718632,3.1626780148882516,False
822,striatum,3000,1201,0.01830905463588359,1.183571424285757,False
822,striatum,3000,1206,0.07288555868781939,1.6354111019181263,False
822,striatum,3000,1212,0.019100189085965866,0.9236256353780982,False
822,striatum,3000,409,0.01411732676419176,0.9119761815296523,False
822,striatum,3000,418,0.05017815178370338,2.2225242378873444,False
822,striatum,3000,703,0.02373713362994186,1.4813918537549464,False
822,striatum,4800,523,0.020591299895560237,1.0,False
822,striatum,4800,614,0.051479113862401275,3.313837819771041,False
822,striatum,4800,624,0.010161872962831447,0.5149570405762302,False
822,striatum,4800,727,0.01627689163122226,1.2509591336239465,False
822,striatum,4800,730,0.01467366705543093,0.9067761680363808,False
822,striatum,4800,731,0.0359290856388754,1.7976412788956428,False
822,striatum,4800,822,0.178033174883768,9.662639540775174,True
822,striatum,4800,823,0.13283237476438428,1.1698317565016452,False
822,striatum,4800,1105,0.01441050596392477,1.0310425126414287,False
822,striatum,4800,1106,0.013553894645006115,0.5351860009931084,False
822,striatum,4800,1201,0.039800071791367804,1.2270824217853646,False
822,striatum,4800,1206,0.02793789320111345,1.0541160784382058,False
822,striatum,4800,1212,0.07680204738083045,3.6261409408850125,False
822,striatum,4800,409,0.009318260843846344,0.4137700591917739,False
822,striatum,4800,418,0.07575326385647367,2.7743012906614704,False
822,striatum,4800,703,0.02493903466340223,1.159686473960474,False
823,striatum,1200,523,0.022249462650857865,1.5152636552116732,False
823,striatum,1200,614,0.012158439334050303,0.8716671391098617,False
823,striatum,1200,624,0.019534744359100322,0.9262247466427055,False
823,striatum,1200,727,0.012088617405056491,1.0,False
823,striatum,1200,730,0.008802611094737055,0.7942249807282963,False
823,striatum,1200,731,0.010531478907551213,0.6746506246230446,False
823,striatum,1200,822,0.017013453338075763,1.1569919403749445,False
823,striatum,1200,823,0.07350431127850948,4.562469739976777,True
823,striatum,1200,1105,0.011648290523248927,1.0,False
823,striatum,1200,1106,0.016381392789401688,1.0290475731731994,False
823,striatum,1200,1201,0.009655727943623666,0.595698414126129,False
823,striatum,1200,1206,0.022860355716341225,1.2056019930883866,False
823,striatum,1200,1212,0.010393739330854176,0.7157395352611988,False
823,striatum,1200,409,0.013277474463448244,0.7807517858571804,False
823,striatum,1200,418,0.010356239197715231,0.6779818304440609,False
823,striatum,1200,703,0.010983764860604891,0.8285493592417341,False
823,striatum,3000,523,0.01144461111265741,0.783651558506552,False
823,striatum,3000,614,0.012360511607298175,0.9322929996765775,False
823,striatum,3000,624,0.010688386036828338,0.45551655571449157,False
823,striatum,3000,727,0.012736681939630873,0.9619221328040066,False
823,striatum,3000,730,0.009393709131850215,0.5860717275970884,False
823,striatum,3000,731,0.019489673913098807,1.9491754832292445,False
823,striatum,3000,822,0.012807064217270838,0.9407827209780573,False
823,striatum,3000,823,0.04095895075435146,2.6108106495488443,True
823,striatum,3000,1105,0.010639997016883791,0.6254636983931247,False
823,striatum,3000,1106,0.017698531280898783,0.7217331891299787,False
823,striatum,3000,1201,0.009535222789858099,0.6163954088681278,False
823,striatum,3000,1206,0.019023939053752586,0.4268604328599352,False
823,striatum,3000,1212,0.008657945561526619,0.4186712725378042,False
823,striatum,3000,409,0.010627084760009725,0.6865073212591671,False
823,striatum,3000,418,0.014819186794832179,0.6563813266631989,False
823,striatum,3000,703,0.016023534603470613,1.0,False
823,striatum,4800,523,0.043532200862210456,2.11410649560772,False
823,striatum,4800,614,0.028310160928919637,1.8223950439554495,False
823,striatum,4800,624,0.11074548227557403,5.612072303837055,False
823,striatum,4800,727,0.018165898584171645,1.396138603685561,False
823,striatum,4800,730,0.013646756048865933,0.8433170188046455,False
823,striatum,4800,731,0.029075563587393202,1.454738755035267,False
823,striatum,4800,822,0.08747022008861917,4.74739164664337,False
823,striatum,4800,823,0.5569388972677553,4.904864567922471,True
823,striatum,4800,1105,0.01255159382854632,0.8980411146587141,False
823,striatum,4800,1106,0.13074317809277028,5.162495391417287,False
823,striatum,4800,1201,0.06095847433600763,1.8794205374471906,False
823,striatum,4800,1206,0.1270307372871564,4.7929577819745735,False
823,striatum,4800,1212,0.054054674228182664,2.5521437767548183,False
823,striatum,4800,409,0.05621239740982456,2.496067387825333,False
823,striatum,4800,418,0.09625994809667522,3.525314747488474,False
823,striatum,4800,703,0.04448498883841718,2.068590085641961,False
1105,striatum,1200,523,0.027602226045478472,1.8798049456730561,False
1105,striatum,1200,614,0.013632840571640985,0.9773704348504162,False
1105,striatum,1200,624,0.017804482405039915,0.8441857186132176,False
1105,striatum,1200,727,0.017314972913391184,1.4323369110969286,False
1105,striatum,1200,730,0.008604720526556302,0.7763700930128048,False
1105,striatum,1200,731,0.025176904266266665,1.6128422549593189,False
1105,striatum,1200,822,0.008634220084645055,0.5871661003119808,False
1105,striatum,1200,823,0.008273615716584373,0.5135497590622135,False
1105,striatum,1200,1105,0.10680872955254928,9.169476786260505,True
1105,striatum,1200,1106,0.012872563989156404,0.8086296997974572,False
1105,striatum,1200,1201,0.041340069219083064,2.5504253866156765,False
1105,striatum,1200,1206,0.01919569565138671,1.0123363443328695,False
1105,striatum,1200,1212,0.014521678374328073,1.0,False
1105,striatum,1200,409,0.01700601228708177,1.0,False
1105,striatum,1200,418,0.033176894266052574,2.1719594414070524,False
1105,striatum,1200,703,0.009378640307525892,0.7074683877501851,False
1105,striatum,3000,523,0.009779362446645411,0.6696263024646062,False
1105,striatum,3000,614,0.020512983517767935,1.5471941246189493,False
1105,striatum,3000,624,0.02000680145281992,0.8526478419894841,False
1105,striatum,3000,727,0.010783112771769292,0.8143812403300895,False
1105,striatum,3000,730,0.013785243692240068,0.8600587342719551,False
1105,striatum,3000,731,0.009568948789564347,0.9569970469521021,False
1105,striatum,3000,822,0.01892694953180222,1.3903379243098475,False
1105,striatum,3000,823,0.014020192260704764,0.8936768786510354,False
1105,striatum,3000,1105,0.08730231148045425,5.131996421633005,True
1105,striatum,3000,1106,0.017063682899342052,0.6958445354466389,False
1105,striatum,3000,1201,0.022282304593790186,1.4404183890933357,False
1105,striatum,3000,1206,0.044567117468099625,1.0,False
1105,striatum,3000,1212,0.013346895993030525,0.6454143064450625,False
1105,striatum,3000,409,0.021566129560507307,1.3931671920247732,False
1105,striatum,3000,418,0.019209854540799317,0.8508557171905008,False
1105,striatum,3000,703,0.021002121000830033,1.3107046304428416,False
1105,striatum,4800,523,0.038627768841558524,1.8759266795918597,False
1105,striatum,4800,614,0.008173324273115927,0.5261370885656658,False
1105,striatum,4800,624,0.026907503368155988,1.3635486641529257,False
1105,striatum,4800,727,0.014254562745453168,1.0955332176590311,False
1105,striatum,4800,730,0.03282575510230381,2.0285053703430633,False
1105,striatum,4800,731,0.017811746662178798,0.8911757836252719,False
1105,striatum,4800,822,0.0377080124961259,2.0465788625461996,False
1105,striatum,4800,823,0.12672314347228766,1.1160288128594418,False
1105,striatum,4800,1105,0.03430702331363808,2.4545980277924775,True
1105,striatum,4800,1106,0.06422972049615484,2.5361601338628894,False
1105,striatum,4800,1201,0.04095943941635391,1.2628270717062238,False
1105,striatum,4800,1206,0.06765087644683797,2.5525144673473914,False
1105,striatum,4800,1212,0.03585649486188497,1.6929327856403855,False
1105,striatum,4800,409,0.06468717500168579,2.87238323523341,False
1105,striatum,4800,418,0.027275140931413894,0.9988937088224028,False
1105,striatum,4800,703,0.01894241106876154,0.8808383402617681,False
1105,visual,1200,1105,0.17704098899240253,15.198881641820732,True
1105,visual,1200,1106,0.005971640493578027,0.3751269648912263,False
1105,visual,1200,1201,0.009847820189449517,0.6075493120462543,False
1105,visual,1200,1206,0.018961776645524557,1.0,False
1105,visual,1200,1212,0.01923256316591171,1.3244036033680309,False
1105,visual,3000,1105,0.054106254429915734,3.1805928092116957,True
1105,visual,3000,1106,0.018496349168621622,0.75426762033855,False
1105,visual,3000,1201,0.01567215917456462,1.0131118249829487,False
1105,visual,3000,1206,0.120365851145395,2.7007771196230226,False
1105,visual,3000,1212,0.04528074000965939,2.1896355095532414,False
1105,visual,4800,1105,0.061708060773431155,4.415086756103062,True
1105,visual,4800,1106,0.06524508382935573,2.5762525394838103,False
1105,visual,4800,1201,0.02022348848982484,0.6235136299031754,False
1105,visual,4800,1206,0.08044213067851595,3.0351373570528013,False
1105,visual,4800,1212,0.04936535597470318,2.33074175058923,False
1106,striatum,1200,523,0.012837332885052804,0.8742657859120981,False
1106,striatum,1200,614,0.013101438211513328,0.9392729486318131,False
1106,striatum,1200,624,0.045492966833974274,2.1570137241234644,False
1106,striatum,1200,727,0.033134937966334176,2.7410031152507415,False
1106,striatum,1200,730,0.009962020342242582,0.8988339174796696,False
1106,striatum,1200,731,0.02090704525466727,1.3393134301365872,False
1106,striatum,1200,822,0.015081699547258909,1.0256239269357263,False
1106,striatum,1200,823,0.012480964302804156,0.7747031564109503,False
1106,striatum,1200,1105,0.007568530108169318,0.6497545792718014,False
1106,striatum,1200,1106,0.076590074379329,4.811241094236773,True
1106,striatum,1200,1201,0.016269404904733085,1.0037211857160313,False
1106,striatum,1200,1206,0.012387982399779581,0.6533133804581254,False
1106,striatum,1200,1212,0.021889872129192356,1.5073927107413445,False
1106,striatum,1200,409,0.009084305647198516,0.5341819995096206,False
1106,striatum,1200,418,0.012423922081832609,0.8133448130662688,False
1106,striatum,1200,703,0.04466500901969244,3.3692604560868586,False
1106,striatum,3000,523,0.027837443618095436,1.9061247133187564,False
1106,striatum,3000,614,0.008365938224347487,0.6310018460466229,False
1106,striatum,3000,624,0.05940635457971002,2.5317740145670533,False
1106,striatum,3000,727,0.013754096596518231,1.0387611149924483,False
1106,striatum,3000,730,0.023207798155814807,1.4479301166336969,False
1106,striatum,3000,731,0.007266349077217294,0.7267124907809939,False
1106,striatum,3000,822,0.012930632526557741,0.9498598153273478,False
1106,striatum,3000,823,0.015688211920473545,1.0,False
1106,striatum,3000,1105,0.011768137824455594,0.6917805517430257,False
1106,striatum,3000,1106,0.22571636256866792,9.20454853625743,True
1106,striatum,3000,1201,0.04588169228247205,2.9659783622566893,False
1106,striatum,3000,1206,0.023279303673242113,0.5223425923811438,False
1106,striatum,3000,1212,0.05640030257983022,2.7273429111803176,False
1106,striatum,3000,409,0.00958647498994617,0.6192841606412409,False
1106,striatum,3000,418,0.07432840586710247,3.2922034337824084,False
1106,striatum,3000,703,0.06018627906620386,3.7561175206104545,False
1106,striatum,4800,523,0.01619479395708036,0.786487207666388,False
1106,striatum,4800,614,0.015534590605269287,1.0,False
1106,striatum,4800,624,0.03976125046972719,2.0149175202634915,False
1106,striatum,4800,727,0.017959885867565095,1.380305513724619,False
1106,striatum,4800,730,0.030309631838333836,1.8730186332519798,False
1106,striatum,4800,731,0.007309956446931741,0.3657393229544244,False
1106,striatum,4800,822,0.02820477372338247,1.5307965046183085,False
1106,striatum,4800,823,0.1970565509106049,1.7354429708179684,False
1106,striatum,4800,1105,0.006516924522069986,0.46627274925325146,False
1106,striatum,4800,1106,0.27853025786411356,10.997982407720492,True
1106,striatum,4800,1201,0.03691373332203341,1.1380932556951848,False
1106,striatum,4800,1206,0.02279351549975951,0.8600151414233829,False
1106,striatum,4800,1212,0.01295206922642477,0.6115205270274905,False
1106,striatum,4800,409,0.057163233922045274,2.538288536871947,False
1106,striatum,4800,418,0.02730534859766871,1.0,False
1106,striatum,4800,703,0.02756755948970732,1.2819151299079559,False
1106,visual,1200,1105,0.011947242398941441,1.025664871175374,False
1106,visual,1200,1106,0.08154992896187459,5.1228096151236295,True
1106,visual,1200,1201,0.01643496904869259,1.0139354645947105,False
1106,visual,1200,1206,0.016762614828667827,0.8840213204717932,False
1106,visual,1200,1212,0.012360535724936802,0.8511781769515145,False
1106,visual,3000,1105,0.01902252376600223,1.1182238160945916,False
1106,visual,3000,1106,0.09751306376709763,3.9765115747439768,True
1106,visual,3000,1201,0.014819076686263708,0.9579651188426607,False
1106,visual,3000,1206,0.10484341909007537,2.3524837379289893,False
1106,visual,3000,1212,0.04807528163858324,2.324770836014582,False
1106,visual,4800,1105,0.03423234227726182,2.449254750909292,False
1106,visual,4800,1106,0.1839304320869456,7.262635204694888,True
1106,visual,4800,1201,0.03314444985247674,1.02188187013627,False
1106,visual,4800,1206,0.026503621159546922,1.0,False
1106,visual,4800,1212,0.04891620533363017,2.309535499144609,False
1201,striatum,1200,523,0.01132744479019751,0.7714373001426763,False
1201,striatum,1200,614,0.010880965254760027,0.7800820149514133,False
1201,striatum,1200,624,0.0338996807599719,1.6073270602359522,False
1201,striatum,1200,727,0.011214406230052987,0.927683113319656,False
1201,striatum,1200,730,0.008401938984361751,0.7580739119469603,False
1201,striatum,1200,731,0.012693955660730956,0.8131797243888396,False
1201,striatum,1200,822,0.013091330632552767,0.8902698193993028,False
1201,striatum,1200,823,0.010715842796604355,0.6651406923956814,False
1201,striatum,1200,1105,0.014911551401806547,1.2801493379689017,False
1201,striatum,1200,1106,0.02227996680406665,1.3995846424571092,False
1201,striatum,1200,1201,0.08085984788175163,4.988550157054512,True
1201,striatum,1200,1206,0.016431931661000387,0.8665818592942199,False
1201,striatum,1200,1212,0.0157341755878725,1.0834956664298474,False
1201,striatum,1200,409,0.018846731537648268,1.1082393226285483,False
1201,striatum,1200,418,0.015275098435797545,1.0,False
1201,striatum,1200,703,0.01942444911631022,1.4652639666993177,False
1201,striatum,3000,523,0.02353201615631902,1.611317409929784,False
1201,striatum,3000,614,0.013258183437595444,1.0,False
1201,striatum,3000,624,0.01682943395247957,0.717235115034528,False
1201,striatum,3000,727,0.014943939140135956,1.1286224998242718,False
1201,striatum,3000,730,0.016865537568808913,1.0522376838656247,False
1201,striatum,3000,731,0.011136326561225096,1.113751559064607,False
1201,striatum,3000,822,0.022467138851340347,1.6503935377049266,False
1201,striatum,3000,823,0.012168901378132868,0.7756716597034312,False
1201,striatum,3000,1105,0.006767273596582606,0.3978087554949667,False
1201,striatum,3000,1106,0.018179685851058617,0.7413543213513122,False
1201,striatum,3000,1201,0.06198601748335236,4.007027149003458,True
1201,striatum,3000,1206,0.023137609194680556,0.519163242075103,False
1201,striatum,3000,1212,0.019204588286355895,0.928674055441335,False
1201,striatum,3000,409,0.018918323730915898,1.222119522006421,False
1201,striatum,3000,418,0.014549790501874757,0.6444490459910095,False
1201,striatum,3000,703,0.013685531947913063,0.8540894557027916,False
1201,striatum,4800,523,0.018855218488640496,0.9156885958766467,False
1201,striatum,4800,614,0.014259493815557892,0.9179188675059846,False
1201,striatum,4800,624,0.019733438252364593,1.0,False
1201,striatum,4800,727,0.010533173347576625,0.8095261493244855,False
1201,striatum,4800,730,0.016182237218702693,1.0,False
1201,striatum,4800,731,0.03689726144155228,1.8460820548623076,False
1201,striatum,4800,822,0.011732639960163863,0.6367817170635339,False
1201,striatum,4800,823,0.03352239171107055,0.2952259074420503,False
1201,striatum,4800,1105,0.012658629295230393,0.9056992854951833,False
1201,striatum,4800,1106,0.03393390451347245,1.3399064350362686,False
1201,striatum,4800,1201,0.16431931392316748,5.066155225345146,True
1201,striatum,4800,1206,0.01790057746761324,0.6754011974384578,False
1201,striatum,4800,1212,0.016092158105684862,0.7597770544432526,False
1201,striatum,4800,409,0.026196803220445385,1.163248486043098,False
1201,striatum,4800,418,0.013676036275988922,0.500855582453782,False
1201,striatum,4800,703,0.02943551010218326,1.368776433424786,False
1206,striatum,1200,523,0.026811270806647813,1.825938218862323,False
1206,striatum,1200,614,0.02702850152508751,1.9377369045070643,False
1206,striatum,1200,624,0.03308254113310419,1.5685830188523404,False
1206,striatum,1200,727,0.010207984209789694,0.8444294221372118,False
1206,striatum,1200,730,0.02020941062498541,1.8234156424058994,False
1206,striatum,1200,731,0.028636826459264353,1.834486212958356,False
1206,striatum,1200,822,0.024327969664793628,1.654412203597688,False
1206,striatum,1200,823,0.012764962586179254,0.7923311506274348,False
1206,striatum,1200,1105,0.022483877338990443,1.9302297872906475,False
1206,striatum,1200,1106,0.04635951283193413,2.9122153889172466,False
1206,striatum,1200,1201,0.013575765113438257,0.8375403486760865,False
1206,striatum,1200,1206,0.29293999719291397,15.448974147791946,True
1206,striatum,1200,1212,0.05043395347271549,3.473011326423148,False
1206,striatum,1200,409,0.03254507072767001,1.9137391046337262,False
1206,striatum,1200,418,0.05775097904806079,3.7807271285872726,False
1206,striatum,1200,703,0.014833931053105936,1.118982810089957,False
1206,striatum,3000,523,0.007566381545755195,0.5180959520790113,False
1206,striatum,3000,614,0.09493014186856474,7.160116792423989,False
1206,striatum,3000,624,0.07173964470932392,3.057392926637743,False
1206,striatum,3000,727,0.02927817239436618,2.2111977175594224,False
1206,striatum,3000,730,0.02274900128452602,1.419305867021723,False
1206,striatum,3000,731,0.02033679464124849,2.033896600781392,False
1206,striatum,3000,822,0.0344346078993382,2.5295011851088627,False
1206,striatum,3000,823,0.020014511706518055,1.2757675513293245,False
1206,striatum,3000,1105,0.10900971709411363,6.408048865641632,False
1206,striatum,3000,1106,0.040277477575277304,1.6424861407505364,False
1206,striatum,3000,1201,0.061224459887984944,3.9577969825229844,False
1206,striatum,3000,1206,0.44529241796383096,9.991501431129434,True
1206,striatum,3000,1212,0.04177678978938892,2.0201953938578168,False
1206,striatum,3000,409,0.02295380381153508,1.4828106412271609,False
1206,striatum,3000,418,0.04957467628722432,2.195794697834189,False
1206,striatum,3000,703,0.06707720058922424,4.1861675497424695,False
1206,striatum,4800,523,0.036578947003420674,1.7764272867157642,False
1206,striatum,4800,614,0.02195856775443319,1.413527289672179,False
1206,striatum,4800,624,0.06519554390851091,3.3038106727649827,False
1206,striatum,4800,727,0.009422995809858009,0.7242035482887151,False
1206,striatum,4800,730,0.011351218573672167,0.7014616347703113,False
1206,striatum,4800,731,0.021579287686436226,1.0796773039035907,False
1206,striatum,4800,822,0.013452202529344648,0.7301099031426224,False
1206,striatum,4800,823,0.13050489726313644,1.1493340645923316,False
1206,striatum,4800,1105,0.008199101364255225,0.5866290949926569,False
1206,striatum,4800,1106,0.020703724091579962,0.8175025402252091,False
1206,striatum,4800,1201,0.0146453443136662,0.45153296864634707,False
1206,striatum,4800,1206,0.37726744636898574,14.23456229237149,True
1206,striatum,4800,1212,0.013360835911938948,0.6308200856221067,False
1206,striatum,4800,409,0.03505890631599169,1.5567632184439786,False
1206,striatum,4800,418,0.028768430610607288,1.053582249928261,False
1206,striatum,4800,703,0.01656751542861246,0.7704036587225402,False
1206,visual,1200,1105,0.007855353688718397,0.6743782422871258,False
1206,visual,1200,1106,0.01129194304564489,0.709338133632242,False
1206,visual,1200,1201,0.01207364051496794,0.7448685950441377,False
1206,visual,1200,1206,0.40649535764008227,21.43761975679769,True
1206,visual,1200,1212,0.03066351483866447,2.111568239444863,False
1206,visual,3000,1105,0.010480772630958377,0.6161038204592066,False
1206,visual,3000,1106,0.038688009288190515,1.5776687840075958,False
1206,visual,3000,1201,0.019307919710609467,1.248142107080355,False
1206,visual,3000,1206,0.4957266959811919,11.12314917687967,True
1206,visual,3000,1212,0.014405141400780625,0.6965877572795004,False
1206,visual,4800,1105,0.033619084144368386,2.405377373680545,False
1206,visual,4800,1106,0.013859003482881604,0.5472334591656125,False
1206,visual,4800,1201,0.032434717574602694,1.0,False
1206,visual,4800,1206,0.4027431183381616,15.195777056792435,True
1206,visual,4800,1212,0.021180105415893127,1.0,False
1212,striatum,1200,523,0.01468355858357188,1.0,False
1212,striatum,1200,614,0.01623153280825383,1.1636767991032309,False
1212,striatum,1200,624,0.015940547791588003,0.7558087051562277,False
1212,striatum,1200,727,0.024418322273032006,2.0199433446225354,False
1212,striatum,1200,730,0.011083271501565147,1.0,False
1212,striatum,1200,731,0.015610270743372673,1.0,False
1212,striatum,1200,822,0.009660508152371348,0.6569583405625186,False
1212,striatum,1200,823,0.01611064083000003,1.0,False
1212,striatum,1200,1105,0.009720447106154136,0.8344955928728777,False
1212,striatum,1200,1106,0.019693946225907925,1.2371358058812674,False
1212,striatum,1200,1201,0.012551644932676834,0.7743584973318787,False
1212,striatum,1200,1206,0.027939445264744758,1.4734613631966365,False
1212,striatum,1200,1212,0.26326810806727363,18.12931682419631,True
1212,striatum,1200,409,0.019667524074695537,1.1565041670371792,False
1212,striatum,1200,418,0.012630612568149452,0.8268760179344783,False
1212,striatum,1200,703,0.012628574111358879,0.9526239063649181,False
1212,striatum,3000,523,0.04591433175169577,3.143910901018689,False
1212,striatum,3000,614,0.03271203834154811,2.4673092279586752,False
1212,striatum,3000,624,0.06239847282546135,2.659291807515293,False
1212,striatum,3000,727,0.03635213527015868,2.7454500047022616,False
1212,striatum,3000,730,0.01245598032326557,0.7771262452889832,False
1212,striatum,3000,731,0.009413164574086797,0.9414169620909151,False
1212,striatum,3000,822,0.013613200935446974,1.0,False
1212,striatum,3000,823,0.04091168893929523,2.6077980809211505,False
1212,striatum,3000,1105,0.029537250453418273,1.7363235985539531,False
1212,striatum,3000,1106,0.050753281664164616,2.069681786184317,False
1212,striatum,3000,1201,0.017996403143758614,1.1633603659215428,False
1212,striatum,3000,1206,0.05995579835812203,1.345292263988968,False
1212,striatum,3000,1212,0.30502139982733384,14.749884566663269,True
1212,striatum,3000,409,0.04139201039140163,2.6739147016370217,False
1212,striatum,3000,418,0.10153663837937299,4.4973286542022475,False
1212,striatum,3000,703,0.0311588926134838,1.9445704948728946,False
1212,striatum,4800,523,0.017581405755916865,0.8538268999572802,False
1212,striatum,4800,614,0.013892137143635588,0.8942712103995465,False
1212,striatum,4800,624,0.01976959992007682,1.0018325072017236,False
1212,striatum,4800,727,0.016805007198428392,1.2915474110035319,False
1212,striatum,4800,730,0.045286403945308036,2.798525527296564,False
1212,striatum,4800,731,0.023278757725698134,1.1647069516249355,False
1212,striatum,4800,822,0.02780403284891082,1.5090465435686187,False
1212,striatum,4800,823,0.18613622940593755,1.639269587559349,False
1212,striatum,4800,1105,0.012664421363682796,0.9061136962608779,False
1212,striatum,4800,1106,0.04572537619512473,1.805501803777909,False
1212,striatum,4800,1201,0.021962860859581334,0.6771404994991811,False
1212,striatum,4800,1206,0.018317984267880266,0.6911502453800321,False
1212,striatum,4800,1212,0.15142357523202984,7.149330575021814,True
1212,striatum,4800,409,0.022520384539296792,1.0,False
1212,striatum,4800,418,0.06944155424472058,2.543148423699282,False
1212,striatum,4800,703,0.05808194751123757,2.700860310720442,False
1212,visual,1200,1105,0.011393131576731682,0.9780947302088687,False
1212,visual,1200,1106,0.012329806503216856,0.774534718930566,False
1212,visual,1200,1201,0.00849179538682269,0.5238910079642787,False
1212,visual,1200,1206,0.06428104749105606,3.390032943259458,False
1212,visual,1200,1212,0.17209024325947966,11.850575313918725,True
1212,visual,3000,1105,0.01523941966670444,0.8958370731661628,False
1212,visual,3000,1106,0.03943074175373811,1.6079568719015656,False
1212,visual,3000,1201,0.014138247580150129,0.9139535687739446,False
1212,visual,3000,1206,0.038932193296933225,0.8735631898293673,False
1212,visual,3000,1212,0.30970962149032805,14.97659235959596,True
1212,visual,4800,1105,0.013976636062276893,1.0,False
1212,visual,4800,1106,0.08580546904221355,3.3880952333475602,False
1212,visual,4800,1201,0.053059089684794836,1.6358733373507655,False
1212,visual,4800,1206,0.026240796876612044,0.9900834576017848,False
1212,visual,4800,1212,0.2290977693933107,10.816649157062283,True
