cohort,mouse_id,probe,file,size_gb,n_samples,duration_min,n_channels,dtype,chunks,compression,depth_matches_geometry,depth_max_abs_error_um,channels_are_1_to_n,spike_n_bins,grid_compatible,vr_first_s,vr_last_s,exact_zero_fraction,nonfinite_fraction,padding_start_s,dead_channel_count,median_channel_rms,lf_hf_ratio,loglog_slope_2_40hz,adjacent_r,distant_r,common_mean_residual,common_median_residual,fingerprint,elapsed_s,notes,line_ratio_50Hz,line_ratio_75Hz,line_ratio_151Hz,n_ch_DMS,n_ch_DLS,n_ch_ACC,n_ch_V1,n_ch_CA1,n_ch_DG
task,523,striatum,523_voltage_data_384ch.mat,5.239065034,8400000,140.0,384,float32,"(42, 384)",gzip,True,0.0,True,8400000,True,28.87352886325862,7228.767002455652,0.07091223307291666,0.0,7880.0,0,6.251868867003964e-06,89.1979649032092,-0.9073051254933384,0.8650609395082327,0.004165990864494125,0.12028796198502635,0.06373078371219064,7b4e8cf430a821e478be6264b9a1b699ffe4a7a7,59.70052409172058,,6.183683385128266,0.9752223272277579,0.9852417442949271,52,52,52,0,0,0
task,614,striatum,614_voltage_data_384ch.mat,5.103207258,8400000,140.0,384,float32,"(42, 384)",gzip,True,0.0,True,8400000,True,17.3902952938855,7217.266788554913,0.06509087983630953,0.0,7952.0,0,8.04625646378557e-06,54.92446024633443,-0.7818930942595241,0.8251255389854175,0.013922014146694934,0.14660026150413008,0.06264004062640892,a7d617faf132da70fec69e80578606558f3c01a3,58.45084810256958,,2.003627595441924,1.0313069167179807,0.9931423505369322,50,46,52,0,0,0
task,624,striatum,624_voltage_data_384ch.mat,5.051308047,8400000,140.0,384,float32,"(42, 384)",gzip,True,0.0,True,8400000,True,14.94043007759733,7214.822034567991,0.07534010881696429,0.0,7863.0,0,9.343599453440698e-06,339.01807445798715,-1.6586841495747564,0.9005779216298503,0.006853083707103641,0.15141766672841028,0.053539487638024186,e2a101503e6becb95487dd8d6782e026c29dda1c,58.01279926300049,,1.8526661997814233,1.0635090353840064,0.9898161777696287,52,32,72,0,0,0
task,727,striatum,727voltage_data_384ch.mat,5.221837417,8400000,140.0,384,float32,"(42, 384)",gzip,True,0.0,True,8400000,True,10.016720777636555,7209.9145953010375,0.043759688120039685,0.0,8135.0,0,9.165099681580792e-06,359.1139767432626,-1.686996103801265,0.871682066251778,-0.03543631031869297,0.15653086423551243,0.06021820339692548,ff4f4f400c819ed8705095dcfc0da419bad0bb73,59.73381018638611,,5.882381549719776,1.037827271453732,1.0200509364498076,52,110,52,0,0,0
task,730,striatum,730_voltage_data_384ch.mat,5.132155461,8400000,140.0,384,float32,"(42, 384)",gzip,True,0.0,True,8400000,True,15.176572210164386,7215.036472813365,0.06276123790922619,0.0,7969.0,0,8.437315746718584e-06,71.92862980678633,-0.9269647501931823,0.8282566689927933,-0.03781299113525555,0.16278493832065777,0.06152019171884837,d913905027bc09e2990235e57e0939f8ebb4816e,59.39914679527283,,13.760866296151864,1.0315879618832842,1.009221981216252,52,140,102,0,0,0
task,731,striatum,731_voltage_data_384ch.mat,5.142176092,8400000,140.0,384,float32,"(42, 384)",gzip,True,0.0,True,8400000,True,27.49383376446257,7227.347247061736,0.05799968905009921,0.0,8013.0,0,8.630660504056372e-06,770.5116694569672,-1.8910002903722352,0.9508406386853231,-0.04991102331369619,0.165354506005852,0.03632267143643848,68efa639b8d0012590039e1f6c5da1cf6fc6be4b,58.98654007911682,,1.8417939269346677,0.9931994182347911,0.972514214854845,32,0,72,0,0,0
task,822,striatum,822_voltage_data_384ch.mat,5.273422304,8400000,140.0,384,float32,"(42, 384)",gzip,True,0.0,True,8400000,True,10.920395796961808,7210.824781971158,0.06944140966021825,0.0,7908.0,0,1.1015654384165672e-05,21342.934852701757,-2.8942042704202775,0.8474583410722569,-0.05487621632516975,2.4155394937927497,0.03393559628018215,fd3bb764ff889aad41bc52c0b270121f913e9926,57.665077924728394,,16.139918467640655,1.0501235463826193,0.9894392966886033,50,96,66,0,0,0
task,823,striatum,823_voltage_data_384ch.mat,5.217864313,8400000,140.0,384,float32,"(42, 384)",gzip,True,0.0,True,8400000,True,10.52225798857676,7210.40502146008,0.05865756169394841,0.0,7998.0,0,1.2617019452159018e-05,1145.3879615622227,-1.852010622600396,0.5197864565493926,0.105968903631591,0.17951613565362118,0.03037838671545523,4fa6d9439d12a7cdf660611ad771e5718d90af55,61.406240940093994,,1.44637995909423,1.0101792173276642,0.9565527946602836,52,0,82,0,0,0
task,1105,striatum,1105_voltage_data_384ch.mat,6.10016877,8400000,140.0,384,float32,"(42, 384)",gzip,True,0.0,True,8400000,True,588.799475,7788.746753,0.0049640197172619045,0.0,,0,0.00032034885405568027,989.0857177874233,-2.049640476993549,0.9352580529584251,0.061206592679223445,0.8319108979082586,0.03249363531319928,b18c4e9b1ecb311cbf2a42d7334a6ecc8bcf936c,62.64291310310364,,1097.1975736192703,1.0041479516464036,9.47129101068269,60,66,50,0,0,0
task,1105,visual,1105_v1_voltage_data_384ch.mat,5.880011467,8400000,140.0,384,float32,"(42, 384)",gzip,True,0.0,True,8400000,True,588.799475,7788.746753,0.006757469618055556,0.0,,0,0.00024481571507701703,633.0813686771259,-2.0679104333323797,0.9554753353394244,0.01144005667583911,1.1795917290226228,0.03652165313574904,75a64769e3b01240f50ad665d9ed6103fe26009e,65.38033604621887,,1347.6513601665333,0.985814677852658,9.42249034946284,0,0,0,92,0,0
task,1106,striatum,1106_voltage_data_384ch.mat,5.686244467,8400000,140.0,384,float32,"(42, 384)",gzip,True,0.0,True,8400000,True,669.1204487188634,7868.933386383848,0.00886879402281746,0.0,,0,0.0001619780032965864,161.80678617481396,-1.3393596012658748,0.846927259070899,0.056511482143445334,0.13580968297526314,0.07536227412761769,2eea57f86ff6dca7c701eda53dbfbb270a22b218,60.519538164138794,,10.704444927665943,1.0373099872150515,1.019252864968436,52,82,72,0,0,0
task,1106,visual,1106_v1_voltage_data_384ch.mat,5.658488677,8400000,140.0,384,float32,"(42, 384)",gzip,True,0.0,True,8400000,True,669.1204487188634,7868.933386383848,0.008544536830357143,0.0,,0,0.00019123668829473372,600.6680406142603,-1.7781437045505568,0.9373779683370997,-0.08461910449433956,0.6358508308192651,0.05400127260818059,a70f9de6adf2cda5e1becbea3832be027ccdf5da,64.148512840271,,449.9719425488495,0.9372224263626885,1.3345361519803651,0,0,0,52,0,0
task,1201,striatum,1201_voltage_data_384ch.mat,5.521005957,8400000,140.0,384,float32,"(42, 384)",gzip,True,0.0,True,8400000,True,638.7728861413693,7838.542032335831,0.010674622705853174,0.0,,0,0.00019962950048253703,149.25355597285912,-1.097618976297546,0.9050470494620366,-0.05130232075209807,0.13143691287711962,0.05963210407815278,d55965a1eb92f1f78c2a58bb625f962cb940cd11,57.143316984176636,,14.61104040386002,0.923660734827185,0.9902873769992123,60,46,50,0,0,0
task,1201,visual,1201_v1_voltage_data_384ch.mat,5.982209958,8400000,140.0,384,float32,"(42, 384)",gzip,True,0.0,True,8400000,True,638.7728861413693,7838.542032335831,0.007300648561507936,0.0,,0,0.00030456965519712917,400.59731967337126,-1.335124419262266,0.9714582420108896,-0.1530340300266127,0.21825791948704476,0.028422269703129992,f20012025e697a1edbcb6995281fcfc94f8d7eba,59.61974811553955,,66.70383767249915,1.0338836691926638,1.4445327376235138,0,0,0,102,60,42
task,1206,striatum,1206_voltage_data_384ch.mat,5.461481139,8400000,140.0,384,float32,"(42, 384)",gzip,True,0.0,True,8400000,True,657.5643777891794,7857.205860380624,0.011591824156746032,0.0,,0,0.00017169698285532056,712.742452096356,-1.7806680338749563,0.8609442414019711,-0.0688080498593043,0.1997902547376249,0.06816698750398648,0100897143eae773b0009734f578c8fd50c35c45,56.81766200065613,,8.009330132816949,1.0012011354073374,1.0206455794801952,72,0,0,0,0,0
task,1206,visual,1206_v1_voltage_data_384ch.mat,5.855728032,8400000,140.0,384,float32,"(42, 384)",gzip,True,0.0,True,8400000,True,657.5643777891794,7857.205860380624,0.007748275979662699,0.0,,0,0.000247750074628062,454.24440321249386,-1.4600123461221512,0.9587011099671743,-0.037798466518463414,0.18396343428042378,0.03402144249425823,70af2c109c7431c515320c4ebe724acd20b4b813,58.62148475646973,,1.4780044249725348,1.007318532078173,0.9748978562958053,0,0,0,94,60,78
task,1212,striatum,1212_voltage_data_384ch.mat,5.748334655,8400000,140.0,384,float32,"(42, 384)",gzip,True,0.0,True,11400000,False,652.2593790000001,10878.609333,0.0063016152033730155,0.0,,0,0.00021096454318328108,476.65463791474434,-1.8009058680440564,0.8409455334782936,0.12606016579439916,0.3399788002561306,0.08408418462325146,89ed854185da9275cf7689d8b3d0239588db5955,58.19548296928406,GRID MISMATCH: LFP 8400000 samples vs binned_spikes 11400000 bins,160.9211897616843,0.9833337686269616,2.0802503632352147,62,32,42,0,0,0
task,1212,visual,1212_v1_voltage_data_384ch.mat,5.915199038,8400000,140.0,384,float32,"(42, 384)",gzip,True,0.0,True,11400000,False,652.2593790000001,10878.609333,0.0067033503844246035,0.0,,0,0.000267378575445679,572.2960167912146,-1.3180427393984369,0.956875420522671,-0.09600303095155106,0.3019518073442767,0.035856097827181126,c3e9b31d23f3931a59e58867c15b388250d4c90c,59.227160930633545,GRID MISMATCH: LFP 8400000 samples vs binned_spikes 11400000 bins,1.4515775395451964,0.963129761919067,1.1117864023035928,0,0,0,126,44,22
