cohort,mouse_id,probe,learning_point,n_trials,band,area_a,area_b,n_ch_a,n_ch_b,n_samples,separation_um,heldout_cc1,null_median,null_p95,ceiling_a,ceiling_b
task,1105,striatum,44,200,theta,ACC,DLS,50,66,9997,1880.0,0.7009840018062261,0.10813956877661869,0.1456627952989465,0.9932916388476707,0.9991842928131082
task,1105,striatum,44,200,theta,ACC,DMS,50,60,9997,1050.0,0.3988254225741587,0.07300912949150525,0.09814391969146821,0.9932916497741157,0.9952913560489961
task,1105,striatum,44,200,theta,DLS,DMS,66,60,9997,830.0,0.9463440160872526,0.03666669261845161,0.06073828433507422,0.9991842824713721,0.995291356238396
task,1105,striatum,44,200,beta,ACC,DLS,50,66,9997,1880.0,0.5437265923200344,0.06773599704592284,0.09237380001772626,0.9922933593777805,0.9978674308654504
task,1105,striatum,44,200,beta,ACC,DMS,50,60,9997,1050.0,0.4476130187143779,0.022037930604370704,0.03233566935904398,0.9922935504496603,0.9930077002480662
task,1105,striatum,44,200,beta,DLS,DMS,66,60,9997,830.0,0.873451067879797,0.008203364310590565,0.02115627338434329,0.9978670791609989,0.9930077096733929
task,1105,striatum,44,200,low_gamma,ACC,DLS,50,66,9997,1880.0,0.8772154144502443,0.11290901472225294,0.15780565986879241,0.992352763054202,0.9983926077344079
task,1105,striatum,44,200,low_gamma,ACC,DMS,50,60,9997,1050.0,0.6355099723639924,0.04869622274124462,0.07419644570201857,0.9923527687890877,0.9927644695419345
task,1105,striatum,44,200,low_gamma,DLS,DMS,66,60,9997,830.0,0.8910492253305798,0.024143211867334795,0.05977472218122255,0.9983925690219607,0.9927644705666271
task,1105,striatum,44,200,high_gamma,ACC,DLS,50,66,9997,1880.0,0.8406315949582326,0.11808905909013989,0.16153764632047496,0.9886531515486456,0.9959684696696474
task,1105,striatum,44,200,high_gamma,ACC,DMS,50,60,9997,1050.0,0.6173368887904396,0.07418671102811913,0.11439002730248748,0.988653469707678,0.9860704876383615
task,1105,striatum,44,200,high_gamma,DLS,DMS,66,60,9997,830.0,0.9014139180140249,0.07189758770380758,0.11072295792892729,0.9959685010405231,0.9860703928950002
task,1105,striatum,44,200,total,ACC,DLS,50,66,9997,1880.0,0.8526544349204997,0.10197379901310463,0.14161979815739598,0.9920487483197963,0.9979846625707974
task,1105,striatum,44,200,total,ACC,DMS,50,60,9997,1050.0,0.839086041246195,0.11298170870189383,0.15830205627531926,0.9920489246835213,0.993639723741816
task,1105,striatum,44,200,total,DLS,DMS,66,60,9997,830.0,0.9244550072490786,0.07204050422142314,0.10971663169850937,0.9979846645715768,0.9936397191431054
task,1106,striatum,67,189,theta,ACC,DLS,72,82,9141,1650.0,0.5088574046566064,0.010030651467973061,0.02192961190006757,0.9697272128259794,0.9976533755158309
task,1106,striatum,67,189,theta,ACC,DMS,72,52,9141,800.0,0.390786129841728,0.011426981966174142,0.04038276098418572,0.9697231943323721,0.9795511696074631
task,1106,striatum,67,189,theta,DLS,DMS,82,52,9141,850.0,0.6275625779082367,0.015913098345066202,0.03945659476150249,0.9976533444314254,0.9795514632633369
task,1106,striatum,67,189,beta,ACC,DLS,72,82,9141,1650.0,0.45204162852170704,0.007377888757064301,0.017764976809802633,0.953753429054765,0.9963234309992908
task,1106,striatum,67,189,beta,ACC,DMS,72,52,9141,800.0,0.36305871563702147,0.007113091539595967,0.02394020985738112,0.953759445048037,0.9495072828021861
task,1106,striatum,67,189,beta,DLS,DMS,82,52,9141,850.0,0.41481634645499105,0.013931710737128372,0.037996892019714804,0.996323451864923,0.9495073237220767
task,1106,striatum,67,189,low_gamma,ACC,DLS,72,82,9141,1650.0,0.7035395750618566,0.007177398788611199,0.031123877974290313,0.9760797888748906,0.9984347303005087
task,1106,striatum,67,189,low_gamma,ACC,DMS,72,52,9141,800.0,0.5255887413932604,0.00826349766531736,0.029276674776818983,0.9760809516192629,0.9625389376376503
task,1106,striatum,67,189,low_gamma,DLS,DMS,82,52,9141,850.0,0.6344985682751795,0.008050995167952213,0.03024390941701698,0.9984347750595997,0.9625383115071231
task,1106,striatum,67,189,high_gamma,ACC,DLS,72,82,9141,1650.0,0.42955146996255145,0.007410311732836012,0.034931871828713386,0.9411003521007812,0.9878476226221655
task,1106,striatum,67,189,high_gamma,ACC,DMS,72,52,9141,800.0,0.6003964511083919,0.014079339353608993,0.030401203068978498,0.9411004159413378,0.929166918784468
task,1106,striatum,67,189,high_gamma,DLS,DMS,82,52,9141,850.0,0.4355564572548043,0.012462742460297993,0.024893845896910245,0.9878473713168646,0.9291748476864656
task,1106,striatum,67,189,total,ACC,DLS,72,82,9141,1650.0,0.6009813891766345,0.009556167880700073,0.026617732604697995,0.972952795932537,0.997525560971041
task,1106,striatum,67,189,total,ACC,DMS,72,52,9141,800.0,0.4806997111574107,0.010281749865676773,0.029318318102166334,0.9729534052485318,0.9746324109951097
task,1106,striatum,67,189,total,DLS,DMS,82,52,9141,850.0,0.5958523715687137,0.011794756367190276,0.02354697591726544,0.9975256219524075,0.9746335150443143
task,1201,striatum,84,200,theta,ACC,DLS,50,46,9959,1980.0,0.2763471749634909,0.012063871218703406,0.03304626032562758,0.9921418882398052,0.9957430204050723
task,1201,striatum,84,200,theta,ACC,DMS,50,60,9959,1350.0,0.26675223374476886,0.014372832770082057,0.03449391780883249,0.9921419688234777,0.9960446200289974
task,1201,striatum,84,200,theta,DLS,DMS,46,60,9959,630.0,0.8831196032118803,0.010775849928060962,0.02928118346760575,0.9957429574002289,0.9960451291032439
task,1201,striatum,84,200,beta,ACC,DLS,50,46,9959,1980.0,0.12667432374482057,0.011254607074788857,0.024168427062260862,0.9922375395685292,0.9933147105550856
task,1201,striatum,84,200,beta,ACC,DMS,50,60,9959,1350.0,0.1683033221285504,0.008194126215213676,0.022285382723036994,0.9922375376078894,0.9870231439793842
task,1201,striatum,84,200,beta,DLS,DMS,46,60,9959,630.0,0.7206377056953761,0.008538546610983034,0.022939562200349744,0.993314665013759,0.9870227533412492
task,1201,striatum,84,200,low_gamma,ACC,DLS,50,46,9959,1980.0,0.09158224122892533,0.014976020427207313,0.029021841274626106,0.9938972153818745,0.9955803503179946
task,1201,striatum,84,200,low_gamma,ACC,DMS,50,60,9959,1350.0,0.20304715465356202,0.006895156526516129,0.023752644837360677,0.993897193774674,0.9907871405768344
task,1201,striatum,84,200,low_gamma,DLS,DMS,46,60,9959,630.0,0.7504384504755863,0.004512099539258254,0.02353850690460793,0.9955810231672392,0.990787176342022
task,1201,striatum,84,200,high_gamma,ACC,DLS,50,46,9959,1980.0,0.3018642197060051,0.007867341699678414,0.028543529363049838,0.9884268356750885,0.9813784368053997
task,1201,striatum,84,200,high_gamma,ACC,DMS,50,60,9959,1350.0,0.3202135632203502,0.00857136299968264,0.023502366749424772,0.9884268061529058,0.9714508102105955
task,1201,striatum,84,200,high_gamma,DLS,DMS,46,60,9959,630.0,0.6544251176002803,0.010936428810113471,0.03544034284342303,0.9813824877595457,0.9714478316338201
task,1201,striatum,84,200,total,ACC,DLS,50,46,9959,1980.0,0.29699499233441756,0.02026110766601166,0.039073294502993225,0.9910828205205223,0.9924456369289071
task,1201,striatum,84,200,total,ACC,DMS,50,60,9959,1350.0,0.24308876811605354,0.010905910540985716,0.023689773776466513,0.9910828350108157,0.991491311015037
task,1201,striatum,84,200,total,DLS,DMS,46,60,9959,630.0,0.8704835000350705,0.010480977815944774,0.03268400555710889,0.9924447990147832,0.9914913703706032
task,1201,visual,84,200,theta,CA1,DG,60,42,9959,510.0,0.9398704470373795,0.020235352738433618,0.04748191778660048,0.9985739887953826,0.9996458491877764
task,1201,visual,84,200,theta,CA1,V1,60,102,9959,890.0,0.9080860653329854,0.04646703804971676,0.07425677531064133,0.9985739887949157,0.99946418298687
task,1201,visual,84,200,theta,DG,V1,42,102,9959,1400.0,0.6479402882167222,0.012812305544077314,0.04535298262743859,0.9996458491877769,0.99946418298687
task,1201,visual,84,200,beta,CA1,DG,60,42,9959,510.0,0.918782744746037,0.013444876890245752,0.02526919487999315,0.9981211613964017,0.9991753578586839
task,1201,visual,84,200,beta,CA1,V1,60,102,9959,890.0,0.7626987374958543,0.010613338638700379,0.028324107783346448,0.998121161395798,0.9980236875231278
task,1201,visual,84,200,beta,DG,V1,42,102,9959,1400.0,0.5153977645259231,0.00809243818759266,0.027141747097976947,0.9991753578590473,0.9980236875234507
task,1201,visual,84,200,low_gamma,CA1,DG,60,42,9959,510.0,0.8979785407404822,0.010638191935471069,0.021541924943278515,0.9989256687235379,0.9994271336216282
task,1201,visual,84,200,low_gamma,CA1,V1,60,102,9959,890.0,0.8071491819530449,0.008674653365853408,0.02210848849230287,0.9989256687362515,0.9987124294660173
task,1201,visual,84,200,low_gamma,DG,V1,42,102,9959,1400.0,0.6168266934332243,0.009872751833905817,0.02428019998760777,0.9994271336191514,0.9987124294663959
task,1201,visual,84,200,high_gamma,CA1,DG,60,42,9959,510.0,0.8714284312881931,0.009904955563521316,0.020656362956239092,0.9973463335291177,0.9982452740349482
task,1201,visual,84,200,high_gamma,CA1,V1,60,102,9959,890.0,0.7591880634464393,0.01067246464604181,0.02691750091300983,0.9973463348754752,0.9953369892239966
task,1201,visual,84,200,high_gamma,DG,V1,42,102,9959,1400.0,0.49420224432543236,0.011234640715654075,0.03167346395593293,0.9982452740162934,0.9953369891275341
task,1201,visual,84,200,total,CA1,DG,60,42,9959,510.0,0.9086656081881974,0.020462759665682922,0.030521154382624267,0.9971738740245896,0.9993503518796757
task,1201,visual,84,200,total,CA1,V1,60,102,9959,890.0,0.8574253856486215,0.017323623480652063,0.031049644040510437,0.997173874018064,0.9988610190476341
task,1201,visual,84,200,total,DG,V1,42,102,9959,1400.0,0.5442195884598492,0.012119888958897672,0.028105691397270913,0.9993503518796636,0.9988610190476386
task,1206,visual,,104,theta,CA1,DG,60,78,5167,690.0,0.9074029940709186,0.047017114309533634,0.0974175626411379,0.9985260401896635,0.9985536846281037
task,1206,visual,,104,theta,CA1,V1,60,94,5167,870.0,0.8504784945104749,0.03964609698468303,0.08585320023367363,0.99852604019808,0.9987374232447652
task,1206,visual,,104,theta,DG,V1,78,94,5167,1560.0,0.8241211701178552,0.02640625247286213,0.06630149935784906,0.9985536846297992,0.9987374232507765
task,1206,visual,,104,beta,CA1,DG,60,78,5167,690.0,0.8856537217217969,0.011402058581053675,0.04202106256519364,0.9984527981803858,0.9988667857970644
task,1206,visual,,104,beta,CA1,V1,60,94,5167,870.0,0.7512663157881329,0.06287630554339264,0.16204721622874574,0.9984527981555915,0.9982670874937645
task,1206,visual,,104,beta,DG,V1,78,94,5167,1560.0,0.5761015912321834,0.034584087200650815,0.09158982689778758,0.9988667857970468,0.9982670874489926
task,1206,visual,,104,low_gamma,CA1,DG,60,78,5167,690.0,0.9121153859992082,0.013314842025564795,0.037136751055489955,0.9985351377748644,0.9993501161195363
task,1206,visual,,104,low_gamma,CA1,V1,60,94,5167,870.0,0.7642918326174786,0.02333704933990923,0.08755070338429594,0.9985351377814722,0.9980370490535979
task,1206,visual,,104,low_gamma,DG,V1,78,94,5167,1560.0,0.5024385577615178,0.017618492562541107,0.04153284824612641,0.999350116119473,0.9980370491773324
task,1206,visual,,104,high_gamma,CA1,DG,60,78,5167,690.0,0.8321898827750349,0.01091198898060677,0.06964754096660068,0.9964403848000819,0.9982852043662372
task,1206,visual,,104,high_gamma,CA1,V1,60,94,5167,870.0,0.5184068164782626,0.0635400275401452,0.16135383629595593,0.9964403828798755,0.9919005616937591
task,1206,visual,,104,high_gamma,DG,V1,78,94,5167,1560.0,0.3064748254514768,0.040307354772059684,0.08902089744060515,0.9982852042964001,0.991900559539152
task,1206,visual,,104,total,CA1,DG,60,78,5167,690.0,0.88784466256064,0.0303242805908861,0.05090624100455803,0.9984316250385087,0.9989056701936561
task,1206,visual,,104,total,CA1,V1,60,94,5167,870.0,0.8335698323698525,0.13061282127695953,0.2066909446989162,0.9984316257268023,0.9987030331466704
task,1206,visual,,104,total,DG,V1,78,94,5167,1560.0,0.6483036642575606,0.032101575384570674,0.08278725319967545,0.9989056701934411,0.9987030332835692
task,1212,striatum,23,155,theta,ACC,DLS,42,32,7688,2350.0,0.8776772849917052,0.011880931765885732,0.0291352309466466,0.9914531944454198,0.9963230968412765
task,1212,striatum,23,155,theta,ACC,DMS,42,62,7688,1700.0,0.9064626097211277,0.02445271466182688,0.07678547948126775,0.9914531932996651,0.9970833156367538
task,1212,striatum,23,155,theta,DLS,DMS,32,62,7688,650.0,0.9498733089679858,0.037816254219407465,0.08214902551666291,0.9963230974883015,0.9970833155132508
task,1212,striatum,23,155,beta,ACC,DLS,42,32,7688,2350.0,0.9338824851793172,0.032586988957266444,0.09168305231680632,0.9796813677165164,0.9883177185391887
task,1212,striatum,23,155,beta,ACC,DMS,42,62,7688,1700.0,0.9423446124204916,0.020358397198010365,0.08597806075411293,0.9796813633047977,0.99551944459429
task,1212,striatum,23,155,beta,DLS,DMS,32,62,7688,650.0,0.9802182063859517,0.02227470921007846,0.08478368158391061,0.9883177190674615,0.9955194453036196
task,1212,striatum,23,155,low_gamma,ACC,DLS,42,32,7688,2350.0,0.8868248991648126,0.022496940762211058,0.06225897454550517,0.978348815658198,0.9889212020817877
task,1212,striatum,23,155,low_gamma,ACC,DMS,42,62,7688,1700.0,0.8776371678969036,0.0223051799441197,0.053515752906995694,0.9783488131100764,0.9948166957498554
task,1212,striatum,23,155,low_gamma,DLS,DMS,32,62,7688,650.0,0.9693382394843568,0.016905806590103913,0.056973419944368324,0.988921158180765,0.9948166969490482
task,1212,striatum,23,155,high_gamma,ACC,DLS,42,32,7688,2350.0,0.8913464863810474,0.03042887399014828,0.048714486920421116,0.9788693502999744,0.9848990831330394
task,1212,striatum,23,155,high_gamma,ACC,DMS,42,62,7688,1700.0,0.8960319790381545,0.04061592940385518,0.08629287766559915,0.9788610808137173,0.9953445060128833
task,1212,striatum,23,155,high_gamma,DLS,DMS,32,62,7688,650.0,0.971276740465026,0.04452855895795502,0.08305299560398136,0.9848990880124032,0.9953445483934702
task,1212,striatum,23,155,total,ACC,DLS,42,32,7688,2350.0,0.9073309776798177,0.021638226925929913,0.06367792665304349,0.9862527877327603,0.9935882090073919
task,1212,striatum,23,155,total,ACC,DMS,42,62,7688,1700.0,0.9271765750969536,0.0415282639024184,0.1110261998025662,0.9862527873558008,0.9965915110991044
task,1212,striatum,23,155,total,DLS,DMS,32,62,7688,650.0,0.9680341763926376,0.03375234639959003,0.08472285966448143,0.993588209019503,0.9965915109616279
task,1212,visual,23,155,theta,CA1,DG,44,22,7688,330.0,0.9649730753452599,0.06445275300442325,0.08950602586505144,0.999679860113339,0.9993788762068019
task,1212,visual,23,155,theta,CA1,V1,44,126,7688,1290.0,0.5909298011280913,0.1196279103469104,0.14914833866233376,0.9996798601133403,0.9991359406792858
task,1212,visual,23,155,theta,DG,V1,22,126,7688,1620.0,0.5305231630122074,0.0882073234254921,0.11615904268346942,0.9993788762068018,0.9991359406792858
task,1212,visual,23,155,beta,CA1,DG,44,22,7688,330.0,0.9847879752468943,0.012379336210498724,0.030835855449585413,0.9996233537935652,0.9991087611074165
task,1212,visual,23,155,beta,CA1,V1,44,126,7688,1290.0,0.5198689060434699,0.02538104898586597,0.06133660501711493,0.9996233538014745,0.9982190065279125
task,1212,visual,23,155,beta,DG,V1,22,126,7688,1620.0,0.4554233744324461,0.010361762424707363,0.02459009075033401,0.999108761107417,0.9982190065279045
task,1212,visual,23,155,low_gamma,CA1,DG,44,22,7688,330.0,0.9933620008136903,0.015184833485138063,0.031025933506884134,0.9998498073591023,0.9995832754824218
task,1212,visual,23,155,low_gamma,CA1,V1,44,126,7688,1290.0,0.6596109817896525,0.026186920770529313,0.051501236551104,0.9998498073496879,0.9987292643321583
task,1212,visual,23,155,low_gamma,DG,V1,22,126,7688,1620.0,0.6330350534095399,0.017162586269361145,0.052360423698045354,0.9995832754824217,0.9987292643321725
task,1212,visual,23,155,high_gamma,CA1,DG,44,22,7688,330.0,0.9738768739767268,0.023388889790766164,0.05874517480261531,0.9993496972724865,0.9984524155651194
task,1212,visual,23,155,high_gamma,CA1,V1,44,126,7688,1290.0,0.41097973957535483,0.051287872444642085,0.08378874401274224,0.9993496972432011,0.9935597971374929
task,1212,visual,23,155,high_gamma,DG,V1,22,126,7688,1620.0,0.40795808493563934,0.030839163174919536,0.053341397958629966,0.9984524155651194,0.9935597969109262
task,1212,visual,23,155,total,CA1,DG,44,22,7688,330.0,0.9894911925645151,0.016696591420008896,0.09423331995421967,0.9997826767180382,0.9994628979695412
task,1212,visual,23,155,total,CA1,V1,44,126,7688,1290.0,0.5986760787945831,0.11965060276328784,0.16558607241783563,0.9997826767180661,0.9988069522056165
task,1212,visual,23,155,total,DG,V1,22,126,7688,1620.0,0.5800842050298023,0.06658302823181067,0.10085333454612304,0.999462897969541,0.9988069522056168
task,409,striatum,39,200,theta,ACC,DLS,26,46,9969,2260.0,0.31461526572437387,0.01842355049494659,0.043207531265171115,0.9901369106491847,0.9974063840057295
task,409,striatum,39,200,theta,ACC,DMS,26,52,9969,1570.0,0.33814583591025826,0.013323567582867617,0.03598869116710826,0.9901369106491844,0.9941883438174655
task,409,striatum,39,200,theta,DLS,DMS,46,52,9969,690.0,0.7996866271222718,0.012634903816314899,0.03312777774143411,0.997406377183751,0.9941883179515569
task,409,striatum,39,200,beta,ACC,DLS,26,46,9969,2260.0,0.10459271165733991,0.007758527802785494,0.019948328165355123,0.9847339753323113,0.9907764792489905
task,409,striatum,39,200,beta,ACC,DMS,26,52,9969,1570.0,0.09051155649101006,0.008926816727308655,0.024846656315255188,0.9847339753323111,0.9726573668966566
task,409,striatum,39,200,beta,DLS,DMS,46,52,9969,690.0,0.45512557237054596,0.010110932918122949,0.024010281006746605,0.9907764547862961,0.9726573932162395
task,409,striatum,39,200,low_gamma,ACC,DLS,26,46,9969,2260.0,0.08171041443329521,0.010320412169481997,0.028453488807770475,0.9866771733245762,0.9936034006543862
task,409,striatum,39,200,low_gamma,ACC,DMS,26,52,9969,1570.0,0.11184577438654184,0.009701366443788356,0.023272442938949634,0.9866771733245759,0.9823177103829199
task,409,striatum,39,200,low_gamma,DLS,DMS,46,52,9969,690.0,0.5350478371623797,0.010274120459037727,0.024878401946318608,0.9936034225506075,0.9823174315339259
task,409,striatum,39,200,high_gamma,ACC,DLS,26,46,9969,2260.0,0.14653541474340734,0.0054826891370964,0.027473604107557316,0.9782254641349419,0.9669139555130758
task,409,striatum,39,200,high_gamma,ACC,DMS,26,52,9969,1570.0,0.29108316609837404,0.016715693097564516,0.0412939244621238,0.9782254641349417,0.9509478425451133
task,409,striatum,39,200,high_gamma,DLS,DMS,46,52,9969,690.0,0.33930185238927874,0.011341759677063332,0.027091689348493563,0.9669146665617814,0.9509475990494751
task,409,striatum,39,200,total,ACC,DLS,26,46,9969,2260.0,0.3323265214505802,0.009781027463619358,0.026825449245691992,0.9892754231594416,0.9945662689713338
task,409,striatum,39,200,total,ACC,DMS,26,52,9969,1570.0,0.3215616243503451,0.012716049844987639,0.040286700437473094,0.9892754231594421,0.9873986541907614
task,409,striatum,39,200,total,DLS,DMS,46,52,9969,690.0,0.7715045504364524,0.009687279830414864,0.023125184228823616,0.9945663140790928,0.9873986563354076
task,418,striatum,26,142,theta,ACC,DLS,52,42,7043,2350.0,0.37520314531712423,0.033286980642435036,0.06367495608661287,0.9958126314259003,0.9983926725826517
task,418,striatum,26,142,theta,ACC,DMS,52,52,7043,1700.0,0.4440876796492908,0.029648652567083024,0.05148080965872907,0.9958126400892061,0.9975558084935296
task,418,striatum,26,142,theta,DLS,DMS,42,52,7043,650.0,0.9458192453520907,0.04360497597948391,0.06086500109789699,0.998392823907242,0.9975558087083344
task,418,striatum,26,142,beta,ACC,DLS,52,42,7043,2350.0,0.14355281055707272,0.008962166480201126,0.03201968439243245,0.9940535607605294,0.9966178017860082
task,418,striatum,26,142,beta,ACC,DMS,52,52,7043,1700.0,0.2728514687247814,0.010366707277242627,0.037099087319983556,0.9940535649159218,0.9950448224214447
task,418,striatum,26,142,beta,DLS,DMS,42,52,7043,650.0,0.8809286790319165,0.01629355237538499,0.032890053425941805,0.9966184512950045,0.9950493732046468
task,418,striatum,26,142,low_gamma,ACC,DLS,52,42,7043,2350.0,0.20147867925551383,0.008388223992564609,0.018196699584147144,0.9945035057077214,0.9979367099767201
task,418,striatum,26,142,low_gamma,ACC,DMS,52,52,7043,1700.0,0.29820583668386286,0.006410480458241507,0.031030532320959633,0.9945035054700943,0.9969501104459436
task,418,striatum,26,142,low_gamma,DLS,DMS,42,52,7043,650.0,0.9101652144365493,0.009684903162882008,0.03578233706498782,0.9979366510688343,0.9969501009380207
task,418,striatum,26,142,high_gamma,ACC,DLS,52,42,7043,2350.0,0.10914267878696453,0.007747286834111358,0.02098203842408598,0.9871664597112284,0.9875313832225977
task,418,striatum,26,142,high_gamma,ACC,DMS,52,52,7043,1700.0,0.3903260485282826,0.015981556725331705,0.04016239657514463,0.9871669927296802,0.9841197236496224
task,418,striatum,26,142,high_gamma,DLS,DMS,42,52,7043,650.0,0.6889806748719746,0.010884159033810677,0.03581479561812931,0.9875311366740247,0.9841213963607588
task,418,striatum,26,142,total,ACC,DLS,52,42,7043,2350.0,0.21390727504505375,0.018484984394526865,0.0412094184395852,0.9944027716262306,0.9972330305648152
task,418,striatum,26,142,total,ACC,DMS,52,52,7043,1700.0,0.23958392634007772,0.023602208156718377,0.04830121246138666,0.9944027715520402,0.9950744622351779
task,418,striatum,26,142,total,DLS,DMS,42,52,7043,650.0,0.914782346592267,0.022054284013973594,0.0626949851856843,0.9972317102323235,0.9950747608686696
task,523,striatum,22,200,theta,ACC,DLS,52,52,10000,2100.0,0.4523351483649525,0.011074302992927111,0.03647924973979443,0.9874726959825616,0.9954000663393352
task,523,striatum,22,200,theta,ACC,DMS,52,52,10000,1400.0,0.4824136689558317,0.020906793370684226,0.04703797897721964,0.9874714131120678,0.9898384399364843
task,523,striatum,22,200,theta,DLS,DMS,52,52,10000,700.0,0.827011041172742,0.021333962335092993,0.03331531758235849,0.9954001105144116,0.9898384539514253
task,523,striatum,22,200,beta,ACC,DLS,52,52,10000,2100.0,0.1702356310776549,0.012094508837677573,0.026897501232289327,0.9914064108929949,0.9796398093650628
task,523,striatum,22,200,beta,ACC,DMS,52,52,10000,1400.0,0.2352795977215114,0.006998578713651612,0.01925171310695593,0.9914064249137291,0.9658988813555611
task,523,striatum,22,200,beta,DLS,DMS,52,52,10000,700.0,0.281727845084521,0.010831982133876296,0.02800445718530352,0.979639805328742,0.9658991324982132
task,523,striatum,22,200,low_gamma,ACC,DLS,52,52,10000,2100.0,0.7249826279970156,0.011031031091807218,0.03185093558125177,0.9938776739034423,0.9856625629116633
task,523,striatum,22,200,low_gamma,ACC,DMS,52,52,10000,1400.0,0.3979746269297711,0.0065014813356146835,0.03379347047281284,0.9938776723742555,0.9764422681723401
task,523,striatum,22,200,low_gamma,DLS,DMS,52,52,10000,700.0,0.4206825620252359,0.0065947401759313155,0.021984886176772415,0.9856627340775618,0.9764422780061407
task,523,striatum,22,200,high_gamma,ACC,DLS,52,52,10000,2100.0,0.12617124005376,0.011255419531067963,0.03209611066309687,0.9843844403378291,0.9573513903134744
task,523,striatum,22,200,high_gamma,ACC,DMS,52,52,10000,1400.0,0.2247089366169949,0.015588644301982169,0.03224514876476943,0.984384142168481,0.9360386032718314
task,523,striatum,22,200,high_gamma,DLS,DMS,52,52,10000,700.0,0.28029497614851007,0.017120463624356215,0.036445815248886376,0.9573512962462402,0.9360368635600926
task,523,striatum,22,200,total,ACC,DLS,52,52,10000,2100.0,0.7516739260222169,0.06517191484624069,0.08169437869092247,0.991312104791492,0.9917053999438094
task,523,striatum,22,200,total,ACC,DMS,52,52,10000,1400.0,0.6028232618072775,0.0928216686870611,0.1091342638367037,0.9913121028263084,0.9834620013874581
task,523,striatum,22,200,total,DLS,DMS,52,52,10000,700.0,0.7139974725082187,0.0809916989383376,0.11005396187643225,0.9917054074012811,0.983461764844162
task,614,striatum,44,200,theta,ACC,DLS,52,46,10000,2030.0,0.41068954199497487,0.008927770262260729,0.04054357026939311,0.9770883920132275,0.9945308710295837
task,614,striatum,44,200,theta,ACC,DMS,52,50,10000,1350.0,0.41358846011189354,0.012892386432286754,0.029255973185268225,0.9770884807725343,0.9855684628257962
task,614,striatum,44,200,theta,DLS,DMS,46,50,10000,680.0,0.7661890977106518,0.019025820515497276,0.04394885445340021,0.9945308839067789,0.985568474881913
task,614,striatum,44,200,beta,ACC,DLS,52,46,10000,2030.0,0.10716608363616151,0.009873825035957203,0.025598235133731162,0.9864449300333429,0.9856955331457861
task,614,striatum,44,200,beta,ACC,DMS,52,50,10000,1350.0,0.28179615334878244,0.005683854890558476,0.030305801922417795,0.9864449605697316,0.9687021027361863
task,614,striatum,44,200,beta,DLS,DMS,46,50,10000,680.0,0.18011140128580172,0.008532964255041312,0.02668491524362877,0.985695536425064,0.9687023172864725
task,614,striatum,44,200,low_gamma,ACC,DLS,52,46,10000,2030.0,0.11047106524095927,0.01328058400725674,0.026530287507235566,0.9924339326321696,0.9908496361158672
task,614,striatum,44,200,low_gamma,ACC,DMS,52,50,10000,1350.0,0.3137740020316036,0.008310379285744546,0.024779927475474885,0.9924339261669933,0.9751293309557086
task,614,striatum,44,200,low_gamma,DLS,DMS,46,50,10000,680.0,0.3324782068491131,0.013661717663795881,0.03340739631193452,0.9908496334205905,0.9751288654458619
task,614,striatum,44,200,high_gamma,ACC,DLS,52,46,10000,2030.0,0.07627315107777281,0.012034317467369795,0.04067350725236454,0.9774507016950535,0.9786170290179581
task,614,striatum,44,200,high_gamma,ACC,DMS,52,50,10000,1350.0,0.2479337741745059,0.012898419845502699,0.03421243182797017,0.9774497183045008,0.944965412833596
task,614,striatum,44,200,high_gamma,DLS,DMS,46,50,10000,680.0,0.3260114314861285,0.007188276931360882,0.01783932021205067,0.9786170381065088,0.944965959692565
task,614,striatum,44,200,total,ACC,DLS,52,46,10000,2030.0,0.30215417792183513,0.012806378126557137,0.028137839510126526,0.9833004728416384,0.9915144556275551
task,614,striatum,44,200,total,ACC,DMS,52,50,10000,1350.0,0.6598498016557738,0.03520630161286866,0.060890714982748194,0.9833004770653405,0.9778051365326201
task,614,striatum,44,200,total,DLS,DMS,46,50,10000,680.0,0.614583414161081,0.022291601100998155,0.04923167925738929,0.9915144740178046,0.9778056687780007
task,624,striatum,32,71,theta,ACC,DLS,72,32,3544,1900.0,0.511236104647781,0.012042203689795705,0.04372892167386333,0.9949424012716854,0.9951361148507435
task,624,striatum,32,71,theta,ACC,DMS,72,52,3544,1300.0,0.6196957915124611,0.02038625080177362,0.04138768965544037,0.9949424031401576,0.9951130420799068
task,624,striatum,32,71,theta,DLS,DMS,32,52,3544,600.0,0.7913245321774496,0.013092353180639674,0.041813826028143715,0.9951361141305296,0.9951130468986938
task,624,striatum,32,71,beta,ACC,DLS,72,32,3544,1900.0,0.2392319275843536,0.01505412673257859,0.04918890767229721,0.9936740584737223,0.9874019153997231
task,624,striatum,32,71,beta,ACC,DMS,72,52,3544,1300.0,0.5595957762276834,0.020092213315066672,0.040979359641296086,0.9936740743073315,0.9816107473906827
task,624,striatum,32,71,beta,DLS,DMS,32,52,3544,600.0,0.38136138376713224,0.010304847017641207,0.037619405776250205,0.9874022002374206,0.9816108039145731
task,624,striatum,32,71,low_gamma,ACC,DLS,72,32,3544,1900.0,0.35351038058085565,0.016853265644398215,0.028291866263979514,0.9953328264455082,0.9900643708500361
task,624,striatum,32,71,low_gamma,ACC,DMS,72,52,3544,1300.0,0.5539497272536013,0.01689240348007237,0.054716340293509,0.9953328184304767,0.9878497051041067
task,624,striatum,32,71,low_gamma,DLS,DMS,32,52,3544,600.0,0.5077808952782438,0.012249019884450362,0.04058035143332702,0.9900642965163009,0.9878497087069659
task,624,striatum,32,71,high_gamma,ACC,DLS,72,32,3544,1900.0,0.37282093734631105,0.024341799713059116,0.051232017711140686,0.9937684408072189,0.9652062596020651
task,624,striatum,32,71,high_gamma,ACC,DMS,72,52,3544,1300.0,0.5973715889095512,0.015495081796817273,0.042681648418961465,0.9937683280560807,0.9702156043357666
task,624,striatum,32,71,high_gamma,DLS,DMS,32,52,3544,600.0,0.41652182573071556,0.018593729291827323,0.052037271033983604,0.9652062015999195,0.9702153812155537
task,624,striatum,32,71,total,ACC,DLS,72,32,3544,1900.0,0.676324278299526,0.012945881135919955,0.06491442485962472,0.9957632890516307,0.9928022013099272
task,624,striatum,32,71,total,ACC,DMS,72,52,3544,1300.0,0.7223842726024374,0.02354568571941532,0.051793371621088,0.9957632893327567,0.9899278788019407
task,624,striatum,32,71,total,DLS,DMS,32,52,3544,600.0,0.8713718228980427,0.022332533134873767,0.06508455406030775,0.9928021891873445,0.9899278515877762
task,703,striatum,,109,theta,ACC,DMS,82,62,5388,1300.0,0.8545754735078214,0.04444427290804044,0.08979019581621024,0.9970517952349176,0.9982737632903509
task,703,striatum,,109,beta,ACC,DMS,82,62,5388,1300.0,0.8074757932276783,0.027162898585679177,0.05280607531041741,0.9950464574449962,0.9958412497284567
task,703,striatum,,109,low_gamma,ACC,DMS,82,62,5388,1300.0,0.8496630728676459,0.012983922415820786,0.03667605179840189,0.9962344224492409,0.997279743417944
task,703,striatum,,109,high_gamma,ACC,DMS,82,62,5388,1300.0,0.6920112887128407,0.011646459612644114,0.047629552326712975,0.9843851525676086,0.9821420709913882
task,703,striatum,,109,total,ACC,DMS,82,62,5388,1300.0,0.9286471678301804,0.0564412779867486,0.20045254944270194,0.9960575984624529,0.9970616465084994
task,727,striatum,53,200,theta,ACC,DLS,52,110,10000,2190.0,0.5412125783452206,0.016679290414784873,0.049820915203050445,0.9949472969699189,0.9972939929957623
task,727,striatum,53,200,theta,ACC,DMS,52,52,10000,1200.0,0.44442102183556104,0.04710416405070485,0.07497954552851979,0.9949472946549034,0.9933422009804564
task,727,striatum,53,200,theta,DLS,DMS,110,52,10000,990.0,0.5617523738031545,0.015691537868399164,0.03632662326868021,0.9972939930096852,0.9933423515706521
task,727,striatum,53,200,beta,ACC,DLS,52,110,10000,2190.0,0.30795313281897346,0.010765199045723366,0.0313701940855831,0.9944458759064054,0.9876757765466332
task,727,striatum,53,200,beta,ACC,DMS,52,52,10000,1200.0,0.19139327511378634,0.014165368494012674,0.02444724730931608,0.9944458781756415,0.9782973411620741
task,727,striatum,53,200,beta,DLS,DMS,110,52,10000,990.0,0.22785463296268896,0.010352052250972974,0.02618736870200043,0.9876757768650518,0.9782871464448664
task,727,striatum,53,200,low_gamma,ACC,DLS,52,110,10000,2190.0,0.23530545868470132,0.013421226867287294,0.033516697680244255,0.9939706754199966,0.9881952678897366
task,727,striatum,53,200,low_gamma,ACC,DMS,52,52,10000,1200.0,0.10930335626590264,0.017818189442991433,0.0385809518093053,0.9939706729359677,0.9773039039049914
task,727,striatum,53,200,low_gamma,DLS,DMS,110,52,10000,990.0,0.2386277123187843,0.012530802942673096,0.030358972033880362,0.9881952678787128,0.9773100168812785
task,727,striatum,53,200,high_gamma,ACC,DLS,52,110,10000,2190.0,0.177674216057385,0.030551647411454247,0.04194393765901512,0.991571079495874,0.9629949208955277
task,727,striatum,53,200,high_gamma,ACC,DMS,52,52,10000,1200.0,0.1333369801406129,0.02184155447473459,0.043893105188941885,0.9915710831270149,0.9468636252128951
task,727,striatum,53,200,high_gamma,DLS,DMS,110,52,10000,990.0,0.28545250357055085,0.023034924439177967,0.05573943854871427,0.9629949143761567,0.9468858196570581
task,727,striatum,53,200,total,ACC,DLS,52,110,10000,2190.0,0.4783951787499815,0.09249424968682692,0.11190606745937338,0.9958426068460965,0.9952156135786558
task,727,striatum,53,200,total,ACC,DMS,52,52,10000,1200.0,0.3693262725037872,0.1063795707478232,0.15119109042195403,0.9958426050478395,0.9876462694636469
task,727,striatum,53,200,total,DLS,DMS,110,52,10000,990.0,0.5002774215511271,0.08224377398271587,0.10191258126057662,0.9952156136711596,0.9876466239696035
task,730,striatum,54,200,theta,ACC,DLS,102,140,10000,2090.0,0.6615659621338776,0.01051185616422183,0.030224894453043466,0.9926631748255406,0.9940049610624002
task,730,striatum,54,200,theta,ACC,DMS,102,52,10000,950.0,0.4524168758211039,0.023073968064286278,0.04589949704242684,0.9926631748238962,0.984907924407156
task,730,striatum,54,200,theta,DLS,DMS,140,52,10000,1140.0,0.47078884404783355,0.01082977672547003,0.024484084351123817,0.9940049610721591,0.9849079297165908
task,730,striatum,54,200,beta,ACC,DLS,102,140,10000,2090.0,0.319791733378347,0.011063096810704522,0.027365540879283085,0.9916648646755268,0.9704797025358747
task,730,striatum,54,200,beta,ACC,DMS,102,52,10000,950.0,0.2140773902027329,0.010499963911722171,0.03011638515644092,0.9916648646755915,0.9609506590623436
task,730,striatum,54,200,beta,DLS,DMS,140,52,10000,1140.0,0.09344497278404895,0.010383718688817708,0.02490819045754647,0.9704797034152755,0.960949263520196
task,730,striatum,54,200,low_gamma,ACC,DLS,102,140,10000,2090.0,0.1962485729333093,0.009030644184742243,0.02664103428081833,0.9938286770216382,0.973895834870111
task,730,striatum,54,200,low_gamma,ACC,DMS,102,52,10000,950.0,0.2092880042617285,0.012753789699464006,0.02774030248535905,0.9938286770216408,0.9563711916725138
task,730,striatum,54,200,low_gamma,DLS,DMS,140,52,10000,1140.0,0.1459911619630443,0.011690015102783315,0.02512090475220785,0.9738958340124977,0.9563772609497067
task,730,striatum,54,200,high_gamma,ACC,DLS,102,140,10000,2090.0,0.17678890897731553,0.01131824922685613,0.019029161690793918,0.9889468212316551,0.9406749603174678
task,730,striatum,54,200,high_gamma,ACC,DMS,102,52,10000,950.0,0.19168018042058496,0.010425745257444476,0.028041206401221555,0.9889468212388202,0.9050801429548703
task,730,striatum,54,200,high_gamma,DLS,DMS,140,52,10000,1140.0,0.17146244610067085,0.010447996742348177,0.03128198203672087,0.9406749397082076,0.9049730409744005
task,730,striatum,54,200,total,ACC,DLS,102,140,10000,2090.0,0.3668763628213143,0.01309407779149067,0.030803081114910747,0.9932014429876341,0.9903759504146519
task,730,striatum,54,200,total,ACC,DMS,102,52,10000,950.0,0.28026575628047523,0.04001221013162083,0.056143918273987826,0.9932014429873544,0.9720007247947714
task,730,striatum,54,200,total,DLS,DMS,140,52,10000,1140.0,0.42125529987270954,0.06052396681299159,0.09472094612847962,0.99037595000541,0.9720006513394139
task,731,striatum,36,76,theta,ACC,DMS,72,32,3782,2000.0,0.5054657481248549,0.021066570860630587,0.04049258019202604,0.9982218213576416,0.9968730046593964
task,731,striatum,36,76,beta,ACC,DMS,72,32,3782,2000.0,0.47013951804009,0.012362712394250403,0.04134001902318136,0.9962936887905416,0.9905191597532096
task,731,striatum,36,76,low_gamma,ACC,DMS,72,32,3782,2000.0,0.3575387915324035,0.01643130185626715,0.037853999197320694,0.995974278717504,0.9928179223766753
task,731,striatum,36,76,high_gamma,ACC,DMS,72,32,3782,2000.0,0.2660489391184394,0.015294054995038723,0.04472006378730424,0.991082537634851,0.9594734798418276
task,731,striatum,36,76,total,ACC,DMS,72,32,3782,2000.0,0.8965630888905147,0.01972113260802153,0.054733337985706156,0.9979636139191403,0.9957263191831299
task,822,striatum,33,90,theta,ACC,DLS,66,96,4478,1750.0,0.3976640686808925,0.015444343303946034,0.04525664061211993,0.9952688808486405,0.9994751742042992
task,822,striatum,33,90,theta,ACC,DMS,66,50,4478,820.0,0.5367179788511472,0.017313168652723837,0.03910648487047801,0.9952688789838047,0.989758752422373
task,822,striatum,33,90,theta,DLS,DMS,96,50,4478,930.0,0.44638119451491887,0.015041864665814263,0.04182185232303956,0.9994751742503725,0.989758735966382
task,822,striatum,33,90,beta,ACC,DLS,66,96,4478,1750.0,0.4073660487369732,0.009780519592845673,0.03640846311931661,0.9940521342627743,0.9985596216637087
task,822,striatum,33,90,beta,ACC,DMS,66,50,4478,820.0,0.3562392549942903,0.016703622063941683,0.039134140397830475,0.9940521340484924,0.9948102421977727
task,822,striatum,33,90,beta,DLS,DMS,96,50,4478,930.0,0.5621435736644089,0.014696991339122698,0.031124924129196492,0.9985592163658463,0.994810245367123
task,822,striatum,33,90,low_gamma,ACC,DLS,66,96,4478,1750.0,0.39546573359756243,0.015116324232452441,0.03231271926362817,0.993563797192977,0.9985150659410477
task,822,striatum,33,90,low_gamma,ACC,DMS,66,50,4478,820.0,0.35406239711445536,0.015108180768924567,0.03353462990434594,0.9935637969035078,0.9939403896443743
task,822,striatum,33,90,low_gamma,DLS,DMS,96,50,4478,930.0,0.5942209459498589,0.009879769637152543,0.046192623589612,0.9985152301486306,0.9939403914641118
task,822,striatum,33,90,high_gamma,ACC,DLS,66,96,4478,1750.0,0.2975598125016764,0.018077835107969356,0.04448533762687083,0.9896101180899375,0.9957170375497408
task,822,striatum,33,90,high_gamma,ACC,DMS,66,50,4478,820.0,0.4400620768647591,0.03101815753232477,0.08929541443080279,0.9896101184126386,0.9929046627516612
task,822,striatum,33,90,high_gamma,DLS,DMS,96,50,4478,930.0,0.580978916117889,0.015103580185127446,0.04654888434483117,0.9957181402333927,0.9929046681882853
task,822,striatum,33,90,total,ACC,DLS,66,96,4478,1750.0,0.8743112309236799,0.029071823874034224,0.054360161398517765,0.9958188099844579,0.9987606638462303
task,822,striatum,33,90,total,ACC,DMS,66,50,4478,820.0,0.7509124996942542,0.019634132209682006,0.06477962178768538,0.9958188106194404,0.9916721127869965
task,822,striatum,33,90,total,DLS,DMS,96,50,4478,930.0,0.8482777657465738,0.024829803175181714,0.05151514690828558,0.9987606635409512,0.9916721158384811
task,823,striatum,14,200,theta,ACC,DMS,82,52,10000,1550.0,0.7607168735200484,0.01389880545878429,0.03277820759413367,0.9870479379744936,0.9955202182844362
task,823,striatum,14,200,beta,ACC,DMS,82,52,10000,1550.0,0.6805358179010421,0.010760036639064725,0.0172529748745273,0.9934415433847832,0.9888780553697045
task,823,striatum,14,200,low_gamma,ACC,DMS,82,52,10000,1550.0,0.6944123842135962,0.007572630601611973,0.03429235073926998,0.9951292033688579,0.9920134408481062
task,823,striatum,14,200,high_gamma,ACC,DMS,82,52,10000,1550.0,0.661469639648152,0.011228594225590017,0.03465761233134884,0.9937861955074426,0.9644393729347756
task,823,striatum,14,200,total,ACC,DMS,82,52,10000,1550.0,0.9256583479375293,0.02950312243770676,0.05269259709314762,0.985695430907745,0.9889077320495809
