arm,metric,area,band,n_task,n_control,task_mean,task_sem,control_mean,control_sem,difference,p_raw,p_fdr,differs,family_size
evolution,delta_z_corridor,ACC,beta,12,4,0.007082189462498698,0.0376125278239002,0.012515572738484141,0.01936958935378967,-0.005433383275985443,0.899637570121044,0.9469869159168883,False,20
evolution,delta_z_corridor,ACC,high_gamma,12,4,0.10553666094723596,0.06291440536646523,0.043464895554352595,0.08184534109422455,0.062071765392883366,0.5667839989047387,0.7084799986309234,False,20
evolution,delta_z_corridor,ACC,low_gamma,12,4,0.054873060125622077,0.05923435519939118,0.07066139463844115,0.044478875936494466,-0.015788334512819073,0.8346755990277623,0.9469869159168883,False,20
evolution,delta_z_corridor,ACC,theta,12,4,-0.07037546584382966,0.04311534507652962,-0.067324990079621,0.039781061326810786,-0.0030504757642086516,0.9595233166439303,0.9595233166439303,False,20
evolution,delta_z_corridor,ACC,total,12,4,0.010065445401350097,0.06637388217509213,0.02608622903912201,0.07961507068796761,-0.016020783637771915,0.8811844960894282,0.9469869159168883,False,20
evolution,delta_z_corridor,CA1,beta,2,3,-0.0669375023014068,0.009054253111983246,-0.002651363387039757,0.029923246633410377,-0.06428613891436705,nan,nan,False,20
evolution,delta_z_corridor,CA1,high_gamma,2,3,0.019022389940015108,0.24175971080114503,-0.04224289661233225,0.05920152314823278,0.06126528655234736,nan,nan,False,20
evolution,delta_z_corridor,CA1,low_gamma,2,3,-0.03730740851939312,0.06675240226536397,0.0327220139923356,0.032404700298264213,-0.07002942251172872,nan,nan,False,20
evolution,delta_z_corridor,CA1,theta,2,3,-0.27925981863683547,0.002837686187632499,-0.01403107840706265,0.054453836049297225,-0.26522874022977283,nan,nan,False,20
evolution,delta_z_corridor,CA1,total,2,3,-0.24185312121375607,0.01108119093336851,-0.030915856195054353,0.020460816894995532,-0.21093726501870172,nan,nan,False,20
evolution,delta_z_corridor,DG,beta,2,3,-0.15622944843215686,0.023679218399430588,0.019489025620082798,0.05439165472906468,-0.17571847405223967,nan,nan,False,20
evolution,delta_z_corridor,DG,high_gamma,2,3,-0.11724027014559973,0.21068116372013487,-0.06703080026931543,0.053988146852261845,-0.0502094698762843,nan,nan,False,20
evolution,delta_z_corridor,DG,low_gamma,2,3,-0.021671546689249498,0.009050956285964418,-0.016164381529276725,0.02942248696950765,-0.0055071651599727725,nan,nan,False,20
evolution,delta_z_corridor,DG,theta,2,3,-0.16013248332285665,0.03647233961272181,-0.015337524287286056,0.05429542603176898,-0.1447949590355706,nan,nan,False,20
evolution,delta_z_corridor,DG,total,2,3,-0.1832371322491897,0.016979001902350924,-0.06207243549038508,0.03294637698715981,-0.12116469675880462,nan,nan,False,20
evolution,delta_z_corridor,DLS,beta,10,5,-0.02243474534313772,0.04190053949532632,0.078300759101022,0.041499340979629824,-0.10073550444415971,0.11524267226780831,0.2560948272617962,False,20
evolution,delta_z_corridor,DLS,high_gamma,10,5,0.015107140453939094,0.061835609654750316,0.07978167406632428,0.025287979486097747,-0.06467453361238518,0.3528600769898391,0.5765283598711581,False,20
evolution,delta_z_corridor,DLS,low_gamma,10,5,0.058010330370840815,0.04247289597900507,0.19234933252909708,0.04595853507435599,-0.13433900215825628,0.05639567866577391,0.16113051047363974,False,20
evolution,delta_z_corridor,DLS,theta,10,5,-0.15695733978724508,0.03390861136635807,0.0758397335815464,0.04391977875778771,-0.23279707336879146,0.0024400750173069583,0.048801500346139164,True,20
evolution,delta_z_corridor,DLS,total,10,5,-0.0971584231973184,0.0446729329984337,0.08879979046975336,0.08517627070795702,-0.18595821366707177,0.09911835027249581,0.24779587568123954,False,20
evolution,delta_z_corridor,DMS,beta,12,5,0.04256794504547729,0.020393185726644968,0.09195496628105242,0.0558535794489895,-0.049387021235575125,0.4433058898458525,0.59107451979447,False,20
evolution,delta_z_corridor,DMS,high_gamma,12,5,0.10905372335183035,0.04140453584300289,0.1522066902568239,0.022575307169063773,-0.04315296690499355,0.37474343391625276,0.5765283598711581,False,20
evolution,delta_z_corridor,DMS,low_gamma,12,5,0.08475171314541406,0.03345676362744508,0.23565891593645846,0.04552899212794977,-0.15090720279104441,0.02665415681085405,0.14736833047032344,False,20
evolution,delta_z_corridor,DMS,theta,12,5,-0.09692234594594555,0.04122967387670896,0.0704646819187903,0.059867656347608995,-0.16738702786473586,0.05011463672182341,0.16113051047363974,False,20
evolution,delta_z_corridor,DMS,total,12,5,-0.006967676172556084,0.04606777990238742,0.16029243713216773,0.08955232024229118,-0.16726011330472382,0.14591351948173462,0.29182703896346923,False,20
evolution,delta_z_corridor,V1,beta,4,3,-0.09166353467472484,0.032417331864402064,0.01712828391716742,0.06614109097894494,-0.10879181859189226,0.23729332712377035,0.43144241295230973,False,20
evolution,delta_z_corridor,V1,high_gamma,4,3,-0.2567901918556885,0.07188170131895141,0.005545375673941745,0.05692852597307618,-0.2623355675296303,0.035401688780809,0.14736833047032344,False,20
evolution,delta_z_corridor,V1,low_gamma,4,3,-0.17693840376350065,0.05589514719901721,0.05491844069460944,0.05786651683016988,-0.23185684445811008,0.03684208261758086,0.14736833047032344,False,20
evolution,delta_z_corridor,V1,theta,4,3,-0.2173623592222717,0.051339440255773396,-0.12253836029470662,0.08608351463198442,-0.09482399892756509,0.4065494998510167,0.5807849997871667,False,20
evolution,delta_z_corridor,V1,total,4,3,-0.23794062656609272,0.030364222612596383,-0.06161832645404771,0.040142270204534654,-0.176322300112045,0.02425206387309154,0.14736833047032344,False,20
evolution,delta_z_corridor_speed_resid,ACC,beta,12,4,0.012835959770367236,0.036921068331488685,0.027020119513917824,0.009954970332318324,-0.014184159743550587,0.7169419751018122,0.7640707272402861,False,20
evolution,delta_z_corridor_speed_resid,ACC,high_gamma,12,4,0.1081352773411562,0.06792310269679974,0.05366164374811905,0.08352630119049326,0.054473633593037155,0.6275930037043287,0.7383447102403866,False,20
evolution,delta_z_corridor_speed_resid,ACC,low_gamma,12,4,0.054766639545206254,0.0618498882370889,0.07522231169740126,0.036351406004879405,-0.020455672152195008,0.7797630373271318,0.7797630373271318,False,20
evolution,delta_z_corridor_speed_resid,ACC,theta,12,4,-0.061328612078107435,0.04360847691121461,-0.04096967557095803,0.036167078146434564,-0.020358936507149407,0.7258671908782718,0.7640707272402861,False,20
evolution,delta_z_corridor_speed_resid,ACC,total,12,4,0.010803720140916432,0.07309568097219109,0.07002695197585342,0.07214077324220408,-0.05922323183493698,0.5774767566585235,0.7218459458231543,False,20
evolution,delta_z_corridor_speed_resid,CA1,beta,2,3,-0.047525654400999345,0.010680167426197179,-0.007130976140473711,0.0285208719971178,-0.04039467826052563,nan,nan,False,20
evolution,delta_z_corridor_speed_resid,CA1,high_gamma,2,3,0.034293132003809554,0.25086774172183607,-0.051068140300689624,0.045282991825411255,0.08536127230449918,nan,nan,False,20
evolution,delta_z_corridor_speed_resid,CA1,low_gamma,2,3,-0.027094524604516283,0.08308973263164536,0.01994264870838895,0.03303704064452189,-0.04703717331290523,nan,nan,False,20
evolution,delta_z_corridor_speed_resid,CA1,theta,2,3,-0.29893529226836024,0.008514679011070697,-0.06358982256418867,0.027348197633179597,-0.23534546970417158,nan,nan,False,20
evolution,delta_z_corridor_speed_resid,CA1,total,2,3,-0.22796945653878092,0.038288233143673835,-0.057446023060618114,0.0036763211305894366,-0.17052343347816282,nan,nan,False,20
evolution,delta_z_corridor_speed_resid,DG,beta,2,3,-0.12553442514553909,0.007344115918576199,0.022042598778844277,0.05590881057406719,-0.14757702392438338,nan,nan,False,20
evolution,delta_z_corridor_speed_resid,DG,high_gamma,2,3,-0.09476696730991109,0.23053975590274636,-0.07917789868008036,0.04076029566852196,-0.015589068629830727,nan,nan,False,20
evolution,delta_z_corridor_speed_resid,DG,low_gamma,2,3,-0.01569049747216655,0.0011613821145864426,-0.026053029857662252,0.035131867888987804,0.010362532385495702,nan,nan,False,20
evolution,delta_z_corridor_speed_resid,DG,theta,2,3,-0.14675738850004988,0.04196092030099141,-0.054810553133658325,0.04355789328451373,-0.09194683536639156,nan,nan,False,20
evolution,delta_z_corridor_speed_resid,DG,total,2,3,-0.14379600362881906,0.052303663236319284,-0.07999638345530524,0.029756291432510396,-0.06379962017351382,nan,nan,False,20
evolution,delta_z_corridor_speed_resid,DLS,beta,10,5,-0.006315293757139409,0.040212763786654435,0.09887326409780943,0.02995819289089758,-0.10518855785494884,0.056285295045387616,0.13174692315705594,False,20
evolution,delta_z_corridor_speed_resid,DLS,high_gamma,10,5,0.02532610826310666,0.06132764861274294,0.09002377630814709,0.018139264632749254,-0.06469766804504043,0.3345373504064997,0.4779105005807138,False,20
evolution,delta_z_corridor_speed_resid,DLS,low_gamma,10,5,0.06323107106249476,0.043551279812309385,0.20561179206962246,0.03924307519277273,-0.1423807210071277,0.03196280081753193,0.13174692315705594,False,20
evolution,delta_z_corridor_speed_resid,DLS,theta,10,5,-0.14465205394148994,0.03317671390904186,0.07832817145285083,0.04231886710268134,-0.22298022539434076,0.0025399781299454004,0.050799562598908006,False,20
evolution,delta_z_corridor_speed_resid,DLS,total,10,5,-0.07839830478516141,0.04669806609044658,0.11452376764641574,0.07298874595318601,-0.19292207243157716,0.059286115420675176,0.13174692315705594,False,20
evolution,delta_z_corridor_speed_resid,DMS,beta,12,5,0.046762787059986634,0.015167529888341386,0.11402693987901247,0.049852878291922045,-0.06726415281902584,0.25589607253014257,0.3936862654309886,False,20
evolution,delta_z_corridor_speed_resid,DMS,high_gamma,12,5,0.1137250054258997,0.04092009790723841,0.17581187109418495,0.030242301925170165,-0.06208686566828525,0.24193598140540684,0.3936862654309886,False,20
evolution,delta_z_corridor_speed_resid,DMS,low_gamma,12,5,0.08855741021672321,0.03381116082579005,0.24803881699854338,0.0468539290860256,-0.15948140678182016,0.023505975623778104,0.13174692315705594,False,20
evolution,delta_z_corridor_speed_resid,DMS,theta,12,5,-0.09475731678774198,0.04127883242256469,0.06702440778313902,0.058199968716412864,-0.161781724570881,0.05204798488653081,0.13174692315705594,False,20
evolution,delta_z_corridor_speed_resid,DMS,total,12,5,-0.005141436026218453,0.045504580193606266,0.18190485130279768,0.0916540504254578,-0.18704628732901613,0.11667701773210205,0.23335403546420413,False,20
evolution,delta_z_corridor_speed_resid,V1,beta,4,3,-0.08217332872937275,0.02181852706719108,0.010481998410244877,0.05059776171848473,-0.09265532713961762,0.1994771076379638,0.36268565025084326,False,20
evolution,delta_z_corridor_speed_resid,V1,high_gamma,4,3,-0.2673733375167975,0.07641548262165306,0.002294365238098048,0.04467125428220151,-0.26966770275489554,0.03183001975621334,0.13174692315705594,False,20
evolution,delta_z_corridor_speed_resid,V1,low_gamma,4,3,-0.17705448075340297,0.07129817602142069,0.055849640275301836,0.04670362698841141,-0.2329041210287048,0.04296480242097508,0.13174692315705594,False,20
evolution,delta_z_corridor_speed_resid,V1,theta,4,3,-0.19731717241728064,0.05655440150272109,-0.12559480234730006,0.08857411701006664,-0.07172237006998058,0.5366437887940939,0.7155250517254585,False,20
evolution,delta_z_corridor_speed_resid,V1,total,4,3,-0.21611589548900298,0.03548531964426156,-0.0764372142925219,0.038027587941387275,-0.13967868119648108,0.04691337404169222,0.13174692315705594,False,20
evolution,delta_frac_of_total_corridor,ACC,beta,12,4,0.0003547881926715286,0.0023361281193093504,0.0006263233830032175,0.0021670490009172354,-0.0002715351903316889,0.9337321118681231,0.9772059054826927,False,16
evolution,delta_frac_of_total_corridor,ACC,high_gamma,12,4,0.00415920040667993,0.0019287146436869893,0.001595826274335705,0.0048881423394639715,0.002563374132344225,0.6513348092316785,0.9132643207987461,False,16
evolution,delta_frac_of_total_corridor,ACC,low_gamma,12,4,0.0032346345880486516,0.004054088662875565,0.005520543679385946,0.0030421461415866204,-0.0022859090913372945,0.6597595371093119,0.9132643207987461,False,16
evolution,delta_frac_of_total_corridor,ACC,theta,12,4,-0.004148418493256576,0.004161815759382073,-0.008272798048063745,0.00299395067864094,0.004124379554807169,0.4358358384698986,0.9132643207987461,False,16
evolution,delta_frac_of_total_corridor,ACC,total,12,4,0.0,0.0,0.0,0.0,0.0,nan,nan,False,16
evolution,delta_frac_of_total_corridor,CA1,beta,2,3,0.010176731924559881,0.0021121030738576042,0.00326261725248402,0.002496834698387506,0.006914114672075861,nan,nan,False,16
evolution,delta_frac_of_total_corridor,CA1,high_gamma,2,3,0.00548956023720811,0.004522230301395385,0.001076974231578251,0.001146632574577574,0.004412586005629859,nan,nan,False,16
evolution,delta_frac_of_total_corridor,CA1,low_gamma,2,3,0.01967397858683624,0.005258522616602131,0.008211703183689939,0.0055119054411414655,0.011462275403146302,nan,nan,False,16
evolution,delta_frac_of_total_corridor,CA1,theta,2,3,-0.032061676970536745,0.0047366373795622585,0.008994285037276875,0.020251918802985977,-0.04105596200781362,nan,nan,False,16
evolution,delta_frac_of_total_corridor,CA1,total,2,3,0.0,0.0,0.0,0.0,0.0,nan,nan,False,16
evolution,delta_frac_of_total_corridor,DG,beta,2,3,0.0027615370105008794,0.0004388509261690973,0.011493137621585936,0.0005242799601485673,-0.008731600611085057,nan,nan,False,16
evolution,delta_frac_of_total_corridor,DG,high_gamma,2,3,-6.680901509279434e-05,0.0013493563005113913,0.00010465980541524376,0.002971647453154424,-0.00017146882050803812,nan,nan,False,16
evolution,delta_frac_of_total_corridor,DG,low_gamma,2,3,0.01654791853820467,0.008158002237134782,0.0056937224084265825,0.007426218352004616,0.010854196129778088,nan,nan,False,16
evolution,delta_frac_of_total_corridor,DG,theta,2,3,-0.02914464983507456,0.01770386785920733,0.015322085874687114,0.01699357762970923,-0.04446673570976167,nan,nan,False,16
evolution,delta_frac_of_total_corridor,DG,total,2,3,0.0,0.0,0.0,0.0,0.0,nan,nan,False,16
evolution,delta_frac_of_total_corridor,DLS,beta,10,5,0.0021061726500094177,0.003171759690226469,0.002239333128820559,0.0032680085947024424,-0.00013316047881114113,0.9772059054826927,0.9772059054826927,False,16
evolution,delta_frac_of_total_corridor,DLS,high_gamma,10,5,0.003765198698689247,0.001427207218393361,0.0006995788823395494,0.0019524962434155008,0.003065619816349698,0.2391324892429858,0.9132643207987461,False,16
evolution,delta_frac_of_total_corridor,DLS,low_gamma,10,5,0.01447806917515301,0.004921505920643941,0.010741008683609433,0.00863055070950062,0.003737060491543577,0.7184204894169934,0.9132643207987461,False,16
evolution,delta_frac_of_total_corridor,DLS,theta,10,5,-0.020349906877337762,0.011260483421840725,0.010538354061664113,0.009410916941884378,-0.030888260939001877,0.05637308703030603,0.9019693924848965,False,16
evolution,delta_frac_of_total_corridor,DLS,total,10,5,0.0,0.0,0.0,0.0,0.0,nan,nan,False,16
evolution,delta_frac_of_total_corridor,DMS,beta,12,5,0.00405433837821579,0.002047733518507643,0.0010153590525944084,0.0033633034196362075,0.0030389793256213812,0.46496036616568404,0.9132643207987461,False,16
evolution,delta_frac_of_total_corridor,DMS,high_gamma,12,5,0.004325938398144071,0.0018766642775372138,0.002037174409324763,0.0027903170238980047,0.002288763988819308,0.5156657827468718,0.9132643207987461,False,16
evolution,delta_frac_of_total_corridor,DMS,low_gamma,12,5,0.008643317210737281,0.004017764976609289,0.009990115246827646,0.007168055463759927,-0.0013467980360903648,0.8746670587946416,0.9772059054826927,False,16
evolution,delta_frac_of_total_corridor,DMS,theta,12,5,-0.012651385967656479,0.007494665729614902,-0.0004118720241053864,0.006266648317678339,-0.012239513943551092,0.23145679178210243,0.9132643207987461,False,16
evolution,delta_frac_of_total_corridor,DMS,total,12,5,0.0,0.0,0.0,0.0,0.0,nan,nan,False,16
evolution,delta_frac_of_total_corridor,V1,beta,4,3,0.006704698659205241,0.0027385469579092043,0.0051408498265410885,0.003500046152117563,0.0015638488326641525,0.7420272606489812,0.9132643207987461,False,16
evolution,delta_frac_of_total_corridor,V1,high_gamma,4,3,-8.162767667378723e-05,0.0024444713221853094,0.0032739050406164634,0.003986291157242428,-0.0033555327172902507,0.5184357036316642,0.9132643207987461,False,16
evolution,delta_frac_of_total_corridor,V1,low_gamma,4,3,0.01010136374244297,0.010791988006642543,0.015952006528386298,0.009754364839527845,-0.005850642785943327,0.7043252787954888,0.9132643207987461,False,16
evolution,delta_frac_of_total_corridor,V1,theta,4,3,-0.02236378874579313,0.028402516950161192,-0.008709845685791731,0.006986496888202243,-0.0136539430600014,0.6692942655377447,0.9132643207987461,False,16
evolution,delta_frac_of_total_corridor,V1,total,4,3,0.0,0.0,0.0,0.0,0.0,nan,nan,False,16
decoding,r2_minus_null,ACC,beta,12,4,0.023493929172647542,0.0070953984981626484,0.004324655503172459,0.0013451900323185636,0.019169273669475084,0.021335320319034637,0.06431979420716785,False,30
decoding,r2_minus_null,ACC,high_gamma,12,4,0.04548338571077667,0.00854049551786473,0.01704841279938485,0.00618552697016557,0.02843497291139182,0.018602175541168088,0.06431979420716785,False,30
decoding,r2_minus_null,ACC,low_gamma,12,4,0.04742163110376934,0.011371962312498369,0.007735581659077229,0.002385833239136983,0.03968604944469211,0.0051766268820004225,0.05176626882000423,False,30
decoding,r2_minus_null,ACC,theta,12,4,0.061682525016280486,0.015341495657121808,0.011631336058253117,0.007608444197778663,0.05005118895802737,0.011145736956508577,0.06431979420716785,False,30
decoding,r2_minus_null,ACC,total,12,4,0.07121652309496897,0.016466795482309785,0.01946449621659649,0.005394187418955526,0.05175202687837248,0.010550364199459468,0.06431979420716785,False,30
decoding,r2_minus_null,CA1,beta,3,3,0.039376399039732966,0.009114389813124704,-0.005013426076056519,0.007674553301452527,0.04438982511578948,0.02143993140238928,0.06431979420716785,False,30
decoding,r2_minus_null,CA1,high_gamma,3,3,0.07779930569235793,0.024352463392115515,0.010305610658469133,0.0021683747452562194,0.0674936950338888,0.10812044504192972,0.13758750022346142,False,30
decoding,r2_minus_null,CA1,low_gamma,3,3,0.07286913519023452,0.026335527213238633,0.0024355798039232455,0.014223747287900464,0.07043355538631128,0.09788313403150432,0.13758750022346142,False,30
decoding,r2_minus_null,CA1,theta,3,3,0.10824809184071353,0.042606934358411924,0.003968629547440409,0.01854279893621184,0.10427946229327312,0.11924250019366657,0.13758750022346142,False,30
decoding,r2_minus_null,CA1,total,3,3,0.09303411244038769,0.01889997531185412,0.04388956620305362,0.0261669195059717,0.049144546237334066,0.20939167690263064,0.2166120795544455,False,30
decoding,r2_minus_null,DG,beta,3,3,0.0323681068067212,0.013850134520592377,-0.002247501426733874,0.007070858253004753,0.034615608233455074,0.113126403619217,0.13758750022346142,False,30
decoding,r2_minus_null,DG,high_gamma,3,3,0.036786693949921255,0.00729277964241711,-0.00011885304968114092,0.005482194152831143,0.0369055469996024,0.01801399311667283,0.06431979420716785,False,30
decoding,r2_minus_null,DG,low_gamma,3,3,0.054460991412034754,0.018347369688384116,0.0018597896416067128,0.006998513083321529,0.05260120177042804,0.08868237904708601,0.13758750022346142,False,30
decoding,r2_minus_null,DG,theta,3,3,0.1212203380276945,0.04279410945645815,0.013790044217631118,0.004718675590160546,0.10743029381006337,0.12706557522403,0.14118397247114445,False,30
decoding,r2_minus_null,DG,total,3,3,0.10900026521648531,0.02960172499160217,0.013748544810843163,0.0024837259126697384,0.09525172040564216,0.08349969254473684,0.13758750022346142,False,30
decoding,r2_minus_null,DLS,beta,10,5,0.011523110262035752,0.0034146804000317263,0.00608000237221149,0.0026627567887360865,0.005443107889824262,0.23136572033896718,0.23136572033896716,False,30
decoding,r2_minus_null,DLS,high_gamma,10,5,0.029133292664224385,0.007204842405547306,0.01498566646653401,0.003804317420642253,0.014147626197690376,0.10699570670167553,0.13758750022346142,False,30
decoding,r2_minus_null,DLS,low_gamma,10,5,0.025829602110251527,0.007875729466672109,0.005183847350654647,0.001920830386673317,0.02064575475959688,0.028976135915635793,0.07188679898087295,False,30
decoding,r2_minus_null,DLS,theta,10,5,0.019697513803399347,0.005294368029935532,0.008284578115080765,0.0036386358092398686,0.011412935688318582,0.0990527041748343,0.13758750022346142,False,30
decoding,r2_minus_null,DLS,total,10,5,0.03673899801892459,0.009764472128837754,0.014399443724189175,0.004440087736373113,0.022339554294735418,0.05942778792221004,0.11885557584442008,False,30
decoding,r2_minus_null,DMS,beta,13,5,0.01024612892686441,0.0032576774096813124,0.002200892615779715,0.001723793565224775,0.008045236311084695,0.044375266299584555,0.09508985635625263,False,30
decoding,r2_minus_null,DMS,high_gamma,13,5,0.04081050278860899,0.00887401290866653,0.00783887028564978,0.002428093530111205,0.03297163250295921,0.0031094738711475176,0.05176626882000423,False,30
decoding,r2_minus_null,DMS,low_gamma,13,5,0.029842012206581985,0.009022877356319332,0.004632551272560903,0.0018414553518546499,0.025209460934021082,0.016983204743029893,0.06431979420716785,False,30
decoding,r2_minus_null,DMS,theta,13,5,0.028188985331704535,0.0075449412214218655,0.0069780665837089195,0.004850641733710276,0.021210918747995616,0.031150946225044947,0.07188679898087295,False,30
decoding,r2_minus_null,DMS,total,13,5,0.04213559565825496,0.009036477727377427,0.010764274389619799,0.002639375881715226,0.03137132126863516,0.005005725150032727,0.05176626882000423,False,30
decoding,r2_minus_null,V1,beta,5,3,0.0695988866328825,0.024943854015199225,0.01727745999293599,0.013474508684820094,0.0523214266399465,0.11704511889374528,0.13758750022346142,False,30
decoding,r2_minus_null,V1,high_gamma,5,3,0.11411111937909708,0.028840468629745784,0.015752218664955835,0.0013598232362884504,0.09835890071414125,0.026923526445513577,0.07188679898087295,False,30
decoding,r2_minus_null,V1,low_gamma,5,3,0.11868431864389599,0.03865124839109084,0.02282399978594296,0.006586674947006347,0.09586031885795303,0.06742148444481781,0.1264152833340334,False,30
decoding,r2_minus_null,V1,theta,5,3,0.11422914835435485,0.047241438503291634,0.02944808970883846,0.01219442907983705,0.0847810586455164,0.14909955135010453,0.15974951930368345,False,30
decoding,r2_minus_null,V1,total,5,3,0.14859655718885373,0.04388860318013297,-0.03172026537262207,0.0748997012018181,0.1803168225614758,0.11840317221847738,0.13758750022346142,False,30
reliability,split_half_r,ACC,beta,12,4,0.573435895767388,0.04049963922877247,0.13672680238231347,0.062369176995631305,0.43670909338507446,0.001229809986089675,0.0036894299582690255,True,30
reliability,split_half_r,ACC,high_gamma,12,4,0.6842980658733328,0.04290549160914912,0.2211885195510871,0.02480102443502887,0.46310954632224566,2.2889850917991473e-07,1.9363494213352527e-06,True,30
reliability,split_half_r,ACC,low_gamma,12,4,0.5238902038188719,0.05403747211071447,0.020657885807207003,0.06322702864977733,0.5032323180116649,0.0003309104227021376,0.001240914085133016,True,30
reliability,split_half_r,ACC,theta,12,4,0.7669535526960539,0.023317618977942923,0.45950288565214503,0.10090937560821316,0.3074506670439089,0.0519504999579168,0.097407187421094,False,30
reliability,split_half_r,ACC,total,12,4,0.7799339654188796,0.03324805443664557,0.5539549287524825,0.12906771029959557,0.22597903666639707,0.17752500261541812,0.23120642439033856,False,30
reliability,split_half_r,CA1,beta,3,3,0.5884512293837484,0.23480014033913627,0.24364719553922032,0.1366207434016561,0.34480403384452807,0.28843995452773585,0.34612794543328307,False,30
reliability,split_half_r,CA1,high_gamma,3,3,0.7430027377044728,0.04278720335284193,0.37384704459135,0.07530607470995761,0.3691556931131228,0.021203065690043838,0.04901886961262793,True,30
reliability,split_half_r,CA1,low_gamma,3,3,0.543039911205941,0.0955174702285984,0.3368362088514026,0.20180778440751052,0.2062037023545384,0.42699610800525767,0.4447156645308198,False,30
reliability,split_half_r,CA1,theta,3,3,0.916665404440033,0.009155944596956124,0.35208103007187425,0.12726989210331724,0.5645843743681587,0.04658612105274192,0.09394525574565346,False,30
reliability,split_half_r,CA1,total,3,3,0.8761195111713532,0.023693691069975563,0.5091511606116578,0.1566576365720514,0.36696835055969546,0.14098667301023127,0.20140953287175895,False,30
reliability,split_half_r,DG,beta,3,3,0.6332475324014807,0.090639438600069,0.19002737783741463,0.12103891360163824,0.44322015456406605,0.04697262787282673,0.09394525574565346,False,30
reliability,split_half_r,DG,high_gamma,3,3,0.689391242648489,0.0010644873431255543,-0.08510685166672337,0.3793442479596417,0.7744980943152124,0.17794734781839583,0.23120642439033856,False,30
reliability,split_half_r,DG,low_gamma,3,3,0.5543755889262486,0.04630341577461734,0.14098538722768783,0.17101253407570136,0.4133902016985608,0.12862601306997448,0.1929390196049617,False,30
reliability,split_half_r,DG,theta,3,3,0.8501357989923481,0.03676010557625319,0.29435108804168325,0.16797545523139842,0.5557847109506648,0.0742749627093577,0.12379160451559616,False,30
reliability,split_half_r,DG,total,3,3,0.7858068072349003,0.048672812462365565,0.18093745499373215,0.2098807313404653,0.6048693522411681,0.09539022752363892,0.15061614872153514,False,30
reliability,split_half_r,DLS,beta,10,5,0.6647602450645023,0.038863196947948375,0.06582966107844757,0.08407372148420042,0.5989305839860547,0.0007555807906737965,0.002518602635579322,True,30
reliability,split_half_r,DLS,high_gamma,10,5,0.6452640470735893,0.04270182405655173,0.1847937248492945,0.0542839470963014,0.46047032222429485,9.39744886936632e-05,0.0005638469321619792,True,30
reliability,split_half_r,DLS,low_gamma,10,5,0.593625513438377,0.0363641551545082,0.08547995711554714,0.032778471793731404,0.5081455563228299,2.5817992284470036e-07,1.9363494213352527e-06,True,30
reliability,split_half_r,DLS,theta,10,5,0.7197279925533764,0.05816013270031091,0.1876184810880132,0.11783408467847048,0.5321095114653631,0.006667312059863519,0.018183578345082326,True,30
reliability,split_half_r,DLS,total,10,5,0.7546529305266529,0.0353003392819167,0.24730202915406135,0.0612353227804288,0.5073509013725916,0.00021214971447285484,0.0009092130620265207,True,30
reliability,split_half_r,DMS,beta,13,5,0.602830028936752,0.03411238639451268,0.019543352116638345,0.022189331107033018,0.5832866768201136,1.7805448550287276e-10,5.341634565086183e-09,True,30
reliability,split_half_r,DMS,high_gamma,13,5,0.6481818860201837,0.03707372482856472,0.12268567925981097,0.025738942583076387,0.5254962067603727,4.438850240170983e-09,6.658275360256475e-08,True,30
reliability,split_half_r,DMS,low_gamma,13,5,0.4756043305134925,0.06207852216665941,0.04553140143437005,0.05410415464338025,0.4300729290791224,0.0001417564901208774,0.0007087824506043871,True,30
reliability,split_half_r,DMS,theta,13,5,0.7738683240594079,0.03548262360298964,0.22820239700152908,0.15237367133412322,0.5456659270578788,0.021241510165472103,0.04901886961262793,True,30
reliability,split_half_r,DMS,total,13,5,0.7888717841392302,0.03875610248467498,0.5204635573279056,0.10788479792050946,0.2684082268113246,0.06554286223284501,0.11566387452855002,False,30
reliability,split_half_r,V1,beta,5,3,0.8583049217031846,0.06834336089975102,0.6503064816738252,0.26586400028188123,0.2079984400293594,0.5194764001648065,0.5194764001648065,False,30
reliability,split_half_r,V1,high_gamma,5,3,0.8036832749317375,0.06462046771070679,0.5489902690642142,0.13327732631914738,0.2546930058675233,0.18496513951227084,0.23120642439033856,False,30
reliability,split_half_r,V1,low_gamma,5,3,0.7180494884497016,0.08701170632280694,0.5284991776561232,0.18787008714276995,0.18955031079357842,0.4298918090464592,0.4447156645308198,False,30
reliability,split_half_r,V1,theta,5,3,0.8413726653151828,0.0640368384963679,0.49756666001267597,0.2681984671100748,0.3438060053025069,0.32738704888215003,0.3777542871717116,False,30
reliability,split_half_r,V1,total,5,3,0.9236887826832423,0.024624872387027034,0.6585588993789604,0.26060200140635714,0.2651298833042819,0.4161250492473165,0.4447156645308198,False,30
moving_reliability,obs_minus_shuffle_expert,ACC,beta,12,4,0.006025439035294317,0.005646035405119899,-0.0023897170007611945,0.019175512267529633,0.008415156036055511,0.6980801885746806,0.8726002357183507,False,20
moving_reliability,obs_minus_shuffle_expert,ACC,high_gamma,12,4,0.023088941427355448,0.008032132076801807,-0.007426063983657917,0.011389465482261905,0.030515005411013367,0.06897646819861152,0.27590587279444606,False,20
moving_reliability,obs_minus_shuffle_expert,ACC,low_gamma,12,4,0.009333666189116055,0.004168212469902335,-0.027191559826279493,0.007171140527562732,0.03652522601539555,0.006364047775239276,0.12728095550478552,False,20
moving_reliability,obs_minus_shuffle_expert,ACC,theta,12,4,0.014622535633597408,0.009434331059719225,-0.0018844732269238064,0.022945022720819032,0.016507008860521213,0.541642151760468,0.8106926832668033,False,20
moving_reliability,obs_minus_shuffle_expert,ACC,total,12,4,0.02072996674213782,0.007526037776496963,-0.000181233012083041,0.02853889496242212,0.02091119975422086,0.5238147898605651,0.8106926832668033,False,20
moving_reliability,obs_minus_shuffle_expert,CA1,beta,2,3,0.01220884885563449,0.03052104847549045,0.021968295413108584,0.013859110777786867,-0.009759446557474094,nan,nan,False,20
moving_reliability,obs_minus_shuffle_expert,CA1,high_gamma,2,3,0.0254282579139226,0.014360138283346235,0.048651079223670436,0.016792426868948357,-0.023222821309747836,nan,nan,False,20
moving_reliability,obs_minus_shuffle_expert,CA1,low_gamma,2,3,0.025887457917608856,0.012522184232243761,0.006235129412832493,0.012606485452936975,0.019652328504776363,nan,nan,False,20
moving_reliability,obs_minus_shuffle_expert,CA1,theta,2,3,0.06955354987301629,0.03749300494166155,0.007970580700920384,0.020435438415404288,0.06158296917209591,nan,nan,False,20
moving_reliability,obs_minus_shuffle_expert,CA1,total,2,3,0.04140800935285589,0.0080784155394203,0.021636711899378547,0.013110780829214382,0.019771297453477346,nan,nan,False,20
moving_reliability,obs_minus_shuffle_expert,DG,beta,2,3,0.021427713272605974,0.0031089851637663593,0.007245741002627507,0.024571523281656387,0.014181972269978468,nan,nan,False,20
moving_reliability,obs_minus_shuffle_expert,DG,high_gamma,2,3,0.04833640858143362,0.02066299674405799,0.008372041312820827,0.01184584917634003,0.03996436726861279,nan,nan,False,20
moving_reliability,obs_minus_shuffle_expert,DG,low_gamma,2,3,0.03470893376127654,0.0008687585442845071,-0.0009780038607828622,0.016263217959235802,0.0356869376220594,nan,nan,False,20
moving_reliability,obs_minus_shuffle_expert,DG,theta,2,3,0.00973298387099967,0.009848108935761017,0.0045721687992252786,0.012958733891071508,0.005160815071774392,nan,nan,False,20
moving_reliability,obs_minus_shuffle_expert,DG,total,2,3,0.06275538300529876,0.016944676391949635,-0.02655458667637539,0.007579808756974959,0.08930996968167415,nan,nan,False,20
moving_reliability,obs_minus_shuffle_expert,DLS,beta,10,5,0.020727304200369136,0.009943687614525415,0.007099661521131904,0.006566870611423676,0.013627642679237231,0.2734120274750075,0.6075822832777944,False,20
moving_reliability,obs_minus_shuffle_expert,DLS,high_gamma,10,5,0.00711041256149629,0.009161992369987078,-0.008344411080220675,0.0037561918042439907,0.015454823641716966,0.14555571551665927,0.36388928879164817,False,20
moving_reliability,obs_minus_shuffle_expert,DLS,low_gamma,10,5,0.016164725212578546,0.006286941332957476,-0.0021640792642738395,0.004492922406560594,0.018328804476852385,0.03388900972901121,0.27590587279444606,False,20
moving_reliability,obs_minus_shuffle_expert,DLS,theta,10,5,0.03525021209536712,0.00836503165318586,0.01143417108455729,0.00814211132942488,0.02381604101080983,0.0653997247404836,0.27590587279444606,False,20
moving_reliability,obs_minus_shuffle_expert,DLS,total,10,5,0.020191087236413024,0.00788865888889102,-0.0027402053925838317,0.007346607232676012,0.022931292628996857,0.05548136615944012,0.27590587279444606,False,20
moving_reliability,obs_minus_shuffle_expert,DMS,beta,12,5,-0.0025858208305788864,0.004462695685740242,-0.003964183122061835,0.004412498837768614,0.0013783622914829486,0.8298941841619425,0.9221046490688249,False,20
moving_reliability,obs_minus_shuffle_expert,DMS,high_gamma,12,5,0.012154722972722925,0.007021096616559158,-0.0001584244894705272,0.0018593062171780052,0.012313147462193452,0.11490572596245323,0.36388928879164817,False,20
moving_reliability,obs_minus_shuffle_expert,DMS,low_gamma,12,5,0.007451576654322473,0.005957524469614036,0.0034014236735721154,0.007301746417727588,0.004050152980750357,0.6768828941232525,0.8726002357183507,False,20
moving_reliability,obs_minus_shuffle_expert,DMS,theta,12,5,0.024913066941984627,0.01461477948048491,0.004262814902653594,0.019025429445799644,0.020650252039331032,0.4117714178343562,0.8106926832668033,False,20
moving_reliability,obs_minus_shuffle_expert,DMS,total,12,5,0.009252912309074622,0.009051090257400982,0.007525564009527873,0.030035993413360412,0.0017273482995467495,0.958330419685399,0.9963121591316535,False,20
moving_reliability,obs_minus_shuffle_expert,V1,beta,4,3,0.051515183431837,0.04247551661470763,0.012574559986069848,0.020840564828864754,0.03894062344576715,0.45417315106032474,0.8106926832668033,False,20
moving_reliability,obs_minus_shuffle_expert,V1,high_gamma,4,3,0.04121329999116104,0.023544196439355923,0.0519236212922661,0.026017956812078327,-0.010710321301105066,0.7735906258516767,0.9101066186490314,False,20
moving_reliability,obs_minus_shuffle_expert,V1,low_gamma,4,3,0.022770546977215988,0.004933989322435139,0.022712437963401774,0.010443189311559105,5.8109013814214294e-05,0.9963121591316535,0.9963121591316535,False,20
moving_reliability,obs_minus_shuffle_expert,V1,theta,4,3,0.025802201489183912,0.018429278278795293,-0.0005218477980897205,0.03675428475516363,0.026324049287273634,0.5674848782867623,0.8106926832668033,False,20
moving_reliability,obs_minus_shuffle_expert,V1,total,4,3,0.0707359842850212,0.025248608091845634,0.010123645145228214,0.023633887463755998,0.06061233913979299,0.14114542409993058,0.36388928879164817,False,20
behaviour,speed_profile_split_half_r,behaviour,speed_profile_split_half_r,13,5,0.9789065979701591,0.005804203585376912,0.6752641271734782,0.0717565250420012,0.30364247079668094,0.013133986604925981,0.013133986604925981,True,1
behaviour,mean_speed_cm_s,behaviour,mean_speed_cm_s,13,5,35.51224733084796,4.092923726405174,21.209998757256944,1.3937174569818878,14.302248573591019,0.005026527725438304,0.005026527725438304,True,1
behaviour,speed_bin_cv,behaviour,speed_bin_cv,13,5,0.481042787584057,0.02364182296144887,0.4418744484816187,0.01988841408152526,0.03916833910243828,0.22557299658443775,0.22557299658443775,False,1
cca,heldout_cc1,ACC-DLS,beta,10,4,0.36160464623141536,0.07861901286382332,0.22700143540754847,0.045366914806563435,0.1346032108238669,0.16387881296409182,0.4469422171747958,False,30
cca,heldout_cc1,ACC-DLS,high_gamma,10,4,0.3713097856401609,0.09132606434462742,0.14766044251561922,0.03220045269666189,0.2236493431245417,0.04158854225150567,0.3553217122798345,False,30
cca,heldout_cc1,ACC-DLS,low_gamma,10,4,0.45725018303590764,0.0987091880451598,0.27455289341201605,0.06970955874637161,0.1826972896238916,0.1573758894422302,0.4469422171747958,False,30
cca,heldout_cc1,ACC-DLS,theta,10,4,0.5348066373292555,0.05547053591330954,0.6340440116184551,0.09180114958983078,-0.09923737428919965,0.3946534445305893,0.6397800089696388,False,30
cca,heldout_cc1,ACC-DLS,total,10,4,0.6118842408769047,0.07583691640842341,0.5250246800439251,0.1510894029175602,0.08685956083297963,0.6310811724040557,0.7572974068848669,False,30
cca,heldout_cc1,ACC-DMS,beta,12,4,0.410017990557515,0.06691874346845268,0.2223104222505015,0.059301293823130485,0.1877075683070135,0.060243936121427276,0.3553217122798345,False,30
cca,heldout_cc1,ACC-DMS,high_gamma,12,4,0.433255235435726,0.06876878134253317,0.2263538442947522,0.06554266371285433,0.20690139114097383,0.054565045940582736,0.3553217122798345,False,30
cca,heldout_cc1,ACC-DMS,low_gamma,12,4,0.43577912940194263,0.06529674678566763,0.27211735134306325,0.06038590807816743,0.16366177805887938,0.09475245660795586,0.3553217122798345,False,30
cca,heldout_cc1,ACC-DMS,theta,12,4,0.5153109506624575,0.05077082377805374,0.6393724241565182,0.12368426948509118,-0.12406147349406071,0.40519400568077124,0.6397800089696388,False,30
cca,heldout_cc1,ACC-DMS,total,12,4,0.6426947891105931,0.07200805534493292,0.5523379199988248,0.14898590502399495,0.09035686911176832,0.6109999713168406,0.7572974068848669,False,30
cca,heldout_cc1,CA1-DG,beta,3,3,0.9297316412865327,0.029128141660898898,0.7769328554501619,0.1284471674860157,0.15279878583637085,0.3561520200191221,0.6397800089696388,False,30
cca,heldout_cc1,CA1-DG,high_gamma,3,3,0.8938594118026453,0.043549159023005574,0.8430640936416959,0.08286830479393813,0.0507953181609494,0.6248152206784658,0.7572974068848669,False,30
cca,heldout_cc1,CA1-DG,low_gamma,3,3,0.9349878148836644,0.030217689994112673,0.8469011603499491,0.08885378965186473,0.08808665453371534,0.4307724888056319,0.6461587332084479,False,30
cca,heldout_cc1,CA1-DG,theta,3,3,0.9361769350655811,0.015655721164133506,0.8449896255817956,0.07469505106958604,0.0911873094837855,0.34613046536973713,0.6397800089696388,False,30
cca,heldout_cc1,CA1-DG,total,3,3,0.9295416503492184,0.0318586252146314,0.7829483390985733,0.11048038383501943,0.14659331125064512,0.3146372015598166,0.6397800089696388,False,30
cca,heldout_cc1,CA1-V1,beta,3,3,0.683233448382261,0.07382288421410267,0.9196610311863654,0.02648894203801088,-0.23642758280410447,0.07161922394340181,0.3553217122798345,False,30
cca,heldout_cc1,CA1-V1,high_gamma,3,3,0.5539002096435088,0.10972164975090283,0.9258487000438728,0.03828514014327881,-0.37194849040036393,0.06408170511504822,0.3553217122798345,False,30
cca,heldout_cc1,CA1-V1,low_gamma,3,3,0.746920117172674,0.04072509020122185,0.9466004196920753,0.020525811263263753,-0.19968030251940128,0.02275692834869919,0.3553217122798345,False,30
cca,heldout_cc1,CA1-V1,theta,3,3,0.777989446627329,0.10264887121448382,0.920413242906433,0.024027299266066636,-0.14242379627910395,0.2979657732974361,0.6397800089696388,False,30
cca,heldout_cc1,CA1-V1,total,3,3,0.7487565182075401,0.09698588868775533,0.6715613454200843,0.27471467487598533,0.0771951727874558,0.811398407968684,0.9160640051062932,False,30
cca,heldout_cc1,DG-V1,beta,3,3,0.5229393826912713,0.028764372314710407,0.5679038942122285,0.2025089042862008,-0.04496451152095726,0.8456970201546556,0.9160640051062932,False,30
cca,heldout_cc1,DG-V1,high_gamma,3,3,0.3966036122593026,0.05432079099761102,0.7453516680709829,0.1253653549368965,-0.3487480558116803,0.09215545510255242,0.3553217122798345,False,30
cca,heldout_cc1,DG-V1,low_gamma,3,3,0.5829157675680804,0.04040410662139354,0.7039118308928408,0.13243299947972592,-0.12099606332476043,0.4616781135899974,0.6595401622714249,False,30
cca,heldout_cc1,DG-V1,theta,3,3,0.6712996162938669,0.0823210720597807,0.6646017131893295,0.12723681221821365,0.006697903104537439,0.9672007373947709,0.9672007373947709,False,30
cca,heldout_cc1,DG-V1,total,3,3,0.5746083615017444,0.03703586255351162,0.5455055369379589,0.1764581971879869,0.029102824563785545,0.8855285382694168,0.9160640051062932,False,30
cca,heldout_cc1,DLS-DMS,beta,10,5,0.47193337461678125,0.0959644705194758,0.40014690419683374,0.048495459432424455,0.07178647041994751,0.5166247829369781,0.7044883403686065,False,30
cca,heldout_cc1,DLS-DMS,high_gamma,10,5,0.5032541966531251,0.0860167524211689,0.33678576854840037,0.05682269237815767,0.16646842810472473,0.1303596065226327,0.43453202174210903,False,30
cca,heldout_cc1,DLS-DMS,low_gamma,10,5,0.5487457414841418,0.08624207360119691,0.4627635329821042,0.04591648073151493,0.08598220850203758,0.39537527349874213,0.6397800089696388,False,30
cca,heldout_cc1,DLS-DMS,theta,10,5,0.7269902489646329,0.059555879834014336,0.8039442470239025,0.056393808272805795,-0.07695399805926961,0.36736524373474533,0.6397800089696388,False,30
cca,heldout_cc1,DLS-DMS,total,10,5,0.7325908872634026,0.060232787328021675,0.7481734110761696,0.06664563664096453,-0.015582523812767035,0.8656858265299026,0.9160640051062932,False,30
