cohort,metric,area,band,n_animals,mean_delta,sem_delta,p_raw,p_floor,reachable,p_fdr,survives_fdr,family_size
task,r2_minus_null,DMS,theta,16,0.032120868977021697,0.0066953115710677025,3.0517578125e-05,3.0517578125e-05,True,0.00026157924107142856,True,30
task,r2_minus_null,DMS,beta,16,0.014954760167606211,0.006206094864743095,0.001617431640625,3.0517578125e-05,True,0.0034659249441964285,True,30
task,r2_minus_null,DMS,low_gamma,16,0.034104494748068356,0.011238080431180894,3.0517578125e-05,3.0517578125e-05,True,0.00026157924107142856,True,30
task,r2_minus_null,DMS,high_gamma,16,0.048831793320855243,0.011597147751582937,6.103515625e-05,3.0517578125e-05,True,0.00026157924107142856,True,30
task,r2_minus_null,DMS,total,16,0.048918598638892745,0.011425086418357122,6.103515625e-05,3.0517578125e-05,True,0.00026157924107142856,True,30
task,r2_minus_null,DLS,theta,12,0.03278350467609554,0.010694491716775355,0.0009765625,0.00048828125,True,0.002253605769230769,True,30
task,r2_minus_null,DLS,beta,12,0.02316041395159239,0.010567626014883515,0.0009765625,0.00048828125,True,0.002253605769230769,True,30
task,r2_minus_null,DLS,low_gamma,12,0.05115590334416015,0.022306392962553812,0.00537109375,0.00048828125,True,0.0107421875,True,30
task,r2_minus_null,DLS,high_gamma,12,0.05285265145491903,0.020901947333037005,0.00048828125,0.00048828125,True,0.0013316761363636363,True,30
task,r2_minus_null,DLS,total,12,0.06261594796343867,0.026355785084051852,0.00048828125,0.00048828125,True,0.0013316761363636363,True,30
task,r2_minus_null,ACC,theta,15,0.07807645185707578,0.017144963466044445,0.0001220703125,6.103515625e-05,True,0.000457763671875,True,30
task,r2_minus_null,ACC,beta,15,0.032238063152178316,0.011102628696376737,0.00042724609375,6.103515625e-05,True,0.0013316761363636363,True,30
task,r2_minus_null,ACC,low_gamma,15,0.06539404037178906,0.018086042937955942,6.103515625e-05,6.103515625e-05,True,0.00026157924107142856,True,30
task,r2_minus_null,ACC,high_gamma,15,0.06736888619446198,0.015178896406801668,6.103515625e-05,6.103515625e-05,True,0.00026157924107142856,True,30
task,r2_minus_null,ACC,total,15,0.09499442677427485,0.02179670467379833,6.103515625e-05,6.103515625e-05,True,0.00026157924107142856,True,30
task,r2_minus_null,V1,theta,5,0.1258548983149071,0.05091568901169642,0.125,0.0625,False,0.1875,False,30
task,r2_minus_null,V1,beta,5,0.07572915890310394,0.02484122848124787,0.0625,0.0625,False,0.09868421052631579,False,30
task,r2_minus_null,V1,low_gamma,5,0.11903144742295642,0.04195918504119666,0.0625,0.0625,False,0.09868421052631579,False,30
task,r2_minus_null,V1,high_gamma,5,0.11722056546517141,0.024368587758539673,0.0625,0.0625,False,0.09868421052631579,False,30
task,r2_minus_null,V1,total,5,0.1531068008874626,0.04514941187700306,0.0625,0.0625,False,0.09868421052631579,False,30
task,r2_minus_null,CA1,theta,3,0.12579199450065723,0.043590019793886596,0.25,0.25,False,0.25,False,30
task,r2_minus_null,CA1,beta,3,0.039025705502870434,0.01327144083238741,0.25,0.25,False,0.25,False,30
task,r2_minus_null,CA1,low_gamma,3,0.0767448738806245,0.032549738690877676,0.25,0.25,False,0.25,False,30
task,r2_minus_null,CA1,high_gamma,3,0.08311651663450781,0.02584317242361212,0.25,0.25,False,0.25,False,30
task,r2_minus_null,CA1,total,3,0.10251626324303047,0.02711789341844104,0.25,0.25,False,0.25,False,30
task,r2_minus_null,DG,theta,3,0.13667762151845253,0.04566851311885613,0.25,0.25,False,0.25,False,30
task,r2_minus_null,DG,beta,3,0.038453997819950146,0.012935358299558808,0.25,0.25,False,0.25,False,30
task,r2_minus_null,DG,low_gamma,3,0.06860645600549524,0.02659007232490155,0.25,0.25,False,0.25,False,30
task,r2_minus_null,DG,high_gamma,3,0.04435839459924614,0.008278508923965875,0.25,0.25,False,0.25,False,30
task,r2_minus_null,DG,total,3,0.12606636678650285,0.030552775246350954,0.25,0.25,False,0.25,False,30
