metric,area,band,n_animals,mean_delta,sem_delta,t,p_raw,cohort,p_fdr,survives_fdr,family_size
z_corridor,DMS,theta,5,0.0704646819187903,0.05986765634760899,1.1770075232217525,0.30444796691848675,control,0.6642501096403347,False,24
z_corridor,DMS,beta,5,0.09195496628105242,0.055853579448989506,1.6463576227023,0.17503551302744996,control,0.560932317478727,False,24
z_corridor,DMS,low_gamma,5,0.23565891593645846,0.04552899212794977,5.17601872833442,0.006624452195944537,control,0.07949342635133444,False,24
z_corridor,DMS,high_gamma,5,0.15220669025682393,0.022575307169063773,6.74217582586878,0.002522308614905742,control,0.0605354067577378,False,24
z_corridor,DLS,theta,5,0.07583973358154639,0.0439197787577877,1.7267785887491238,0.15928163489417912,control,0.560932317478727,False,24
z_corridor,DLS,beta,5,0.07830075910102201,0.04149934097962981,1.88679524186797,0.13223900972822789,control,0.560932317478727,False,24
z_corridor,DLS,low_gamma,5,0.19234933252909708,0.04595853507435599,4.185279888009843,0.013859148254333905,control,0.11087318603467124,False,24
z_corridor,DLS,high_gamma,5,0.07978167406632429,0.025287979486097747,3.154924817547596,0.034351053528394716,control,0.2061063211703683,False,24
z_corridor,ACC,theta,4,-0.067324990079621,0.039781061326810786,-1.6923879814701361,0.1891486864389366,control,0.560932317478727,False,24
z_corridor,ACC,beta,4,0.012515572738484141,0.01936958935378967,0.6461454866122632,0.564208418385682,control,0.8463126275785231,False,24
z_corridor,ACC,low_gamma,4,0.07066139463844115,0.044478875936494466,1.5886506380990666,0.21034961905452262,control,0.560932317478727,False,24
z_corridor,ACC,high_gamma,4,0.04346489555435259,0.08184534109422455,0.5310613282717409,0.6321802861827143,control,0.8505169236810235,False,24
z_corridor,V1,theta,3,-0.12253836029470662,0.08608351463198442,-1.4234823103885836,0.29058738465872885,control,0.6642501096403347,False,24
z_corridor,V1,beta,3,0.01712828391716742,0.06614109097894494,0.2589658510867316,0.8198784773643057,control,0.8953650317375249,False,24
z_corridor,V1,low_gamma,3,0.05491844069460944,0.05786651683016988,0.9490538519155624,0.44276394604872227,control,0.7590239075120954,False,24
z_corridor,V1,high_gamma,3,0.005545375673941745,0.05692852597307618,0.09740943716976581,0.9312839383261656,control,0.9374690812614567,False,24
z_corridor,CA1,theta,3,-0.01403107840706265,0.054453836049297225,-0.25766923737678044,0.8207512790927312,control,0.8953650317375249,False,24
z_corridor,CA1,beta,3,-0.002651363387039757,0.029923246633410377,-0.0886054718434,0.9374690812614566,control,0.9374690812614567,False,24
z_corridor,CA1,low_gamma,3,0.0327220139923356,0.032404700298264213,1.0097922119677307,0.41889911989065287,control,0.7590239075120954,False,24
z_corridor,CA1,high_gamma,3,-0.04224289661233225,0.05920152314823278,-0.7135440841034043,0.5495382535014072,control,0.8463126275785231,False,24
z_corridor,DG,theta,3,-0.015337524287286056,0.05429542603176898,-0.2824828057949461,0.8041238347616558,control,0.8953650317375249,False,24
z_corridor,DG,beta,3,0.019489025620082798,0.05439165472906468,0.3583091140940902,0.7543975371797184,control,0.8953650317375249,False,24
z_corridor,DG,low_gamma,3,-0.016164381529276725,0.02942248696950765,-0.5493886885234712,0.6378876927607676,control,0.8505169236810235,False,24
z_corridor,DG,high_gamma,3,-0.06703080026931543,0.053988146852261845,-1.2415836471058121,0.34024829043802174,control,0.6804965808760435,False,24
z_corridor_speed_resid,DMS,theta,5,0.06702440778313902,0.058199968716412864,1.1516227458767962,0.3136263597713037,control,0.5314696383985116,False,24
z_corridor_speed_resid,DMS,beta,5,0.11402693987901247,0.049852878291922045,2.287268935833719,0.08410978719662845,control,0.28837641324558333,False,24
z_corridor_speed_resid,DMS,low_gamma,5,0.24803881699854338,0.0468539290860256,5.293874427118687,0.0061124393946196546,control,0.046140562512608695,True,24
z_corridor_speed_resid,DMS,high_gamma,5,0.17581187109418495,0.030242301925170165,5.813442096081305,0.004357736169177684,control,0.046140562512608695,True,24
z_corridor_speed_resid,DLS,theta,5,0.07832817145285083,0.04231886710268134,1.8509042612789584,0.13784497603959994,control,0.34948454124880046,False,24
z_corridor_speed_resid,DLS,beta,5,0.09887326409780943,0.029958192890897586,3.3003747742024454,0.029922908842729447,control,0.14362996244510134,False,24
z_corridor_speed_resid,DLS,low_gamma,5,0.20561179206962246,0.03924307519277273,5.239441380666551,0.006342678443170176,control,0.046140562512608695,True,24
z_corridor_speed_resid,DLS,high_gamma,5,0.09002377630814709,0.01813926463274925,4.9629231465985155,0.007690093752101449,control,0.046140562512608695,True,24
z_corridor_speed_resid,ACC,theta,4,-0.04096967557095803,0.03616707814643456,-1.1327892014134662,0.33965202420627777,control,0.5314696383985116,False,24
z_corridor_speed_resid,ACC,beta,4,0.027020119513917824,0.009954970332318324,2.7142340571521673,0.0729032582454258,control,0.28837641324558333,False,24
z_corridor_speed_resid,ACC,low_gamma,4,0.07522231169740126,0.036351406004879405,2.069309552629251,0.13032827338293393,control,0.34948454124880046,False,24
z_corridor_speed_resid,ACC,high_gamma,4,0.05366164374811905,0.08352630119049326,0.6424520538235766,0.5663035434654453,control,0.7153307917458257,False,24
z_corridor_speed_resid,V1,theta,3,-0.12559480234730006,0.08857411701006664,-1.4179627930473861,0.2919577723526375,control,0.5314696383985116,False,24
z_corridor_speed_resid,V1,beta,3,0.010481998410244877,0.05059776171848473,0.2071632826085175,0.8550602651107191,control,0.8922367983764026,False,24
z_corridor_speed_resid,V1,low_gamma,3,0.055849640275301836,0.04670362698841141,1.1958308995821636,0.3543130922656744,control,0.5314696383985116,False,24
z_corridor_speed_resid,V1,high_gamma,3,0.002294365238098048,0.04467125428220151,0.05136111074034019,0.9637061378914814,control,0.9637061378914814,False,24
z_corridor_speed_resid,CA1,theta,3,-0.06358982256418867,0.027348197633179597,-2.325192446577896,0.14561855885366684,control,0.34948454124880046,False,24
z_corridor_speed_resid,CA1,beta,3,-0.007130976140473711,0.0285208719971178,-0.25002658197808036,0.8259043957056067,control,0.8922367983764026,False,24
z_corridor_speed_resid,CA1,low_gamma,3,0.01994264870838895,0.03303704064452189,0.6036451304150264,0.6074252349847601,control,0.728910281981712,False,24
z_corridor_speed_resid,CA1,high_gamma,3,-0.051068140300689624,0.045282991825411255,-1.1277554384565185,0.3765244738025879,control,0.5315639630154182,False,24
z_corridor_speed_resid,DG,theta,3,-0.054810553133658325,0.04355789328451373,-1.2583380186834079,0.3352646254881131,control,0.5314696383985116,False,24
z_corridor_speed_resid,DG,beta,3,0.022042598778844277,0.05590881057406719,0.39425984120414365,0.7314565953129402,control,0.8359503946433603,False,24
z_corridor_speed_resid,DG,low_gamma,3,-0.026053029857662252,0.035131867888987804,-0.7415782713286547,0.5356000573504249,control,0.7141334098005666,False,24
z_corridor_speed_resid,DG,high_gamma,3,-0.07917789868008036,0.04076029566852196,-1.942525130926056,0.1915546339252445,control,0.4179373831096243,False,24
frac_of_total_corridor,DMS,theta,5,-0.0004118720241053864,0.00626664831767834,-0.06572445160892262,0.9507509720099154,control,0.97510380332055,False,24
frac_of_total_corridor,DMS,beta,5,0.0010153590525944084,0.0033633034196362075,0.30189338454162873,0.7777786920134901,control,0.8633307754647862,False,24
frac_of_total_corridor,DMS,low_gamma,5,0.009990115246827646,0.007168055463759927,1.3936994903757955,0.23585078955522953,control,0.739039580673693,False,24
frac_of_total_corridor,DMS,high_gamma,5,0.002037174409324763,0.0027903170238980047,0.7300870803844647,0.505795556026255,control,0.7494305856535912,False,24
frac_of_total_corridor,DLS,theta,5,0.010538354061664113,0.009410916941884378,1.1198009850413135,0.3254933628096466,control,0.739039580673693,False,24
frac_of_total_corridor,DLS,beta,5,0.002239333128820559,0.003268008594702443,0.6852286534529306,0.5308466648379605,control,0.7494305856535912,False,24
frac_of_total_corridor,DLS,low_gamma,5,0.010741008683609433,0.00863055070950062,1.2445334075594494,0.2812430201549995,control,0.739039580673693,False,24
frac_of_total_corridor,DLS,high_gamma,5,0.0006995788823395494,0.0019524962434155008,0.35829973281576016,0.738228244263943,control,0.8633307754647862,False,24
frac_of_total_corridor,ACC,theta,4,-0.008272798048063745,0.00299395067864094,-2.7631711193783133,0.06996652262384208,control,0.739039580673693,False,24
frac_of_total_corridor,ACC,beta,4,0.0006263233830032175,0.0021670490009172354,0.2890213293460909,0.7913865441760539,control,0.8633307754647862,False,24
frac_of_total_corridor,ACC,low_gamma,4,0.005520543679385946,0.0030421461415866204,1.8146872051671805,0.16720542788155973,control,0.739039580673693,False,24
frac_of_total_corridor,ACC,high_gamma,4,0.001595826274335705,0.0048881423394639715,0.32646886352959636,0.7655193475639991,control,0.8633307754647862,False,24
frac_of_total_corridor,V1,theta,3,-0.008709845685791731,0.006986496888202243,-1.2466685128708244,0.3387264744754427,control,0.739039580673693,False,24
frac_of_total_corridor,V1,beta,3,0.0051408498265410885,0.003500046152117563,1.4687948681564738,0.27963531270215153,control,0.739039580673693,False,24
frac_of_total_corridor,V1,low_gamma,3,0.015952006528386298,0.009754364839527845,1.6353711175271608,0.2435998796129541,control,0.739039580673693,False,24
frac_of_total_corridor,V1,high_gamma,3,0.0032739050406164634,0.003986291157242428,0.8212909974396433,0.49780286991785494,control,0.7494305856535912,False,24
frac_of_total_corridor,CA1,theta,3,0.008994285037276875,0.020251918802985977,0.4441201411468598,0.7003864474834152,control,0.8633307754647862,False,24
frac_of_total_corridor,CA1,beta,3,0.00326261725248402,0.002496834698387506,1.3067013425402443,0.3213628840459428,control,0.739039580673693,False,24
frac_of_total_corridor,CA1,low_gamma,3,0.008211703183689939,0.0055119054411414655,1.4898120570786444,0.2747313048391428,control,0.739039580673693,False,24
frac_of_total_corridor,CA1,high_gamma,3,0.001076974231578251,0.001146632574577574,0.9392496388610052,0.4467521409573587,control,0.7494305856535912,False,24
frac_of_total_corridor,DG,theta,3,0.015322085874687114,0.01699357762970923,0.9016397964310994,0.4624093183334751,control,0.7494305856535912,False,24
frac_of_total_corridor,DG,beta,3,0.011493137621585936,0.0005242799601485673,21.92175649500141,0.0020744181381224217,control,0.049786035314938124,True,24
frac_of_total_corridor,DG,low_gamma,3,0.0056937224084265825,0.007426218352004616,0.7667054937712184,0.5233933586184231,control,0.7494305856535912,False,24
frac_of_total_corridor,DG,high_gamma,3,0.00010465980541524376,0.002971647453154424,0.035219455559624566,0.9751038033205501,control,0.97510380332055,False,24
