clock,cohort,latency_half_rise_ms,latency_peak_ms,lfp_to_mua_lag_ms,mouse_id,n_onsets,offset_ms_here,offset_ms_median,window_start_s
visual,task,16.0,82.0,,1105,150,,0.0,
striatum,task,16.0,82.0,,1105,150,,0.0,
lfp_vs_mua,task,,,3,1105,,0.0,,598.798
lfp_vs_mua,task,,,0,1105,,0.0,,2013.755
lfp_vs_mua,task,,,0,1105,,0.0,,3428.713
lfp_vs_mua,task,,,10,1105,,0.0,,4843.67
lfp_vs_mua,task,,,1,1105,,0.0,,6258.628
lfp_vs_mua,task,,,-1,1105,,0.0,,7673.585
visual,control,116.0,128.0,,513,109,,12.998480997048318,
striatum,control,130.0,138.0,,513,109,,12.998480997048318,
lfp_vs_mua,control,,,-2,513,,5.665493829218799,,50.719
lfp_vs_mua,control,,,0,513,,13.79940643037804,,1432.974
lfp_vs_mua,control,,,-1,513,,22.389247449927048,,2815.229
lfp_vs_mua,control,,,0,513,,30.290591050022396,,4197.484
lfp_vs_mua,control,,,-1,513,,38.51880761135507,,5579.739
lfp_vs_mua,control,,,-300,513,,46.571898731355,,6961.993
visual,control,107.0,120.0,,515,132,,5.695614266791381,
striatum,control,111.0,124.0,,515,132,,5.695614266791381,
lfp_vs_mua,control,,,-3,515,,13.06889899659748,,666.563
lfp_vs_mua,control,,,-2,515,,5.381087629209787,,2023.342
lfp_vs_mua,control,,,-2,515,,-2.1097131050644946,,3380.121
lfp_vs_mua,control,,,-2,515,,-9.771648614318934,,4736.9
lfp_vs_mua,control,,,-2,515,,-17.517655212003906,,6093.679
lfp_vs_mua,control,,,-3,515,,-25.230134125249055,,7450.458
visual,control,106.0,113.0,,817,137,,126.58082225872204,
striatum,control,227.0,246.0,,817,137,,126.58082225872204,
lfp_vs_mua,control,,,0,817,,115.66549906350232,,845.542
lfp_vs_mua,control,,,0,817,,123.70912149504669,,2268.069
lfp_vs_mua,control,,,1,817,,132.35757479077293,,3690.596
lfp_vs_mua,control,,,0,817,,140.5982168820146,,5113.122
lfp_vs_mua,control,,,-1,817,,149.19117259224274,,6535.649
lfp_vs_mua,control,,,-1,817,,158.1922992242525,,7958.175
