cohort,mouse_id,probe,learning_point,n_trials,area,band,window,n_window_trials,n_channels,n_samples,r2,mae_bins,mae_cm,null_r2_median,chance_mae_bins
control,1205,striatum,41,145,DMS,theta,All,145,52,7197,-0.0019561474022806724,12.448792494097118,62.24396247048559,-0.012456992611633133,12.503333940899717
control,1205,striatum,41,145,DMS,theta,Trials 4-10,7,52,350,-0.10800312354482977,12.659448923842021,63.297244619210105,-0.19468077031441666,12.5
control,1205,striatum,41,145,DMS,theta,Intermediate,10,52,499,-0.20184214940436296,13.225468262813829,66.12734131406914,-0.1876590244616776,12.501957823462558
control,1205,striatum,41,145,DMS,theta,Expert,10,52,500,-0.1977442270372478,13.219258515684107,66.09629257842053,-0.15662793588805046,12.5
control,1205,striatum,41,145,DMS,beta,All,145,52,7197,-0.0037785791549631575,12.487524984871978,62.437624924359895,-0.010820350222135566,12.503333940899717
control,1205,striatum,41,145,DMS,beta,Trials 4-10,7,52,350,-0.30483353488918596,14.037868842414314,70.18934421207157,-0.23982799346407102,12.5
control,1205,striatum,41,145,DMS,beta,Intermediate,10,52,499,-0.20409257686873694,13.667870311532418,68.3393515576621,-0.15832246373796033,12.501957823462558
control,1205,striatum,41,145,DMS,beta,Expert,10,52,500,-0.21890578624588497,13.353775145286509,66.76887572643254,-0.15822428440087855,12.5
control,1205,striatum,41,145,DMS,low_gamma,All,145,52,7197,-0.003719196216730225,12.480359027929053,62.401795139645266,-0.011001976612685649,12.503333940899717
control,1205,striatum,41,145,DMS,low_gamma,Trials 4-10,7,52,350,-0.09729460930471401,12.567671668081813,62.838358340409066,-0.219214179477502,12.5
control,1205,striatum,41,145,DMS,low_gamma,Intermediate,10,52,499,-0.16015765335841747,13.114773798317817,65.57386899158908,-0.16729757290623626,12.501957823462558
control,1205,striatum,41,145,DMS,low_gamma,Expert,10,52,500,-0.19164467242127503,13.23925786694652,66.1962893347326,-0.17894455816227772,12.5
control,1205,striatum,41,145,DMS,high_gamma,All,145,52,7197,-0.0012776722920051498,12.48002611086063,62.400130554303146,-0.009431862946385206,12.503333940899717
control,1205,striatum,41,145,DMS,high_gamma,Trials 4-10,7,52,350,-0.1821497022552745,13.120743564296811,65.60371782148405,-0.21693561795523686,12.5
control,1205,striatum,41,145,DMS,high_gamma,Intermediate,10,52,499,-0.09699031199279373,12.68815544028263,63.44077720141315,-0.14946329364863353,12.501957823462558
control,1205,striatum,41,145,DMS,high_gamma,Expert,10,52,500,-0.15448016442492918,13.200293795508566,66.00146897754283,-0.14983936891799376,12.5
control,1205,striatum,41,145,DMS,total,All,145,52,7197,0.00010718623177619069,12.429597610728456,62.14798805364228,-0.010654190391464313,12.503333940899717
control,1205,striatum,41,145,DMS,total,Trials 4-10,7,52,350,-0.1400531537042804,12.759168067373144,63.79584033686572,-0.1458456837282427,12.5
control,1205,striatum,41,145,DMS,total,Intermediate,10,52,499,-0.21355685800319857,13.465724929974815,67.32862464987407,-0.13618836387662037,12.501957823462558
control,1205,striatum,41,145,DMS,total,Expert,10,52,500,-0.1743882645522048,13.201901560962183,66.00950780481091,-0.14809468227387623,12.5
control,1205,striatum,41,145,DLS,theta,All,145,72,7197,-0.01352137946465004,12.536048030772376,62.68024015386188,-0.014855643840047117,12.503333940899717
control,1205,striatum,41,145,DLS,theta,Trials 4-10,7,72,350,-0.31050730466394927,13.791251146257292,68.95625573128646,-0.405620310652137,12.5
control,1205,striatum,41,145,DLS,theta,Intermediate,10,72,499,-0.32790826678574403,13.783465939250954,68.91732969625477,-0.21923364268596246,12.501957823462558
control,1205,striatum,41,145,DLS,theta,Expert,10,72,500,-0.3385060695610975,13.965790186577582,69.8289509328879,-0.2558762577783271,12.5
control,1205,striatum,41,145,DLS,beta,All,145,72,7197,-0.008786408832673231,12.510835685905032,62.554178429525166,-0.01248311689316517,12.503333940899717
control,1205,striatum,41,145,DLS,beta,Trials 4-10,7,72,350,-0.31735821852090207,13.732019139036419,68.6600956951821,-0.3807789821216385,12.5
control,1205,striatum,41,145,DLS,beta,Intermediate,10,72,499,-0.2327029123359592,13.46489305912005,67.32446529560025,-0.24919568431645955,12.501957823462558
control,1205,striatum,41,145,DLS,beta,Expert,10,72,500,-0.20134656996315292,13.154440788244017,65.77220394122008,-0.252155402610851,12.5
control,1205,striatum,41,145,DLS,low_gamma,All,145,72,7197,-0.003934988206920842,12.468822789377908,62.34411394688954,-0.014725791854399262,12.503333940899717
control,1205,striatum,41,145,DLS,low_gamma,Trials 4-10,7,72,350,-0.2857246169896901,13.700574294329709,68.50287147164855,-0.38390980693055177,12.5
control,1205,striatum,41,145,DLS,low_gamma,Intermediate,10,72,499,-0.18367265131657073,13.185955986747134,65.92977993373567,-0.17575583318477483,12.501957823462558
control,1205,striatum,41,145,DLS,low_gamma,Expert,10,72,500,-0.24631081601572924,13.372525436896897,66.86262718448448,-0.217290855553687,12.5
control,1205,striatum,41,145,DLS,high_gamma,All,145,72,7197,0.0021335432570812607,12.392622576217496,61.96311288108748,-0.01410038093606758,12.503333940899717
control,1205,striatum,41,145,DLS,high_gamma,Trials 4-10,7,72,350,-0.24425951268386537,13.37698230325534,66.8849115162767,-0.36188922654262123,12.5
control,1205,striatum,41,145,DLS,high_gamma,Intermediate,10,72,499,-0.20080921537283136,13.141015212255777,65.70507606127889,-0.25293610427485236,12.501957823462558
control,1205,striatum,41,145,DLS,high_gamma,Expert,10,72,500,-0.1922106230129157,13.226960570628547,66.13480285314273,-0.2458571560138043,12.5
control,1205,striatum,41,145,DLS,total,All,145,72,7197,-0.005144020744545896,12.479023566172074,62.39511783086037,-0.01378145462709357,12.503333940899717
control,1205,striatum,41,145,DLS,total,Trials 4-10,7,72,350,-0.28139742693474856,13.820828867889988,69.10414433944995,-0.2533987506388462,12.5
control,1205,striatum,41,145,DLS,total,Intermediate,10,72,499,-0.17612401460593374,12.959939604329179,64.7996980216459,-0.2207192592229421,12.501957823462558
control,1205,striatum,41,145,DLS,total,Expert,10,72,500,-0.16664564783202107,12.919861935192987,64.59930967596493,-0.21412069736883943,12.5
control,1205,striatum,41,145,ACC,theta,All,145,52,7197,-0.0045160074647732085,12.487341437725261,62.43670718862631,-0.011993750865051833,12.503333940899717
control,1205,striatum,41,145,ACC,theta,Trials 4-10,7,52,350,-0.08020466991682818,12.516169518966382,62.58084759483191,-0.35365195529032367,12.5
control,1205,striatum,41,145,ACC,theta,Intermediate,10,52,499,-0.23677887733440572,13.552588511279126,67.76294255639563,-0.21015614661098736,12.501957823462558
control,1205,striatum,41,145,ACC,theta,Expert,10,52,500,-0.13026091257147643,12.729746185292717,63.648730926463585,-0.18471166472045608,12.5
control,1205,striatum,41,145,ACC,beta,All,145,52,7197,-0.002255747674066555,12.487145535195982,62.435727675979905,-0.009684761447230184,12.503333940899717
control,1205,striatum,41,145,ACC,beta,Trials 4-10,7,52,350,-0.10883425178481088,12.562866002451065,62.814330012255326,-0.23678889372360623,12.5
control,1205,striatum,41,145,ACC,beta,Intermediate,10,52,499,-0.2560457906219187,13.545140801111256,67.72570400555628,-0.15717612277355664,12.501957823462558
control,1205,striatum,41,145,ACC,beta,Expert,10,52,500,-0.14781381207020283,12.962836154056593,64.81418077028296,-0.13961461501866923,12.5
control,1205,striatum,41,145,ACC,low_gamma,All,145,52,7197,0.0022095646957869253,12.460439928572768,62.30219964286384,-0.012083823794724946,12.503333940899717
control,1205,striatum,41,145,ACC,low_gamma,Trials 4-10,7,52,350,-0.09180444720003567,12.494456613452146,62.472283067260726,-0.18624008379874213,12.5
control,1205,striatum,41,145,ACC,low_gamma,Intermediate,10,52,499,-0.17164824176416782,13.157097112259153,65.78548556129577,-0.18875433785158435,12.501957823462558
control,1205,striatum,41,145,ACC,low_gamma,Expert,10,52,500,-0.08873973314797778,12.58889906203013,62.94449531015065,-0.16933270973693015,12.5
control,1205,striatum,41,145,ACC,high_gamma,All,145,52,7197,0.01376995648483137,12.358323904890542,61.791619524452706,-0.011778677683289107,12.503333940899717
control,1205,striatum,41,145,ACC,high_gamma,Trials 4-10,7,52,350,-0.12058375116463571,12.928686204776334,64.64343102388167,-0.22964357627093168,12.5
control,1205,striatum,41,145,ACC,high_gamma,Intermediate,10,52,499,-0.11281464077448833,12.757986312179574,63.78993156089787,-0.1721362466559686,12.501957823462558
control,1205,striatum,41,145,ACC,high_gamma,Expert,10,52,500,-0.1999336971807173,13.276210178857141,66.3810508942857,-0.14838840059648373,12.5
control,1205,striatum,41,145,ACC,total,All,145,52,7197,0.003042354321712848,12.45992029578058,62.2996014789029,-0.011141072510058914,12.503333940899717
control,1205,striatum,41,145,ACC,total,Trials 4-10,7,52,350,-0.16238219962833256,13.005275903886487,65.02637951943244,-0.2201708661150179,12.5
control,1205,striatum,41,145,ACC,total,Intermediate,10,52,499,-0.17927505208844519,13.24295200850623,66.21476004253114,-0.15404662089557486,12.501957823462558
control,1205,striatum,41,145,ACC,total,Expert,10,52,500,-0.08585650885500073,12.545048512734997,62.72524256367498,-0.15158686140155764,12.5
control,407,striatum,41,200,DMS,theta,All,200,52,8428,-0.0076432643089960894,12.515568820704106,62.577844103520526,-0.008915767099709981,12.495989085582465
control,407,striatum,41,200,DMS,theta,Trials 4-10,7,52,350,-0.24676995146010006,13.59659017502379,67.98295087511895,-0.24079555067488845,12.5
control,407,striatum,41,200,DMS,theta,Intermediate,10,52,500,-0.19054536204492933,13.066958914805447,65.33479457402723,-0.1696781321820937,12.5
control,407,striatum,41,200,DMS,theta,Expert,10,52,500,-0.2637048586834667,13.603191523912042,68.01595761956021,-0.16652442115915167,12.5
control,407,striatum,41,200,DMS,beta,All,200,52,8428,-0.010455950200735309,12.541695544977841,62.70847772488921,-0.007966426336248444,12.495989085582465
control,407,striatum,41,200,DMS,beta,Trials 4-10,7,52,350,-0.2926264322162624,14.01682208903639,70.08411044518195,-0.22844444086237536,12.5
control,407,striatum,41,200,DMS,beta,Intermediate,10,52,500,-0.0983102181376998,12.759547868069314,63.79773934034657,-0.16122351205545704,12.5
control,407,striatum,41,200,DMS,beta,Expert,10,52,500,-0.18774654693190906,13.486308548314522,67.43154274157261,-0.154487889239034,12.5
control,407,striatum,41,200,DMS,low_gamma,All,200,52,8428,-0.0023018918310231395,12.47711911136213,62.38559555681065,-0.00896051918174745,12.495989085582465
control,407,striatum,41,200,DMS,low_gamma,Trials 4-10,7,52,350,-0.20921909650767256,13.14997871937697,65.74989359688485,-0.27109052387989996,12.5
control,407,striatum,41,200,DMS,low_gamma,Intermediate,10,52,500,-0.07893160767544738,12.693142603537886,63.46571301768943,-0.13673628969950768,12.5
control,407,striatum,41,200,DMS,low_gamma,Expert,10,52,500,-0.10149088279671781,12.740326162635094,63.70163081317547,-0.15153673718235305,12.5
control,407,striatum,41,200,DMS,high_gamma,All,200,52,8428,-0.0011670627899256214,12.472045408812374,62.36022704406187,-0.008119933759751508,12.495989085582465
control,407,striatum,41,200,DMS,high_gamma,Trials 4-10,7,52,350,-0.1641925750817308,13.162972989789148,65.81486494894574,-0.318073633064069,12.5
control,407,striatum,41,200,DMS,high_gamma,Intermediate,10,52,500,-0.1244910639361394,13.06546411807074,65.3273205903537,-0.17520123457092862,12.5
control,407,striatum,41,200,DMS,high_gamma,Expert,10,52,500,-0.16222362130947454,13.250720875397423,66.25360437698711,-0.16234975583502687,12.5
control,407,striatum,41,200,DMS,total,All,200,52,8428,-0.00445797694430472,12.49826297782793,62.491314889139645,-0.010152361642058683,12.495989085582465
control,407,striatum,41,200,DMS,total,Trials 4-10,7,52,350,-0.062189850473951536,12.197061644878481,60.985308224392405,-0.29326177171058654,12.5
control,407,striatum,41,200,DMS,total,Intermediate,10,52,500,-0.1418478312448166,13.093009661992989,65.46504830996494,-0.15158218572188886,12.5
control,407,striatum,41,200,DMS,total,Expert,10,52,500,-0.11897533639391744,12.90456466015297,64.52282330076484,-0.15177966537345333,12.5
control,407,striatum,41,200,DLS,theta,All,200,112,8428,-0.017879575907800538,12.534571891654018,62.67285945827009,-0.022302300981833945,12.495989085582465
control,407,striatum,41,200,DLS,theta,Trials 4-10,7,112,350,-0.6655873213084766,15.40277140599422,77.01385702997109,-0.663408382740065,12.5
control,407,striatum,41,200,DLS,theta,Intermediate,10,112,500,-0.5053841766574754,14.69150764476198,73.4575382238099,-0.32495329130649075,12.5
control,407,striatum,41,200,DLS,theta,Expert,10,112,500,-0.3982996895493336,14.133306612463546,70.66653306231773,-0.40719766512761635,12.5
control,407,striatum,41,200,DLS,beta,All,200,112,8428,-0.012425288676651602,12.544073126761331,62.72036563380666,-0.018474521613986772,12.495989085582465
control,407,striatum,41,200,DLS,beta,Trials 4-10,7,112,350,-0.8708694782345372,15.694176005327671,78.47088002663835,-0.7108970017202036,12.5
control,407,striatum,41,200,DLS,beta,Intermediate,10,112,500,-0.31445061283859754,13.48398064805824,67.4199032402912,-0.3531514443446724,12.5
control,407,striatum,41,200,DLS,beta,Expert,10,112,500,-0.49624258378895014,14.767918370017385,73.83959185008693,-0.36103721193116267,12.5
control,407,striatum,41,200,DLS,low_gamma,All,200,112,8428,-0.017334148700283603,12.564765747765078,62.82382873882539,-0.01788192476297734,12.495989085582465
control,407,striatum,41,200,DLS,low_gamma,Trials 4-10,7,112,350,-0.5788175866347782,14.353653306268717,71.76826653134358,-0.7133699455395137,12.5
control,407,striatum,41,200,DLS,low_gamma,Intermediate,10,112,500,-0.30785160575336,13.641441139360447,68.20720569680223,-0.4729489889503411,12.5
control,407,striatum,41,200,DLS,low_gamma,Expert,10,112,500,-0.3127032068229989,13.474049766441462,67.37024883220731,-0.3625746388917952,12.5
control,407,striatum,41,200,DLS,high_gamma,All,200,112,8428,-0.011140746144603364,12.507478223800643,62.53739111900322,-0.01630199865174231,12.495989085582465
control,407,striatum,41,200,DLS,high_gamma,Trials 4-10,7,112,350,-0.5563074617944408,14.511737351699875,72.55868675849938,-0.7075545260996834,12.5
control,407,striatum,41,200,DLS,high_gamma,Intermediate,10,112,500,-0.4171262440329193,13.914843475919046,69.57421737959523,-0.4608865526181787,12.5
control,407,striatum,41,200,DLS,high_gamma,Expert,10,112,500,-0.35423852242455034,13.665167061902352,68.32583530951176,-0.4328169613188,12.5
control,407,striatum,41,200,DLS,total,All,200,112,8428,-0.008343356103457822,12.49400287807089,62.47001439035445,-0.020345681460563148,12.495989085582465
control,407,striatum,41,200,DLS,total,Trials 4-10,7,112,350,-0.7693504331799812,15.62339892220439,78.11699461102195,-0.9123806290359615,12.5
control,407,striatum,41,200,DLS,total,Intermediate,10,112,500,-0.47756710161201354,14.400911698159929,72.00455849079964,-0.3763357719468059,12.5
control,407,striatum,41,200,DLS,total,Expert,10,112,500,-0.32970694115130494,13.728094277182285,68.64047138591143,-0.46051502537077216,12.5
control,513,striatum,41,109,DMS,theta,All,109,20,5400,-0.0063172607104953205,12.536040538521263,62.680202692606315,-0.004967432933063787,12.5
control,513,striatum,41,109,DMS,theta,Trials 4-10,7,20,350,-0.12076569130785964,12.960243853032438,64.80121926516219,-0.1161359004252327,12.5
control,513,striatum,41,109,DMS,theta,Intermediate,10,20,500,-0.0016336045030591606,12.500296236648007,62.50148118324003,-0.11473888164103996,12.5
control,513,striatum,41,109,DMS,theta,Expert,10,20,500,-0.05283098464231917,12.57875466299766,62.8937733149883,-0.07158804921784134,12.5
control,513,striatum,41,109,DMS,beta,All,109,20,5400,-0.0044375769781992425,12.515475929479564,62.57737964739782,-0.0037234610334175855,12.5
control,513,striatum,41,109,DMS,beta,Trials 4-10,7,20,350,-0.12126382915045686,13.121884876148194,65.60942438074096,-0.09170182581681119,12.5
control,513,striatum,41,109,DMS,beta,Intermediate,10,20,500,-0.036937030464434084,12.64041716676722,63.2020858338361,-0.06187975508956223,12.5
control,513,striatum,41,109,DMS,beta,Expert,10,20,500,-0.0830208602945226,12.933873391703612,64.66936695851805,-0.05896921070587724,12.5
control,513,striatum,41,109,DMS,low_gamma,All,109,20,5400,-0.005744700623100396,12.517843665109122,62.589218325545616,-0.0041591747662368395,12.5
control,513,striatum,41,109,DMS,low_gamma,Trials 4-10,7,20,350,-0.03873668115852169,12.50544728783267,62.527236439163346,-0.10099937771485701,12.5
control,513,striatum,41,109,DMS,low_gamma,Intermediate,10,20,500,-0.048488669304155296,12.608856450167044,63.044282250835224,-0.08303332702213395,12.5
control,513,striatum,41,109,DMS,low_gamma,Expert,10,20,500,-0.057871897758139834,12.673488359883503,63.36744179941752,-0.026963379288755585,12.5
control,513,striatum,41,109,DMS,high_gamma,All,109,20,5400,-0.004612420917034621,12.519975031925574,62.59987515962787,-0.0046669627643476375,12.5
control,513,striatum,41,109,DMS,high_gamma,Trials 4-10,7,20,350,-0.12870887184104118,12.9044148499035,64.5220742495175,-0.08018590673212889,12.5
control,513,striatum,41,109,DMS,high_gamma,Intermediate,10,20,500,-8.474455146800786e-05,12.303421187906867,61.51710593953433,-0.054303601883322505,12.5
control,513,striatum,41,109,DMS,high_gamma,Expert,10,20,500,-0.06562643113095246,12.807935449572241,64.0396772478612,-0.03659575843541463,12.5
control,513,striatum,41,109,DMS,total,All,109,20,5400,0.0030549681899691983,12.467494084793858,62.337470423969286,-0.006866018910114624,12.5
control,513,striatum,41,109,DMS,total,Trials 4-10,7,20,350,-0.09941934740647085,13.039739876614663,65.19869938307332,-0.09559389422306674,12.5
control,513,striatum,41,109,DMS,total,Intermediate,10,20,500,-0.026850780303072863,12.456620254262296,62.28310127131148,-0.07015110521044798,12.5
control,513,striatum,41,109,DMS,total,Expert,10,20,500,-0.05903295660092467,12.815470930678257,64.07735465339128,-0.04129076187847169,12.5
control,513,striatum,41,109,DLS,theta,All,109,132,5400,-0.02646743657693662,12.577191181013252,62.885955905066254,-0.0441481488616029,12.5
control,513,striatum,41,109,DLS,theta,Trials 4-10,7,132,350,-0.8945757732482951,15.988159464476592,79.94079732238296,-1.083918481449496,12.5
control,513,striatum,41,109,DLS,theta,Intermediate,10,132,500,-0.3927799536681902,13.768651029396194,68.84325514698097,-0.6875661915900393,12.5
control,513,striatum,41,109,DLS,theta,Expert,10,132,500,-0.6099822612171937,14.639529442927268,73.19764721463633,-0.5959813824723572,12.5
control,513,striatum,41,109,DLS,beta,All,109,132,5400,-0.02276151255389558,12.550286136514732,62.751430682573655,-0.03905111823713403,12.5
control,513,striatum,41,109,DLS,beta,Trials 4-10,7,132,350,-0.9468360646962966,15.983655400053456,79.91827700026728,-0.795777050071089,12.5
control,513,striatum,41,109,DLS,beta,Intermediate,10,132,500,-0.32695655784684896,13.641801409282008,68.20900704641004,-0.4590940245632178,12.5
control,513,striatum,41,109,DLS,beta,Expert,10,132,500,-0.47859547042341766,14.268985360667026,71.34492680333513,-0.42950770698113394,12.5
control,513,striatum,41,109,DLS,low_gamma,All,109,132,5400,-0.028320557757300024,12.600730928442806,63.00365464221403,-0.03186159912580799,12.5
control,513,striatum,41,109,DLS,low_gamma,Trials 4-10,7,132,350,-1.0815344080175318,17.00379146685121,85.01895733425606,-0.7611471731641735,12.5
control,513,striatum,41,109,DLS,low_gamma,Intermediate,10,132,500,-0.38683022288225444,13.9844223213569,69.9221116067845,-0.49196455284646934,12.5
control,513,striatum,41,109,DLS,low_gamma,Expert,10,132,500,-0.39899423075385365,13.988630993471427,69.94315496735713,-0.48407123629252813,12.5
control,513,striatum,41,109,DLS,high_gamma,All,109,132,5400,-0.010210996596762278,12.452838030429033,62.26419015214517,-0.034493926574000744,12.5
control,513,striatum,41,109,DLS,high_gamma,Trials 4-10,7,132,350,-0.9777062186791914,16.78381654678612,83.9190827339306,-1.0105904965997556,12.5
control,513,striatum,41,109,DLS,high_gamma,Intermediate,10,132,500,-0.3437491233816765,13.79593624976735,68.97968124883674,-0.49474224967672464,12.5
control,513,striatum,41,109,DLS,high_gamma,Expert,10,132,500,-0.31029082400761765,13.575916140841137,67.8795807042057,-0.49226587573898173,12.5
control,513,striatum,41,109,DLS,total,All,109,132,5400,-0.004943061932997761,12.434727513304054,62.17363756652027,-0.03684835654231233,12.5
control,513,striatum,41,109,DLS,total,Trials 4-10,7,132,350,-0.7207581559846834,15.552150204586662,77.7607510229333,-0.8586898624786214,12.5
control,513,striatum,41,109,DLS,total,Intermediate,10,132,500,-0.4232143335992016,13.886590586774831,69.43295293387416,-0.5511257662259597,12.5
control,513,striatum,41,109,DLS,total,Expert,10,132,500,-0.48760723947018825,14.533565308712205,72.66782654356103,-0.5550038363180121,12.5
control,513,striatum,41,109,ACC,theta,All,109,62,5400,-0.019063650153545497,12.573133749074541,62.86566874537271,-0.023183430186653142,12.5
control,513,striatum,41,109,ACC,theta,Trials 4-10,7,62,350,-0.3473463669036767,14.163975621475963,70.81987810737982,-0.3958617377478284,12.5
control,513,striatum,41,109,ACC,theta,Intermediate,10,62,500,-0.16021902720359593,12.931182240537714,64.65591120268857,-0.25064653675936577,12.5
control,513,striatum,41,109,ACC,theta,Expert,10,62,500,-0.32039261243290484,13.54025775425645,67.70128877128225,-0.24447524970898504,12.5
control,513,striatum,41,109,ACC,beta,All,109,62,5400,-0.013202586157810892,12.557879667263688,62.78939833631844,-0.016076549108476,12.5
control,513,striatum,41,109,ACC,beta,Trials 4-10,7,62,350,-0.2502849112792651,13.554951542411587,67.77475771205793,-0.23054739830452786,12.5
control,513,striatum,41,109,ACC,beta,Intermediate,10,62,500,-0.2946367944175212,13.771743124192952,68.85871562096476,-0.206188555610052,12.5
control,513,striatum,41,109,ACC,beta,Expert,10,62,500,-0.18317569945330137,13.243663469090432,66.21831734545216,-0.20993477806639205,12.5
control,513,striatum,41,109,ACC,low_gamma,All,109,62,5400,-0.0073202786782273765,12.507415332234716,62.53707666117358,-0.015573533431606945,12.5
control,513,striatum,41,109,ACC,low_gamma,Trials 4-10,7,62,350,-0.36181844659894535,14.224728235134407,71.12364117567203,-0.25582615475086223,12.5
control,513,striatum,41,109,ACC,low_gamma,Intermediate,10,62,500,-0.08578887518072453,12.471924507787797,62.359622538938986,-0.16363990997097022,12.5
control,513,striatum,41,109,ACC,low_gamma,Expert,10,62,500,-0.1974111279684072,13.253810245739876,66.26905122869938,-0.14230389623648732,12.5
control,513,striatum,41,109,ACC,high_gamma,All,109,62,5400,0.012401738554315256,12.322613761297859,61.613068806489295,-0.017348916299850803,12.5
control,513,striatum,41,109,ACC,high_gamma,Trials 4-10,7,62,350,-0.284663076838507,13.65588517301501,68.27942586507505,-0.31738767927951117,12.5
control,513,striatum,41,109,ACC,high_gamma,Intermediate,10,62,500,-0.014307590784407687,12.136788926949714,60.68394463474857,-0.17430724225878635,12.5
control,513,striatum,41,109,ACC,high_gamma,Expert,10,62,500,-0.07543531869810582,12.484428757254271,62.422143786271356,-0.15006939255846596,12.5
control,513,striatum,41,109,ACC,total,All,109,62,5400,-0.0005492459186542398,12.469236512177037,62.34618256088518,-0.01966144895698374,12.5
control,513,striatum,41,109,ACC,total,Trials 4-10,7,62,350,-0.18445598573185662,13.07791301133833,65.38956505669165,-0.22505439854123033,12.5
control,513,striatum,41,109,ACC,total,Intermediate,10,62,500,-0.03619422019908858,12.252284177018213,61.26142088509106,-0.17382935149100343,12.5
control,513,striatum,41,109,ACC,total,Expert,10,62,500,-0.14573863954044564,13.054890623181945,65.27445311590972,-0.19266202400441612,12.5
control,513,visual,41,109,V1,theta,All,109,122,5285,0.00413321442706327,12.406952355203986,62.03476177601993,-0.03999328205048114,12.485667921833002
control,513,visual,41,109,V1,theta,Trials 4-10,7,122,350,-0.17080756391704344,13.426403050677655,67.13201525338827,-0.2054218395524816,12.5
control,513,visual,41,109,V1,theta,Intermediate,10,122,500,-0.23413553625849515,13.288844111340138,66.44422055670069,-0.151054117191731,12.5
control,513,visual,41,109,V1,theta,Expert,10,122,500,-0.06490812497519327,12.43085121098217,62.154256054910846,-0.07867193915701542,12.5
control,513,visual,41,109,V1,beta,All,109,122,5285,-0.023245912334818097,12.604036520790435,63.02018260395218,-0.022607281750732122,12.485667921833002
control,513,visual,41,109,V1,beta,Trials 4-10,7,122,350,-0.2983184854291048,13.757437592531117,68.78718796265558,-0.21108726286359092,12.5
control,513,visual,41,109,V1,beta,Intermediate,10,122,500,-0.1793925489906627,13.234350227754545,66.17175113877272,-0.18949968998392563,12.5
control,513,visual,41,109,V1,beta,Expert,10,122,500,-0.08123980117560015,12.793710361367662,63.968551806838306,-0.13433399246334687,12.5
control,513,visual,41,109,V1,low_gamma,All,109,122,5285,-0.0011578064434147883,12.423298043855512,62.11649021927756,-0.03161146377417268,12.485667921833002
control,513,visual,41,109,V1,low_gamma,Trials 4-10,7,122,350,-0.10568888978540492,12.807791177822455,64.03895588911227,-0.13425596872894507,12.5
control,513,visual,41,109,V1,low_gamma,Intermediate,10,122,500,0.03160421269144631,11.784195547344986,58.92097773672493,-0.15718726087173063,12.5
control,513,visual,41,109,V1,low_gamma,Expert,10,122,500,-0.07087549344065458,12.554519052684798,62.77259526342399,-0.16500160536504982,12.5
control,513,visual,41,109,V1,high_gamma,All,109,122,5285,-0.009599430626145766,12.485298107601544,62.42649053800772,-0.027259390385542703,12.485667921833002
control,513,visual,41,109,V1,high_gamma,Trials 4-10,7,122,350,-0.2739801391150172,13.424656495917786,67.12328247958892,-0.35314348086225866,12.5
control,513,visual,41,109,V1,high_gamma,Intermediate,10,122,500,-0.1374469579026707,12.900492428454639,64.50246214227319,-0.29898255561802545,12.5
control,513,visual,41,109,V1,high_gamma,Expert,10,122,500,-0.28438548563683086,13.729595725253747,68.64797862626874,-0.24141395159004464,12.5
control,513,visual,41,109,V1,total,All,109,122,5287,-0.21061002635553172,12.543795719005102,62.71897859502551,-0.032327165548031056,12.485134980866917
control,513,visual,41,109,V1,total,Trials 4-10,7,122,350,-0.06444564843396394,12.447848409773991,62.239242048869954,-0.18092835383741934,12.5
control,513,visual,41,109,V1,total,Intermediate,10,122,500,-0.022025023403754673,12.439344588141152,62.19672294070576,-0.16454451944104576,12.5
control,513,visual,41,109,V1,total,Expert,10,122,500,-0.04895949136366373,12.328636093791122,61.643180468955606,-0.1177757184139363,12.5
control,513,visual,41,109,CA1,theta,All,109,80,5285,-0.053161178637236794,12.529531775268676,62.647658876343385,-0.02048585207283926,12.485667921833002
control,513,visual,41,109,CA1,theta,Trials 4-10,7,80,350,-0.045538266246972325,12.514394881376568,62.57197440688284,-0.03621547622219867,12.5
control,513,visual,41,109,CA1,theta,Intermediate,10,80,500,-0.04970706934125246,12.377556887642475,61.88778443821238,-0.07734681318873227,12.5
control,513,visual,41,109,CA1,theta,Expert,10,80,500,-0.04583226688144593,12.604855723261938,63.02427861630969,-0.09010077543460038,12.5
control,513,visual,41,109,CA1,beta,All,109,80,5285,-0.03291384996058633,12.556292906889473,62.781464534447366,-0.012723423214417773,12.485667921833002
control,513,visual,41,109,CA1,beta,Trials 4-10,7,80,350,-0.07242910328945706,12.801281354632,64.00640677316,-0.06633922143576321,12.5
control,513,visual,41,109,CA1,beta,Intermediate,10,80,500,-0.05406289143825682,12.744075505998927,63.720377529994636,-0.08112511133737188,12.5
control,513,visual,41,109,CA1,beta,Expert,10,80,500,-0.11369488688159057,13.06312575635467,65.31562878177336,-0.07123855313067451,12.5
control,513,visual,41,109,CA1,low_gamma,All,109,80,5285,-0.04565870658613358,12.545065925383728,62.72532962691864,-0.01965339379085118,12.485667921833002
control,513,visual,41,109,CA1,low_gamma,Trials 4-10,7,80,350,-0.03718349430476331,12.458044283048567,62.29022141524283,-0.031897341738511775,12.5
control,513,visual,41,109,CA1,low_gamma,Intermediate,10,80,500,-0.06162531494328838,12.769062029789929,63.84531014894964,-0.042220056090459535,12.5
control,513,visual,41,109,CA1,low_gamma,Expert,10,80,500,-0.032236746504780145,12.578303424053647,62.89151712026823,-0.04167554286146902,12.5
control,513,visual,41,109,CA1,high_gamma,All,109,80,5285,-0.007079110754270479,12.501609084835351,62.50804542417676,-0.014307896132048636,12.485667921833002
control,513,visual,41,109,CA1,high_gamma,Trials 4-10,7,80,350,-0.04443989873522525,12.393610101596552,61.96805050798276,-0.07375917348458083,12.5
control,513,visual,41,109,CA1,high_gamma,Intermediate,10,80,500,-0.12452082970954925,13.154863830200092,65.77431915100047,-0.07515631555287561,12.5
control,513,visual,41,109,CA1,high_gamma,Expert,10,80,500,-0.0343540527184798,12.576543232487209,62.88271616243605,-0.07416083582378885,12.5
control,513,visual,41,109,CA1,total,All,109,80,5287,-0.06688641210935375,12.538503001489845,62.692515007449224,-0.1630794435282772,12.485134980866917
control,513,visual,41,109,CA1,total,Trials 4-10,7,80,350,-0.02683954412584577,12.34430724481727,61.72153622408635,-0.05484499776713658,12.5
control,513,visual,41,109,CA1,total,Intermediate,10,80,500,0.0022213500107455264,12.258507739127847,61.29253869563924,-0.03947504366139043,12.5
control,513,visual,41,109,CA1,total,Expert,10,80,500,0.0051020972473353465,12.259846670457268,61.299233352286336,-0.056578802108376625,12.5
control,513,visual,41,109,DG,theta,All,109,52,5285,-0.008941075178277469,12.476565201984087,62.382826009920436,-0.013777046247181124,12.485667921833002
control,513,visual,41,109,DG,theta,Trials 4-10,7,52,350,-0.13363565155680068,12.762058490757747,63.81029245378873,-0.1027314594260269,12.5
control,513,visual,41,109,DG,theta,Intermediate,10,52,500,0.03171545609829407,11.87516001949592,59.375800097479605,-0.09775462527945922,12.5
control,513,visual,41,109,DG,theta,Expert,10,52,500,-0.08525122973462507,12.828131150699766,64.14065575349883,-0.11130639531071873,12.5
control,513,visual,41,109,DG,beta,All,109,52,5285,-0.025661932429043244,12.489060741904462,62.44530370952231,-0.009367007406760886,12.485667921833002
control,513,visual,41,109,DG,beta,Trials 4-10,7,52,350,-0.11276180329680896,12.983569578002623,64.91784789001312,-0.07287115390878562,12.5
control,513,visual,41,109,DG,beta,Intermediate,10,52,500,-0.06406878994727316,12.773010427600726,63.86505213800363,-0.07882764274278276,12.5
control,513,visual,41,109,DG,beta,Expert,10,52,500,-0.05284616697868327,12.696338495069316,63.48169247534658,-0.0453826717312833,12.5
control,513,visual,41,109,DG,low_gamma,All,109,52,5285,-0.02574461608771883,12.51655531203055,62.582776560152745,-0.014263659722269173,12.485667921833002
control,513,visual,41,109,DG,low_gamma,Trials 4-10,7,52,350,-0.021207185124274774,12.36660896050831,61.83304480254155,-0.0773427881469444,12.5
control,513,visual,41,109,DG,low_gamma,Intermediate,10,52,500,-0.05151582440120306,12.568193612792033,62.84096806396016,-0.05990020090557313,12.5
control,513,visual,41,109,DG,low_gamma,Expert,10,52,500,-0.03165816306543756,12.614957026292254,63.07478513146127,-0.06049061858789195,12.5
control,513,visual,41,109,DG,high_gamma,All,109,52,5285,-0.016613121013293153,12.503554653826638,62.517773269133194,-0.005972692518281697,12.485667921833002
control,513,visual,41,109,DG,high_gamma,Trials 4-10,7,52,350,-0.08570513983791739,12.683796853696304,63.41898426848152,-0.07839845105804688,12.5
control,513,visual,41,109,DG,high_gamma,Intermediate,10,52,500,-0.0511835033605601,12.626303084588184,63.13151542294092,-0.10553009842523897,12.5
control,513,visual,41,109,DG,high_gamma,Expert,10,52,500,-0.05057440880421549,12.677083459584352,63.38541729792176,-0.06822839379845802,12.5
control,513,visual,41,109,DG,total,All,109,52,5286,5.51660320122771e-05,12.43865468834434,62.1932734417217,-0.016618348350162293,12.485306957362369
control,513,visual,41,109,DG,total,Trials 4-10,7,52,350,-0.06814542554075054,12.39795636344536,61.9897818172268,-0.08697581636426044,12.5
control,513,visual,41,109,DG,total,Intermediate,10,52,500,-0.17207129665473642,12.939424598344559,64.6971229917228,-0.07795086337101198,12.5
control,513,visual,41,109,DG,total,Expert,10,52,500,0.02281250770244936,12.310448654206157,61.55224327103078,-0.06279361009044471,12.5
control,515,striatum,41,132,DMS,theta,All,132,52,6550,0.013535633520636026,12.342211274511087,61.71105637255543,-0.010966025770777543,12.5
control,515,striatum,41,132,DMS,theta,Trials 4-10,7,52,350,-0.2022303179075855,13.125989922805426,65.62994961402713,-0.25692904342095924,12.5
control,515,striatum,41,132,DMS,theta,Intermediate,10,52,500,-0.041389777852893994,12.487107205201887,62.43553602600944,-0.18433953108699597,12.5
control,515,striatum,41,132,DMS,theta,Expert,10,52,500,-0.1819275016985764,13.10882390221212,65.5441195110606,-0.16233205473965429,12.5
control,515,striatum,41,132,DMS,beta,All,132,52,6550,-0.009020106529241234,12.522197592677154,62.61098796338577,-0.011687701486735147,12.5
control,515,striatum,41,132,DMS,beta,Trials 4-10,7,52,350,-0.19663637552394442,13.152045809956393,65.76022904978197,-0.27986290850612505,12.5
control,515,striatum,41,132,DMS,beta,Intermediate,10,52,500,-0.20456485720862538,13.515845376030475,67.57922688015238,-0.1361139293115199,12.5
control,515,striatum,41,132,DMS,beta,Expert,10,52,500,-0.20456583716572196,13.521925332990188,67.60962666495094,-0.156043345411234,12.5
control,515,striatum,41,132,DMS,low_gamma,All,132,52,6550,-0.0009604537539402713,12.460405602511363,62.30202801255682,-0.009265394398173088,12.5
control,515,striatum,41,132,DMS,low_gamma,Trials 4-10,7,52,350,-0.21885996806544727,13.38388406374418,66.9194203187209,-0.2093113293841724,12.5
control,515,striatum,41,132,DMS,low_gamma,Intermediate,10,52,500,-0.17057207046667378,13.307310097733748,66.53655048866874,-0.13761085290155717,12.5
control,515,striatum,41,132,DMS,low_gamma,Expert,10,52,500,-0.1396584165246586,13.075312227408231,65.37656113704115,-0.17276423083778325,12.5
control,515,striatum,41,132,DMS,high_gamma,All,132,52,6550,0.002624696902290946,12.428050308818342,62.14025154409171,-0.012672644818645162,12.5
control,515,striatum,41,132,DMS,high_gamma,Trials 4-10,7,52,350,-0.25743764872688835,13.384493712441675,66.92246856220837,-0.2277641575685665,12.5
control,515,striatum,41,132,DMS,high_gamma,Intermediate,10,52,500,-0.1437893068585081,13.043724544306526,65.21862272153263,-0.15741132559448134,12.5
control,515,striatum,41,132,DMS,high_gamma,Expert,10,52,500,-0.12725773648587868,12.872670303209187,64.36335151604594,-0.16250338318283974,12.5
control,515,striatum,41,132,DMS,total,All,132,52,6550,0.007806011485072872,12.417955658461922,62.08977829230961,-0.01282322460665708,12.5
control,515,striatum,41,132,DMS,total,Trials 4-10,7,52,350,-0.14548418788531614,12.79193428130147,63.959671406507354,-0.24959193911610456,12.5
control,515,striatum,41,132,DMS,total,Intermediate,10,52,500,-0.06047164742319877,12.675723691852014,63.37861845926007,-0.14349544842013073,12.5
control,515,striatum,41,132,DMS,total,Expert,10,52,500,-0.18936241824664113,13.372201754454691,66.86100877227345,-0.17355926891273477,12.5
control,515,striatum,41,132,DLS,theta,All,132,42,6550,0.006136023436147275,12.415119439913706,62.075597199568534,-0.010349325135824872,12.5
control,515,striatum,41,132,DLS,theta,Trials 4-10,7,42,350,-0.17762531426338368,13.267445493210364,66.33722746605181,-0.1434418593968696,12.5
control,515,striatum,41,132,DLS,theta,Intermediate,10,42,500,-0.06178479064746978,12.588688861110153,62.94344430555077,-0.12780840032227703,12.5
control,515,striatum,41,132,DLS,theta,Expert,10,42,500,-0.0746014685328158,12.723200668675663,63.61600334337831,-0.12808539138933828,12.5
control,515,striatum,41,132,DLS,beta,All,132,42,6550,-0.005467864738658346,12.506415628195084,62.53207814097542,-0.00851705103732825,12.5
control,515,striatum,41,132,DLS,beta,Trials 4-10,7,42,350,-0.21446441316235432,13.490508412171346,67.45254206085673,-0.14000123556383182,12.5
control,515,striatum,41,132,DLS,beta,Intermediate,10,42,500,-0.14613653929522075,13.347363969768406,66.73681984884203,-0.13075157255676184,12.5
control,515,striatum,41,132,DLS,beta,Expert,10,42,500,-0.147243262777202,13.301878592060056,66.50939296030029,-0.10315040171076229,12.5
control,515,striatum,41,132,DLS,low_gamma,All,132,42,6550,-0.005387318975112798,12.504264810215135,62.52132405107567,-0.007912454777473155,12.5
control,515,striatum,41,132,DLS,low_gamma,Trials 4-10,7,42,350,-0.2537947848500337,13.98254434031333,69.91272170156665,-0.1892718106385627,12.5
control,515,striatum,41,132,DLS,low_gamma,Intermediate,10,42,500,-0.10440449497531201,12.931357457471675,64.65678728735837,-0.13643609159322945,12.5
control,515,striatum,41,132,DLS,low_gamma,Expert,10,42,500,-0.11475036653532711,12.982733156538753,64.91366578269377,-0.0992339621383933,12.5
control,515,striatum,41,132,DLS,high_gamma,All,132,42,6550,-0.0016927213993214174,12.482073844009607,62.41036922004803,-0.009083186443420432,12.5
control,515,striatum,41,132,DLS,high_gamma,Trials 4-10,7,42,350,-0.1943403942765718,13.274452740033864,66.37226370016931,-0.14497126101501778,12.5
control,515,striatum,41,132,DLS,high_gamma,Intermediate,10,42,500,-0.11832623114031526,13.039570743466328,65.19785371733164,-0.1294660198651656,12.5
control,515,striatum,41,132,DLS,high_gamma,Expert,10,42,500,-0.13778607626818395,13.210595128069977,66.05297564034989,-0.1016017255958841,12.5
control,515,striatum,41,132,DLS,total,All,132,42,6550,-0.0005932199971512286,12.470272628677812,62.35136314338906,-0.00870604160976507,12.5
control,515,striatum,41,132,DLS,total,Trials 4-10,7,42,350,-0.18154399639361252,13.323938140298262,66.61969070149131,-0.19270295431573747,12.5
control,515,striatum,41,132,DLS,total,Intermediate,10,42,500,-0.123967913329873,12.92987011906832,64.6493505953416,-0.09823957912106773,12.5
control,515,striatum,41,132,DLS,total,Expert,10,42,500,-0.13644493140766478,13.1210656118009,65.60532805900449,-0.11836279079308065,12.5
control,515,striatum,41,132,ACC,theta,All,132,82,6550,0.010449736108875785,12.373584108340118,61.86792054170059,-0.023641672968453653,12.5
control,515,striatum,41,132,ACC,theta,Trials 4-10,7,82,350,-0.30379003115104375,13.827557005444255,69.13778502722127,-0.5022838505439866,12.5
control,515,striatum,41,132,ACC,theta,Intermediate,10,82,500,-0.1187403634791051,12.512281808367264,62.56140904183632,-0.23273099873110947,12.5
control,515,striatum,41,132,ACC,theta,Expert,10,82,500,-0.28273196595773764,13.737183300578959,68.6859165028948,-0.2907871172835581,12.5
control,515,striatum,41,132,ACC,beta,All,132,82,6550,-0.01322818968945727,12.554790030979593,62.77395015489796,-0.014651695533874243,12.5
control,515,striatum,41,132,ACC,beta,Trials 4-10,7,82,350,-0.37583588548392655,13.920908864535818,69.60454432267909,-0.25447848740917367,12.5
control,515,striatum,41,132,ACC,beta,Intermediate,10,82,500,-0.18009846413021946,13.338636518042891,66.69318259021446,-0.22705031226968408,12.5
control,515,striatum,41,132,ACC,beta,Expert,10,82,500,-0.28084887153499083,13.66487848824992,68.3243924412496,-0.20743385797177494,12.5
control,515,striatum,41,132,ACC,low_gamma,All,132,82,6550,-0.009553613631533286,12.516177695728334,62.58088847864167,-0.013785944303672526,12.5
control,515,striatum,41,132,ACC,low_gamma,Trials 4-10,7,82,350,-0.3423065877199285,13.950678428226789,69.75339214113394,-0.29646055257404025,12.5
control,515,striatum,41,132,ACC,low_gamma,Intermediate,10,82,500,-0.12387193264520624,12.845039271844078,64.22519635922039,-0.22399661753732847,12.5
control,515,striatum,41,132,ACC,low_gamma,Expert,10,82,500,-0.24424193963530216,13.611415052326622,68.05707526163312,-0.2808699841336688,12.5
control,515,striatum,41,132,ACC,high_gamma,All,132,82,6550,-0.0068936358172280165,12.504520990495642,62.52260495247821,-0.013955626889809558,12.5
control,515,striatum,41,132,ACC,high_gamma,Trials 4-10,7,82,350,-0.3383081169168405,13.68643671170468,68.4321835585234,-0.3152897994536088,12.5
control,515,striatum,41,132,ACC,high_gamma,Intermediate,10,82,500,-0.2827330021159411,13.684895393734042,68.4244769686702,-0.2327602191132021,12.5
control,515,striatum,41,132,ACC,high_gamma,Expert,10,82,500,-0.21139840602672644,13.384491896978275,66.92245948489138,-0.24346108464644556,12.5
control,515,striatum,41,132,ACC,total,All,132,82,6550,0.01412635106916127,12.364824435511485,61.82412217755743,-0.020509702059990254,12.5
control,515,striatum,41,132,ACC,total,Trials 4-10,7,82,350,-0.37500441253771744,14.114969151867097,70.57484575933549,-0.32965503535784113,12.5
control,515,striatum,41,132,ACC,total,Intermediate,10,82,500,-0.18784369090102304,13.194527750970636,65.97263875485318,-0.2333455314442361,12.5
control,515,striatum,41,132,ACC,total,Expert,10,82,500,-0.25069557643490303,13.431499533581835,67.15749766790918,-0.3044192819834004,12.5
control,515,visual,41,132,V1,theta,All,132,80,6550,0.023815312086653773,12.298151069315047,61.490755346575234,-0.015161312165569152,12.5
control,515,visual,41,132,V1,theta,Trials 4-10,7,80,350,-0.027059319243567304,12.441499057820165,62.20749528910083,-0.14681357989266708,12.5
control,515,visual,41,132,V1,theta,Intermediate,10,80,500,0.000455765880260528,12.225309071642421,61.126545358212105,-0.11075024325787308,12.5
control,515,visual,41,132,V1,theta,Expert,10,80,500,-0.00998328906957302,12.260861364175998,61.30430682087999,-0.08571582307047576,12.5
control,515,visual,41,132,V1,beta,All,132,80,6550,0.026646828985769644,12.25697821190204,61.284891059510194,-0.01702276436241701,12.5
control,515,visual,41,132,V1,beta,Trials 4-10,7,80,350,-0.13736899390621127,12.975933801665617,64.87966900832808,-0.09727970052862012,12.5
control,515,visual,41,132,V1,beta,Intermediate,10,80,500,-0.04890744492547339,12.738264277979539,63.691321389897695,-0.07028601392021527,12.5
control,515,visual,41,132,V1,beta,Expert,10,80,500,-0.025261136163740927,12.475988373096573,62.37994186548286,-0.11180192362944874,12.5
control,515,visual,41,132,V1,low_gamma,All,132,80,6550,0.014919653253988141,12.388924773637147,61.94462386818573,-0.013389738449627764,12.5
control,515,visual,41,132,V1,low_gamma,Trials 4-10,7,80,350,-0.08438394258702853,12.84232595133527,64.21162975667636,-0.09814102490512844,12.5
control,515,visual,41,132,V1,low_gamma,Intermediate,10,80,500,-0.02734323275315753,12.528019415054219,62.64009707527109,-0.07212199709521383,12.5
control,515,visual,41,132,V1,low_gamma,Expert,10,80,500,-0.03666726549184274,12.695373054971192,63.47686527485596,-0.06676914924163802,12.5
control,515,visual,41,132,V1,high_gamma,All,132,80,6550,-0.0009641492764651538,12.46812612881572,62.3406306440786,-0.014083881702838807,12.5
control,515,visual,41,132,V1,high_gamma,Trials 4-10,7,80,350,-0.05517617337639913,12.573752778763257,62.868763893816286,-0.10601333008527258,12.5
control,515,visual,41,132,V1,high_gamma,Intermediate,10,80,500,-0.04010976949396472,12.528897732508648,62.64448866254324,-0.09905547224658728,12.5
control,515,visual,41,132,V1,high_gamma,Expert,10,80,500,-0.05998322068065809,12.713878802356914,63.569394011784574,-0.09114001786779458,12.5
control,515,visual,41,132,V1,total,All,132,80,6550,0.05282535612545591,12.121399903846875,60.60699951923438,-0.015558240133144219,12.5
control,515,visual,41,132,V1,total,Trials 4-10,7,80,350,-0.06895393144351769,12.93270326336573,64.66351631682865,-0.08803210188593891,12.5
control,515,visual,41,132,V1,total,Intermediate,10,80,500,-0.013310058536349478,12.40800946897886,62.0400473448943,-0.05228367783235344,12.5
control,515,visual,41,132,V1,total,Expert,10,80,500,0.03880170954766182,12.014723192198044,60.073615960990224,-0.0507284486502404,12.5
control,515,visual,41,132,CA1,theta,All,132,56,6550,0.012772299393849829,12.349783202855157,61.748916014275785,-0.014460123414634873,12.5
control,515,visual,41,132,CA1,theta,Trials 4-10,7,56,350,0.05519157867621305,11.712987005329536,58.56493502664768,-0.12059032837923733,12.5
control,515,visual,41,132,CA1,theta,Intermediate,10,56,500,-0.05775962235607168,12.529967746745067,62.64983873372533,-0.07623453095736688,12.5
control,515,visual,41,132,CA1,theta,Expert,10,56,500,-0.012561005593384245,12.393414323165333,61.96707161582666,-0.06523845356234759,12.5
control,515,visual,41,132,CA1,beta,All,132,56,6550,-0.006376439348545926,12.527434890846854,62.63717445423427,-0.010936530767438946,12.5
control,515,visual,41,132,CA1,beta,Trials 4-10,7,56,350,-0.1659051812423702,13.396553614382693,66.98276807191347,-0.11311844919134084,12.5
control,515,visual,41,132,CA1,beta,Intermediate,10,56,500,-0.05137974200504192,12.530691567375612,62.65345783687806,-0.09722625841048504,12.5
control,515,visual,41,132,CA1,beta,Expert,10,56,500,-0.06422852621848452,12.823311162475381,64.1165558123769,-0.08477647461912152,12.5
control,515,visual,41,132,CA1,low_gamma,All,132,56,6550,0.00867288115418896,12.410082040845406,62.050410204227035,-0.00851388203161485,12.5
control,515,visual,41,132,CA1,low_gamma,Trials 4-10,7,56,350,-0.11091457916805214,13.121453109131895,65.60726554565947,-0.09077169735109569,12.5
control,515,visual,41,132,CA1,low_gamma,Intermediate,10,56,500,0.02308670051135764,12.206222850378253,61.03111425189127,-0.08057710858095835,12.5
control,515,visual,41,132,CA1,low_gamma,Expert,10,56,500,-0.15205524027683337,13.375714135899553,66.87857067949777,-0.08264196485052522,12.5
control,515,visual,41,132,CA1,high_gamma,All,132,56,6550,-0.0013336212672323544,12.472889291127402,62.36444645563701,-0.010530871672187248,12.5
control,515,visual,41,132,CA1,high_gamma,Trials 4-10,7,56,350,-0.050853987354629204,12.285465241501985,61.42732620750992,-0.14940996515470473,12.5
control,515,visual,41,132,CA1,high_gamma,Intermediate,10,56,500,-0.1231189264819299,12.992648684658443,64.96324342329221,-0.11594250089766511,12.5
control,515,visual,41,132,CA1,high_gamma,Expert,10,56,500,-0.15533630690721467,13.393510167748843,66.96755083874422,-0.08611748754487047,12.5
control,515,visual,41,132,CA1,total,All,132,56,6550,0.0064518385552266855,12.44050261555859,62.20251307779294,-0.012829910227079688,12.5
control,515,visual,41,132,CA1,total,Trials 4-10,7,56,350,-0.02662315142525218,12.463196332514949,62.31598166257474,-0.10063749875180705,12.5
control,515,visual,41,132,CA1,total,Intermediate,10,56,500,-0.03686561788635645,12.542027933737144,62.71013966868572,-0.07400014776812514,12.5
control,515,visual,41,132,CA1,total,Expert,10,56,500,0.008353566256482203,12.304513686395229,61.52256843197614,-0.08394664523790607,12.5
control,515,visual,41,132,DG,theta,All,132,26,6550,0.008706318466292995,12.37399914561321,61.86999572806605,-0.006978877643738057,12.5
control,515,visual,41,132,DG,theta,Trials 4-10,7,26,350,0.028712684676941436,12.093583615983032,60.467918079915165,-0.024189773283678218,12.5
control,515,visual,41,132,DG,theta,Intermediate,10,26,500,0.0017136745230275086,12.163202692619322,60.81601346309661,-0.05769161494718089,12.5
control,515,visual,41,132,DG,theta,Expert,10,26,500,0.00732807671953728,12.199618638174552,60.998093190872765,-0.05918374227033785,12.5
control,515,visual,41,132,DG,beta,All,132,26,6550,-0.001711596739194965,12.497050995463638,62.48525497731819,-0.005075883936802361,12.5
control,515,visual,41,132,DG,beta,Trials 4-10,7,26,350,-0.05079570173297765,12.661635742169077,63.30817871084538,-0.05768623725584443,12.5
control,515,visual,41,132,DG,beta,Intermediate,10,26,500,0.006219200983932804,12.277607753312674,61.38803876656337,-0.03495194779813349,12.5
control,515,visual,41,132,DG,beta,Expert,10,26,500,-0.04017287418425575,12.671551052300691,63.357755261503456,-0.03156425266977281,12.5
control,515,visual,41,132,DG,low_gamma,All,132,26,6550,4.3553287889852577e-05,12.491708965241827,62.458544826209135,-0.004818377069933488,12.5
control,515,visual,41,132,DG,low_gamma,Trials 4-10,7,26,350,-0.06500658531165548,12.854143078482505,64.27071539241253,-0.04568881767286337,12.5
control,515,visual,41,132,DG,low_gamma,Intermediate,10,26,500,-0.01633759154171055,12.5965279447712,62.982639723855996,-0.04415278652102361,12.5
control,515,visual,41,132,DG,low_gamma,Expert,10,26,500,-0.03902937991603861,12.740463211301165,63.70231605650582,-0.030535309128854937,12.5
control,515,visual,41,132,DG,high_gamma,All,132,26,6550,0.0029605051667863647,12.46851194239406,62.342559711970296,-0.004852701824620942,12.5
control,515,visual,41,132,DG,high_gamma,Trials 4-10,7,26,350,0.006843974637634309,12.365727685165568,61.82863842582784,-0.04309498143122781,12.5
control,515,visual,41,132,DG,high_gamma,Intermediate,10,26,500,-0.03570346266703739,12.69041139886389,63.45205699431945,-0.03402609076430618,12.5
control,515,visual,41,132,DG,high_gamma,Expert,10,26,500,-0.03437339857086896,12.510695387521634,62.553476937608174,-0.03805399187759306,12.5
control,515,visual,41,132,DG,total,All,132,26,6550,0.0030797979765683214,12.463938287539342,62.31969143769671,-0.0057291802286212334,12.5
control,515,visual,41,132,DG,total,Trials 4-10,7,26,350,-0.019601249233081486,12.454613792096074,62.27306896048037,-0.041775123650164,12.5
control,515,visual,41,132,DG,total,Intermediate,10,26,500,-0.033574840705812736,12.575886268579213,62.87943134289606,-0.0403209651999219,12.5
control,515,visual,41,132,DG,total,Expert,10,26,500,0.025687795054156082,12.257433685573542,61.28716842786771,-0.03817278414061298,12.5
control,817,striatum,41,137,DMS,theta,All,137,62,6795,-0.012373994035635771,12.531648160393594,62.65824080196797,-0.012339147440131981,12.50102415910933
control,817,striatum,41,137,DMS,theta,Trials 4-10,7,62,350,-0.39774007224200547,14.572355267399034,72.86177633699518,-0.34837524474339654,12.5
control,817,striatum,41,137,DMS,theta,Intermediate,10,62,500,-0.14282213141332067,13.032160218877685,65.16080109438843,-0.21487676301518022,12.5
control,817,striatum,41,137,DMS,theta,Expert,10,62,500,-0.1966540819859759,13.556634224758204,67.78317112379102,-0.2537198992343246,12.5
control,817,striatum,41,137,DMS,beta,All,137,62,6795,-0.009387351496366714,12.542352595719512,62.71176297859756,-0.013886088359867488,12.50102415910933
control,817,striatum,41,137,DMS,beta,Trials 4-10,7,62,350,-0.3270215367709024,13.801356682557838,69.00678341278919,-0.2755546989649038,12.5
control,817,striatum,41,137,DMS,beta,Intermediate,10,62,500,-0.22647368675888813,13.485668914066828,67.42834457033413,-0.2070076622901207,12.5
control,817,striatum,41,137,DMS,beta,Expert,10,62,500,-0.15268351932655566,13.132092847774464,65.66046423887232,-0.18278518150338274,12.5
control,817,striatum,41,137,DMS,low_gamma,All,137,62,6795,-0.007944159549732044,12.51974401020727,62.59872005103635,-0.010446093378487564,12.50102415910933
control,817,striatum,41,137,DMS,low_gamma,Trials 4-10,7,62,350,-0.41118582365321843,14.18591943012697,70.92959715063485,-0.3788889654696861,12.5
control,817,striatum,41,137,DMS,low_gamma,Intermediate,10,62,500,-0.1777456591466442,13.225193699397828,66.12596849698915,-0.1988398748944824,12.5
control,817,striatum,41,137,DMS,low_gamma,Expert,10,62,500,-0.164689812596563,13.02280951511595,65.11404757557975,-0.1764785799001749,12.5
control,817,striatum,41,137,DMS,high_gamma,All,137,62,6795,-0.0025229704324680746,12.44806873968291,62.24034369841455,-0.011258376668261905,12.50102415910933
control,817,striatum,41,137,DMS,high_gamma,Trials 4-10,7,62,350,-0.26573959699786776,13.414982327714196,67.07491163857098,-0.25801695760228505,12.5
control,817,striatum,41,137,DMS,high_gamma,Intermediate,10,62,500,-0.18651116513969712,13.195773577669756,65.97886788834879,-0.24076423664993363,12.5
control,817,striatum,41,137,DMS,high_gamma,Expert,10,62,500,-0.110245027215641,12.67058798171029,63.35293990855145,-0.18838235732146824,12.5
control,817,striatum,41,137,DMS,total,All,137,62,6795,-0.006827780517828286,12.509918113010851,62.54959056505426,-0.01364316795311904,12.50102415910933
control,817,striatum,41,137,DMS,total,Trials 4-10,7,62,350,-0.32900018499844674,13.765867679361078,68.82933839680538,-0.3020744467175125,12.5
control,817,striatum,41,137,DMS,total,Intermediate,10,62,500,-0.0809950989983026,12.592608201186303,62.963041005931515,-0.21147331674986836,12.5
control,817,striatum,41,137,DMS,total,Expert,10,62,500,-0.24362030592312878,13.47900884798634,67.39504423993169,-0.19956477984532528,12.5
control,817,striatum,41,137,DLS,theta,All,137,52,6795,-0.009504968261426994,12.52027913435503,62.60139567177515,-0.011004808530761911,12.50102415910933
control,817,striatum,41,137,DLS,theta,Trials 4-10,7,52,350,-0.3327261824138299,13.869877794001487,69.34938897000744,-0.2343623817512288,12.5
control,817,striatum,41,137,DLS,theta,Intermediate,10,52,500,-0.10681387454534885,12.698324798913388,63.49162399456694,-0.14869223600874326,12.5
control,817,striatum,41,137,DLS,theta,Expert,10,52,500,-0.17795270172254707,13.083740913726903,65.41870456863451,-0.1611604173672223,12.5
control,817,striatum,41,137,DLS,beta,All,137,52,6795,-0.010830392348723628,12.529356616256205,62.64678308128103,-0.012145671230045618,12.50102415910933
control,817,striatum,41,137,DLS,beta,Trials 4-10,7,52,350,-0.25076627259899475,13.74278012549383,68.71390062746914,-0.26148877626850964,12.5
control,817,striatum,41,137,DLS,beta,Intermediate,10,52,500,-0.10341753393510644,12.888315681037168,64.44157840518584,-0.14328836094782216,12.5
control,817,striatum,41,137,DLS,beta,Expert,10,52,500,-0.1353196566641206,12.958577903416545,64.79288951708273,-0.1761321921554997,12.5
control,817,striatum,41,137,DLS,low_gamma,All,137,52,6795,-0.002293483578685196,12.47245761827434,62.3622880913717,-0.010807963450917946,12.50102415910933
control,817,striatum,41,137,DLS,low_gamma,Trials 4-10,7,52,350,-0.1933042106524423,13.170637750735654,65.85318875367827,-0.2871491261337964,12.5
control,817,striatum,41,137,DLS,low_gamma,Intermediate,10,52,500,-0.04726587433751073,12.39988044838075,61.99940224190375,-0.1750068938682685,12.5
control,817,striatum,41,137,DLS,low_gamma,Expert,10,52,500,-0.16303413618509688,13.156216359243002,65.781081796215,-0.14418233136089387,12.5
control,817,striatum,41,137,DLS,high_gamma,All,137,52,6795,0.013305074649971993,12.285138417129591,61.42569208564795,-0.008554685961072783,12.50102415910933
control,817,striatum,41,137,DLS,high_gamma,Trials 4-10,7,52,350,-0.20382372249168568,13.239643026886512,66.19821513443256,-0.24482607047662697,12.5
control,817,striatum,41,137,DLS,high_gamma,Intermediate,10,52,500,-0.09717122291543778,12.359797922004281,61.79898961002141,-0.15400970142310833,12.5
control,817,striatum,41,137,DLS,high_gamma,Expert,10,52,500,-0.15318401559836858,12.840060297996827,64.20030148998413,-0.1800586032571636,12.5
control,817,striatum,41,137,DLS,total,All,137,52,6795,-0.0005877548320001313,12.445239445102565,62.22619722551283,-0.0119270979913646,12.50102415910933
control,817,striatum,41,137,DLS,total,Trials 4-10,7,52,350,-0.16125200246244864,12.880831731801164,64.40415865900582,-0.22126840714597207,12.5
control,817,striatum,41,137,DLS,total,Intermediate,10,52,500,-0.13882609891780762,13.02261110191894,65.1130555095947,-0.14156874913980988,12.5
control,817,striatum,41,137,DLS,total,Expert,10,52,500,-0.10466329133846086,12.790010974046664,63.95005487023332,-0.15453082704677557,12.5
control,817,striatum,41,137,ACC,theta,All,137,42,6795,-0.008919778956711477,12.525847787136033,62.62923893568016,-0.009756190679008236,12.50102415910933
control,817,striatum,41,137,ACC,theta,Trials 4-10,7,42,350,-0.11501715100341436,12.958787311538275,64.79393655769138,-0.14193405693361627,12.5
control,817,striatum,41,137,ACC,theta,Intermediate,10,42,500,-0.2214532198727448,13.582852092503117,67.91426046251559,-0.15428901892424007,12.5
control,817,striatum,41,137,ACC,theta,Expert,10,42,500,-0.0775450650418894,12.700035139986039,63.500175699930196,-0.0990758518510344,12.5
control,817,striatum,41,137,ACC,beta,All,137,42,6795,-0.003368124809902895,12.499013221071303,62.495066105356514,-0.008940264254347019,12.50102415910933
control,817,striatum,41,137,ACC,beta,Trials 4-10,7,42,350,-0.14630502667112633,13.08282036620522,65.4141018310261,-0.19425961587648088,12.5
control,817,striatum,41,137,ACC,beta,Intermediate,10,42,500,-0.07635126271352033,12.62668645761559,63.13343228807795,-0.09435707136972482,12.5
control,817,striatum,41,137,ACC,beta,Expert,10,42,500,-0.1373149261609954,13.118048330982806,65.59024165491402,-0.07348847509200662,12.5
control,817,striatum,41,137,ACC,low_gamma,All,137,42,6795,-0.0024096456330477967,12.485198407327813,62.425992036639066,-0.006572998353326032,12.50102415910933
control,817,striatum,41,137,ACC,low_gamma,Trials 4-10,7,42,350,-0.11460581757749755,12.945986102447943,64.72993051223972,-0.11597180175088484,12.5
control,817,striatum,41,137,ACC,low_gamma,Intermediate,10,42,500,-0.08968731938219232,12.707970797040872,63.53985398520436,-0.12041563252400467,12.5
control,817,striatum,41,137,ACC,low_gamma,Expert,10,42,500,-0.08164684855892967,12.760090019959918,63.80045009979959,-0.10189235874835267,12.5
control,817,striatum,41,137,ACC,high_gamma,All,137,42,6795,-0.000946755574495528,12.45149428608368,62.2574714304184,-0.006779126677166847,12.50102415910933
control,817,striatum,41,137,ACC,high_gamma,Trials 4-10,7,42,350,-0.09919165418839615,12.79344264208837,63.967213210441855,-0.1515057396338091,12.5
control,817,striatum,41,137,ACC,high_gamma,Intermediate,10,42,500,-0.11356986045107109,12.711864958245958,63.559324791229784,-0.1119505696452705,12.5
control,817,striatum,41,137,ACC,high_gamma,Expert,10,42,500,-0.0719201676815373,12.794443877883985,63.97221938941993,-0.09635983041534035,12.5
control,817,striatum,41,137,ACC,total,All,137,42,6795,0.0021285952607594805,12.452779899986439,62.263899499932194,-0.007797706606373689,12.50102415910933
control,817,striatum,41,137,ACC,total,Trials 4-10,7,42,350,-0.06671275127792953,12.913162950768278,64.5658147538414,-0.17476835399790835,12.5
control,817,striatum,41,137,ACC,total,Intermediate,10,42,500,-0.14124052722576574,13.168547561204294,65.84273780602147,-0.11778932995505031,12.5
control,817,striatum,41,137,ACC,total,Expert,10,42,500,-0.11690237913737045,13.131088456981923,65.65544228490961,-0.18332407656094918,12.5
control,817,visual,41,137,V1,theta,All,137,86,6795,-0.010997299806571492,12.54545509942926,62.7272754971463,-0.016238448203319544,12.50102415910933
control,817,visual,41,137,V1,theta,Trials 4-10,7,86,350,-0.01199777753133846,12.218101231978073,61.09050615989037,-0.18661219878876523,12.5
control,817,visual,41,137,V1,theta,Intermediate,10,86,500,-0.13841204706396404,13.154343916314673,65.77171958157336,-0.13243852445787452,12.5
control,817,visual,41,137,V1,theta,Expert,10,86,500,-0.12682250775288506,13.042190350436512,65.21095175218255,-0.15311891379034992,12.5
control,817,visual,41,137,V1,beta,All,137,86,6795,-0.008114220651734394,12.523285904948121,62.61642952474061,-0.01691563786644168,12.50102415910933
control,817,visual,41,137,V1,beta,Trials 4-10,7,86,350,-0.23405503625932766,13.557335738732727,67.78667869366363,-0.30461110852717965,12.5
control,817,visual,41,137,V1,beta,Intermediate,10,86,500,-0.27565612480504353,13.84796977610671,69.23984888053356,-0.2059297867019081,12.5
control,817,visual,41,137,V1,beta,Expert,10,86,500,-0.21118132095364173,13.277580517117046,66.38790258558524,-0.1782768903002674,12.5
control,817,visual,41,137,V1,low_gamma,All,137,86,6795,-0.006928451540263003,12.513932347368353,62.569661736841766,-0.016637401863718093,12.50102415910933
control,817,visual,41,137,V1,low_gamma,Trials 4-10,7,86,350,-0.2417268675346549,13.442870623537889,67.21435311768944,-0.24546754707824658,12.5
control,817,visual,41,137,V1,low_gamma,Intermediate,10,86,500,-0.19253881434273645,13.254834260364552,66.27417130182276,-0.1728729511593583,12.5
control,817,visual,41,137,V1,low_gamma,Expert,10,86,500,-0.21260418532445047,13.433731004347868,67.16865502173934,-0.22477386064971205,12.5
control,817,visual,41,137,V1,high_gamma,All,137,86,6795,-0.0011764036970238756,12.45676018367127,62.28380091835635,-0.017653367506120787,12.50102415910933
control,817,visual,41,137,V1,high_gamma,Trials 4-10,7,86,350,-0.24866979730429062,13.290633075957771,66.45316537978886,-0.33971327865463863,12.5
control,817,visual,41,137,V1,high_gamma,Intermediate,10,86,500,-0.2627007456207955,13.542437324110622,67.71218662055311,-0.22909696749245212,12.5
control,817,visual,41,137,V1,high_gamma,Expert,10,86,500,-0.28466751542636803,13.556121058882878,67.78060529441439,-0.2939936993302623,12.5
control,817,visual,41,137,V1,total,All,137,86,6795,-0.0022898850863071196,12.500790867309364,62.50395433654682,-0.017028353517341444,12.50102415910933
control,817,visual,41,137,V1,total,Trials 4-10,7,86,350,-0.1021061068570921,12.790446175400396,63.95223087700198,-0.17959833602560793,12.5
control,817,visual,41,137,V1,total,Intermediate,10,86,500,-0.13286085184041174,12.911488504886478,64.55744252443239,-0.1441505988095788,12.5
control,817,visual,41,137,V1,total,Expert,10,86,500,-0.06842582891394122,12.689750359458504,63.448751797292516,-0.12228597806833652,12.5
control,817,visual,41,137,CA1,theta,All,137,72,6795,0.006715125476145722,12.387342065032367,61.93671032516184,-0.010633666922088336,12.50102415910933
control,817,visual,41,137,CA1,theta,Trials 4-10,7,72,350,-0.15558190432327823,13.147844268111731,65.73922134055866,-0.10521637079373036,12.5
control,817,visual,41,137,CA1,theta,Intermediate,10,72,500,-0.16501568596906346,13.39729395594835,66.98646977974175,-0.09722216903345049,12.5
control,817,visual,41,137,CA1,theta,Expert,10,72,500,0.012511394378824203,12.170596308606717,60.852981543033586,-0.08047858092543891,12.5
control,817,visual,41,137,CA1,beta,All,137,72,6795,-0.010741552493504836,12.523438048355763,62.617190241778815,-0.011331609592610814,12.50102415910933
control,817,visual,41,137,CA1,beta,Trials 4-10,7,72,350,-0.19031470994658983,13.407853689601787,67.03926844800893,-0.16593566679046723,12.5
control,817,visual,41,137,CA1,beta,Intermediate,10,72,500,-0.1390357646733409,13.097471207934925,65.48735603967462,-0.10178339699364614,12.5
control,817,visual,41,137,CA1,beta,Expert,10,72,500,-0.1487247518997208,13.151677581775097,65.75838790887548,-0.1155812819907549,12.5
control,817,visual,41,137,CA1,low_gamma,All,137,72,6795,0.0014944176077861249,12.444202380747816,62.22101190373908,-0.014630871413462199,12.50102415910933
control,817,visual,41,137,CA1,low_gamma,Trials 4-10,7,72,350,-0.13177900916987317,13.041530216308576,65.20765108154288,-0.14110478697041806,12.5
control,817,visual,41,137,CA1,low_gamma,Intermediate,10,72,500,-0.06480165008068917,12.575526054482417,62.877630272412084,-0.1379856956050598,12.5
control,817,visual,41,137,CA1,low_gamma,Expert,10,72,500,-0.14696155124921484,13.227810124977834,66.13905062488917,-0.10955476398733666,12.5
control,817,visual,41,137,CA1,high_gamma,All,137,72,6795,-0.0005120207397648624,12.437740325044139,62.188701625220695,-0.015002816932439211,12.50102415910933
control,817,visual,41,137,CA1,high_gamma,Trials 4-10,7,72,350,-0.11713567582966666,12.830353641170456,64.15176820585228,-0.2599990738142137,12.5
control,817,visual,41,137,CA1,high_gamma,Intermediate,10,72,500,-0.11283927479463185,12.72393788196222,63.6196894098111,-0.18850152781367835,12.5
control,817,visual,41,137,CA1,high_gamma,Expert,10,72,500,-0.08331661929087408,12.812499125236789,64.06249562618395,-0.20697788011288853,12.5
control,817,visual,41,137,CA1,total,All,137,72,6795,0.0012129823166481257,12.418546707925655,62.09273353962828,-0.014980936091282926,12.50102415910933
control,817,visual,41,137,CA1,total,Trials 4-10,7,72,350,-0.35777065167702715,14.052476566259338,70.26238283129669,-0.10342595922088083,12.5
control,817,visual,41,137,CA1,total,Intermediate,10,72,500,-0.11257502373545103,12.963530519095507,64.81765259547754,-0.09206569574523504,12.5
control,817,visual,41,137,CA1,total,Expert,10,72,500,-0.0363380101867945,12.339972138782613,61.69986069391307,-0.10721799241692298,12.5
control,817,visual,41,137,DG,theta,All,137,56,6795,0.011352292160987099,12.400418370615531,62.00209185307766,-0.009496673312971549,12.50102415910933
control,817,visual,41,137,DG,theta,Trials 4-10,7,56,350,-0.027738343055107473,12.336428246913885,61.68214123456942,-0.042432369892756894,12.5
control,817,visual,41,137,DG,theta,Intermediate,10,56,500,-0.04798524386838632,12.892079073938191,64.46039536969096,-0.09588441062759712,12.5
control,817,visual,41,137,DG,theta,Expert,10,56,500,-0.039920186227393684,12.670741748275498,63.35370874137749,-0.06726727081511741,12.5
control,817,visual,41,137,DG,beta,All,137,56,6795,-0.0038785268793286587,12.503056212287083,62.51528106143542,-0.010066660423801999,12.50102415910933
control,817,visual,41,137,DG,beta,Trials 4-10,7,56,350,-0.06972852495215243,12.751345808619622,63.756729043098105,-0.040989776394306565,12.5
control,817,visual,41,137,DG,beta,Intermediate,10,56,500,-0.05473236872164855,12.65297011967637,63.26485059838185,-0.05393222958433053,12.5
control,817,visual,41,137,DG,beta,Expert,10,56,500,-0.08415617300826495,12.778769632893056,63.89384816446528,-0.0635848431046071,12.5
control,817,visual,41,137,DG,low_gamma,All,137,56,6795,0.0034338199527459423,12.461715848906271,62.30857924453136,-0.008764574979700512,12.50102415910933
control,817,visual,41,137,DG,low_gamma,Trials 4-10,7,56,350,-0.028060008531811675,12.636057696217515,63.18028848108757,-0.03542737216864511,12.5
control,817,visual,41,137,DG,low_gamma,Intermediate,10,56,500,-0.04897464104343241,12.775131039818078,63.87565519909039,-0.04743742939720752,12.5
control,817,visual,41,137,DG,low_gamma,Expert,10,56,500,-0.0243703689326904,12.456014398066797,62.28007199033399,-0.04785554869067132,12.5
control,817,visual,41,137,DG,high_gamma,All,137,56,6795,-0.005859641832936191,12.517210287930723,62.586051439653616,-0.008330304187496917,12.50102415910933
control,817,visual,41,137,DG,high_gamma,Trials 4-10,7,56,350,-0.03801511073581687,12.58726510747891,62.93632553739455,-0.06950440263862623,12.5
control,817,visual,41,137,DG,high_gamma,Intermediate,10,56,500,-0.07276736505068526,12.818094120303211,64.09047060151606,-0.027325945869308255,12.5
control,817,visual,41,137,DG,high_gamma,Expert,10,56,500,-0.07883009795954132,12.849828717012455,64.24914358506227,-0.07332391214113154,12.5
control,817,visual,41,137,DG,total,All,137,56,6795,0.0049277543074184305,12.399136150827536,61.99568075413768,-0.010835387537746932,12.50102415910933
control,817,visual,41,137,DG,total,Trials 4-10,7,56,350,-0.07185832616753784,12.831541232103278,64.1577061605164,-0.05127809727309973,12.5
control,817,visual,41,137,DG,total,Intermediate,10,56,500,0.001624936191299442,12.454613066663642,62.27306533331821,-0.03515256584529314,12.5
control,817,visual,41,137,DG,total,Expert,10,56,500,-0.0017022110989095562,12.224026161779092,61.12013080889546,-0.06606320807671517,12.5
