cohort,mouse_id,probe,learning_point,lp_source,n_trials,area,band,window,n_window_trials,n_channels,r_profile_vs_speed,split_half_r,split_half_r_p25,split_half_r_p75,mean_pairwise_r
control,1205,striatum,41,cohort_average,145,DMS,theta,All,145,52,0.036242882533201355,0.15092986343923182,-0.049895092240332346,0.3197254845375541,-0.00037333575445149415
control,1205,striatum,41,cohort_average,145,DMS,theta,First 20,20,52,0.039848734484453426,0.26049857425351025,0.10400937199215951,0.3911226758613975,0.003634163538021296
control,1205,striatum,41,cohort_average,145,DMS,theta,Trials 4-10,7,52,-0.06646222137286069,0.22469930766445076,0.1323216697718878,0.33292986415821835,0.00872020260557374
control,1205,striatum,41,cohort_average,145,DMS,theta,Intermediate,10,52,0.19648260724443756,0.020287726958812882,-0.1605441910206048,0.18970490095519088,-0.001991218168840567
control,1205,striatum,41,cohort_average,145,DMS,theta,Expert,10,52,0.18386819267766016,-0.015477073140065967,-0.28703722708057294,0.10934293436009948,0.00233768177266997
control,1205,striatum,41,cohort_average,145,DMS,beta,All,145,52,-0.2234911799363946,0.08311499294607066,-0.039760161947653076,0.20654613520530915,0.0013737537750731267
control,1205,striatum,41,cohort_average,145,DMS,beta,First 20,20,52,0.02740092073025724,-0.34455180977243705,-0.6351922343197826,-0.023910207048199298,-0.0037134769435814216
control,1205,striatum,41,cohort_average,145,DMS,beta,Trials 4-10,7,52,-0.12990869520607162,0.1600602039766291,-0.02916768849095601,0.3152482067437255,0.04037221194581319
control,1205,striatum,41,cohort_average,145,DMS,beta,Intermediate,10,52,-0.025208842995415873,-0.09840288261654473,-0.25848376203264356,0.08017548133258712,0.00837078940716766
control,1205,striatum,41,cohort_average,145,DMS,beta,Expert,10,52,-0.05466782665396291,0.01791667026089369,-0.1947034162096812,0.2396593970701973,0.0045983230682177054
control,1205,striatum,41,cohort_average,145,DMS,low_gamma,All,145,52,-0.09891331780951457,0.13223708735104184,0.016681191268533457,0.2596565787896649,0.0012133985039920175
control,1205,striatum,41,cohort_average,145,DMS,low_gamma,First 20,20,52,-0.07415176113522655,0.013594954636428,-0.13724985701627657,0.20536032059023535,0.0034799362691098424
control,1205,striatum,41,cohort_average,145,DMS,low_gamma,Trials 4-10,7,52,0.03384210006265003,0.10173312382824946,-0.13207029127654785,0.24109874112129598,0.006715351679678341
control,1205,striatum,41,cohort_average,145,DMS,low_gamma,Intermediate,10,52,-0.01973069561823822,0.09157390471191978,-0.08920201800429975,0.18891701813764522,-0.002731051665227506
control,1205,striatum,41,cohort_average,145,DMS,low_gamma,Expert,10,52,0.05938702660733643,0.19892451006196232,-0.08770971468815728,0.34144724990659986,0.006547558561085906
control,1205,striatum,41,cohort_average,145,DMS,high_gamma,All,145,52,-0.14437057758322802,0.22089725068574756,0.0809287078614091,0.3793240313736753,0.0022828175491012392
control,1205,striatum,41,cohort_average,145,DMS,high_gamma,First 20,20,52,-0.001553524812334521,0.16960330935776075,-0.01898152292454182,0.26764620305749787,0.008605478840628473
control,1205,striatum,41,cohort_average,145,DMS,high_gamma,Trials 4-10,7,52,0.0011633639887274091,0.12999521392211977,-0.041850721106884405,0.2341402075297761,0.006736644151047928
control,1205,striatum,41,cohort_average,145,DMS,high_gamma,Intermediate,10,52,-0.02047764369323367,-0.15174722902473942,-0.2764104869737491,0.0912693566196071,-0.006213766307977823
control,1205,striatum,41,cohort_average,145,DMS,high_gamma,Expert,10,52,0.0875041368278646,0.0529383671463778,-0.17973353488653482,0.19694709046155862,0.001893802697920692
control,1205,striatum,41,cohort_average,145,DMS,total,All,145,52,-0.15453672754683107,0.40952894008926055,0.30253954962329044,0.5689037304671667,0.0032133758695638767
control,1205,striatum,41,cohort_average,145,DMS,total,First 20,20,52,0.04681430734936576,0.0879140150448397,-0.140618866362879,0.23461603630314443,-0.0005420453355998382
control,1205,striatum,41,cohort_average,145,DMS,total,Trials 4-10,7,52,0.1170823541356435,0.08411968628755137,-0.08117949268810107,0.275489172584619,0.008635523289969228
control,1205,striatum,41,cohort_average,145,DMS,total,Intermediate,10,52,0.2453579856661003,0.1381444714196769,0.011217409974029702,0.19499592719567083,0.013028557431586518
control,1205,striatum,41,cohort_average,145,DMS,total,Expert,10,52,0.3604989841918828,-0.36634706592594385,-0.5496234374346094,0.052474977287059486,-0.010668415396723363
control,1205,striatum,41,cohort_average,145,DLS,theta,All,145,72,-0.09825492765438243,0.04404520746371024,-0.0563289967111134,0.21538951997788314,0.0003161570094123977
control,1205,striatum,41,cohort_average,145,DLS,theta,First 20,20,72,0.14340732159495068,0.043965620648846515,-0.15323130211241903,0.18779917231790008,-0.006405167596102147
control,1205,striatum,41,cohort_average,145,DLS,theta,Trials 4-10,7,72,-0.18443495097595008,0.2919795815603431,0.14661465468815235,0.4376075952658396,0.019514365037094618
control,1205,striatum,41,cohort_average,145,DLS,theta,Intermediate,10,72,0.022082811633627693,-0.0406800440128085,-0.21802699293320332,0.10618531517190014,-0.012897911241148264
control,1205,striatum,41,cohort_average,145,DLS,theta,Expert,10,72,0.05079225947420336,0.01918139627933672,-0.27624205205408253,0.13999208020648768,-0.004647116031396581
control,1205,striatum,41,cohort_average,145,DLS,beta,All,145,72,-0.17743281909621306,-0.054856360858235365,-0.26043100680280873,0.04959562746868753,0.00031176590027497006
control,1205,striatum,41,cohort_average,145,DLS,beta,First 20,20,72,-0.07679833248078138,0.016202480261625914,-0.1837848066253881,0.2062319269314655,-0.00278422416278912
control,1205,striatum,41,cohort_average,145,DLS,beta,Trials 4-10,7,72,-0.10892010257863616,0.029869598826733585,-0.09693147910598612,0.19879334524857029,0.002625471230722574
control,1205,striatum,41,cohort_average,145,DLS,beta,Intermediate,10,72,-0.05591086858894666,0.21631738301428127,0.09062715993481307,0.3510831759240548,0.016144542491995047
control,1205,striatum,41,cohort_average,145,DLS,beta,Expert,10,72,-0.016506171292422094,-0.19523968091101818,-0.475924390853434,0.09099296187386247,-0.0012089299335706365
control,1205,striatum,41,cohort_average,145,DLS,low_gamma,All,145,72,-0.15125864358461882,0.059805974600336674,-0.1386356787146836,0.22977604077376432,0.001596669691600577
control,1205,striatum,41,cohort_average,145,DLS,low_gamma,First 20,20,72,0.04800365047939616,0.0977771591285676,-0.08627481784729436,0.24946741448966178,0.00211189566395933
control,1205,striatum,41,cohort_average,145,DLS,low_gamma,Trials 4-10,7,72,0.11959262259924658,-0.04819327347880338,-0.15317805438001972,0.09197200897396277,-0.003967486851270416
control,1205,striatum,41,cohort_average,145,DLS,low_gamma,Intermediate,10,72,-0.08100054965427236,0.00698146445366196,-0.11708567952466978,0.15399198659380078,-0.0011890738036045411
control,1205,striatum,41,cohort_average,145,DLS,low_gamma,Expert,10,72,-0.1448624456856349,0.20162681918795877,0.1103909841129625,0.2926552429948226,0.015095146003427946
control,1205,striatum,41,cohort_average,145,DLS,high_gamma,All,145,72,-0.1506664164268986,0.2962432114253608,0.1505090242471306,0.4114049888157036,0.001989869137921759
control,1205,striatum,41,cohort_average,145,DLS,high_gamma,First 20,20,72,-0.03481787727995654,0.02783900831829967,-0.141927456746765,0.23162832309205175,0.003927204771883308
control,1205,striatum,41,cohort_average,145,DLS,high_gamma,Trials 4-10,7,72,-0.1281499997431208,0.1872046828177829,-0.11230877313199912,0.31644546523192507,0.011525587904221608
control,1205,striatum,41,cohort_average,145,DLS,high_gamma,Intermediate,10,72,-0.08169874120957904,0.020652701801558614,-0.18173821684219876,0.2084823339120494,0.0003071450913224692
control,1205,striatum,41,cohort_average,145,DLS,high_gamma,Expert,10,72,-0.03205311452405639,0.0928066068989915,-0.12975395791078537,0.23878051808553344,-0.0017477626316936244
control,1205,striatum,41,cohort_average,145,DLS,total,All,145,72,-0.2398525262435117,0.3663953958629286,0.2146371247652864,0.449415426376242,0.0013624252356832785
control,1205,striatum,41,cohort_average,145,DLS,total,First 20,20,72,0.09265053109019747,0.07697320830165097,-0.1772240260194031,0.21568667623405718,-0.0007419541388178026
control,1205,striatum,41,cohort_average,145,DLS,total,Trials 4-10,7,72,-0.049760785074736885,0.18370824576041755,0.08255437437365412,0.27696466429857275,0.0074902149580495115
control,1205,striatum,41,cohort_average,145,DLS,total,Intermediate,10,72,0.1311314345218709,0.11007411904515964,-0.09935591076199767,0.2013166767551507,0.008041946239477208
control,1205,striatum,41,cohort_average,145,DLS,total,Expert,10,72,0.19353780787202757,-0.23878200955231932,-0.6160683550761966,-0.027761265248669342,-0.016493928868192516
control,1205,striatum,41,cohort_average,145,ACC,theta,All,145,52,-0.42069390076071655,0.4429622923108314,0.261389932027669,0.5159301286017888,0.0027249375337134903
control,1205,striatum,41,cohort_average,145,ACC,theta,First 20,20,52,-0.21897348888769724,0.1560545321362456,-0.057481724443741375,0.3668541699651451,0.0021216175011575483
control,1205,striatum,41,cohort_average,145,ACC,theta,Trials 4-10,7,52,-0.21310060859224278,0.16019250292240889,0.03289666948068808,0.26428002067352363,0.009317076370203762
control,1205,striatum,41,cohort_average,145,ACC,theta,Intermediate,10,52,-0.12368643213933833,0.1399822653561677,0.06022120143485426,0.26983847728973,0.013183735077751026
control,1205,striatum,41,cohort_average,145,ACC,theta,Expert,10,52,-0.019217507172042066,-0.5023610618616653,-0.7110758952959482,-0.32663655560505755,-0.015471154593902869
control,1205,striatum,41,cohort_average,145,ACC,beta,All,145,52,-0.2031680490677508,0.1523861554756712,0.022042447584950088,0.24555605542229417,0.0009169409574956499
control,1205,striatum,41,cohort_average,145,ACC,beta,First 20,20,52,-0.21599552227149438,0.14476062341466545,-0.026664442581660473,0.2464703414474291,-0.001094630424617188
control,1205,striatum,41,cohort_average,145,ACC,beta,Trials 4-10,7,52,-0.07206483904753502,0.17148768648468027,0.059844723980866266,0.24797331197257874,0.0032187167225996866
control,1205,striatum,41,cohort_average,145,ACC,beta,Intermediate,10,52,-0.1392981485624243,-0.3442314109701051,-0.555350361335247,-0.1424848115019331,-0.016625427380807887
control,1205,striatum,41,cohort_average,145,ACC,beta,Expert,10,52,-0.08097683457540186,0.04619985492177549,-0.08321250501879288,0.17130458220595118,0.006926381419284809
control,1205,striatum,41,cohort_average,145,ACC,low_gamma,All,145,52,-0.006622643783025113,0.03714325128384986,-0.3086735792336522,0.21726204614303019,-0.0001582054138243536
control,1205,striatum,41,cohort_average,145,ACC,low_gamma,First 20,20,52,0.15241155003508344,-0.2662681944629053,-0.3718343352513236,-0.07277020067235568,-0.0016816582830859977
control,1205,striatum,41,cohort_average,145,ACC,low_gamma,Trials 4-10,7,52,-0.14322016605616922,0.01977418570124575,-0.15538849590505044,0.1388420606487731,-0.010391138264328158
control,1205,striatum,41,cohort_average,145,ACC,low_gamma,Intermediate,10,52,0.05894085121230028,-0.5078802973917453,-0.6911167063548516,-0.18793719868591277,-0.018747541557630226
control,1205,striatum,41,cohort_average,145,ACC,low_gamma,Expert,10,52,0.035075905523608425,-0.2683224424263507,-0.4219619702568487,-0.1301289994263995,-0.01261526124803223
control,1205,striatum,41,cohort_average,145,ACC,high_gamma,All,145,52,-0.36955369215597644,0.28387812452671957,0.12316575406068798,0.5015208088723522,0.004484914186735439
control,1205,striatum,41,cohort_average,145,ACC,high_gamma,First 20,20,52,-0.023629567898127972,0.13621815081314956,-0.021129420505594937,0.24231207439259025,0.0013992250201021765
control,1205,striatum,41,cohort_average,145,ACC,high_gamma,Trials 4-10,7,52,-0.17200051064900893,0.21461074228004007,0.04219926400592129,0.3377108652977352,0.011012646567616248
control,1205,striatum,41,cohort_average,145,ACC,high_gamma,Intermediate,10,52,-0.07566073817325761,0.26003522821805436,0.13782943430313482,0.3647533691047836,0.007624849621015029
control,1205,striatum,41,cohort_average,145,ACC,high_gamma,Expert,10,52,-0.1026648134491655,-0.04759230865564615,-0.2993435978989109,0.08640270485118773,0.005630517838848614
control,1205,striatum,41,cohort_average,145,ACC,total,All,145,52,-0.4618951947469685,0.54319132840145,0.36464329533472106,0.7048366015451991,0.005508185538582551
control,1205,striatum,41,cohort_average,145,ACC,total,First 20,20,52,-0.10824253840970487,0.18200282722797156,-0.021243302853808408,0.35050731071026436,0.0022975311272715815
control,1205,striatum,41,cohort_average,145,ACC,total,Trials 4-10,7,52,-0.0754724177377872,-0.09071267525141125,-0.24438069362868453,0.10481325478289864,-0.024093252843671798
control,1205,striatum,41,cohort_average,145,ACC,total,Intermediate,10,52,0.11615122478052084,-0.0024213143711623846,-0.18061415802644942,0.13718687571011123,0.0030250946393694886
control,1205,striatum,41,cohort_average,145,ACC,total,Expert,10,52,0.07716512131766791,-0.23358494665973906,-0.6461681407729059,0.058493180251482035,-0.0027621427348059526
control,407,striatum,41,cohort_average,200,DMS,theta,All,200,52,-0.0551091529467974,0.13894502179027718,0.06855999185377845,0.23116088440198054,0.0011041890797864069
control,407,striatum,41,cohort_average,200,DMS,theta,First 20,20,52,-0.047958703264852784,0.0038119498638280102,-0.1314079195229781,0.13617264615698305,0.008002602787477466
control,407,striatum,41,cohort_average,200,DMS,theta,Trials 4-10,7,52,-0.06858157486473176,-0.10420972993668087,-0.25899551982695523,0.22113686166460553,-0.002723473538654834
control,407,striatum,41,cohort_average,200,DMS,theta,Intermediate,10,52,-0.047634164929202166,-0.05427592126015833,-0.35151795548674303,0.07968999906952977,0.008560643857909223
control,407,striatum,41,cohort_average,200,DMS,theta,Expert,10,52,0.06431723996669751,-0.3168612816769317,-0.5667755156732667,-0.150416120144712,-0.02196772412091568
control,407,striatum,41,cohort_average,200,DMS,beta,All,200,52,-0.1625062877473764,-0.027409077862376098,-0.2556736207188849,0.17126169155772603,-0.00016716149302320829
control,407,striatum,41,cohort_average,200,DMS,beta,First 20,20,52,-0.08881492821022521,-0.03183791518697564,-0.3384348288492628,0.26331530491445015,-0.0008089886376144729
control,407,striatum,41,cohort_average,200,DMS,beta,Trials 4-10,7,52,-0.14053786434900947,-0.031719753903531094,-0.20445937688225563,0.19383528651652993,0.002927972149167389
control,407,striatum,41,cohort_average,200,DMS,beta,Intermediate,10,52,-0.01323007744660317,-0.12492886967561803,-0.2719979368899675,0.0789808804489031,-0.009916634002616682
control,407,striatum,41,cohort_average,200,DMS,beta,Expert,10,52,-0.13625115818705488,-0.2368720269974781,-0.4017274385598745,-0.06529530936977293,-0.0061593929760697195
control,407,striatum,41,cohort_average,200,DMS,low_gamma,All,200,52,0.009275834161809004,0.16580855022419697,0.02871099462029684,0.27008783130835473,8.493815958798132e-05
control,407,striatum,41,cohort_average,200,DMS,low_gamma,First 20,20,52,0.009911582718254907,0.10200042707313482,-0.04695432949162764,0.2863453966914521,0.00424276117992968
control,407,striatum,41,cohort_average,200,DMS,low_gamma,Trials 4-10,7,52,-0.24496246771109614,-0.03144979318559642,-0.16020924698360495,0.10384113475278858,0.013165979384366859
control,407,striatum,41,cohort_average,200,DMS,low_gamma,Intermediate,10,52,-0.01447612347433181,0.046167983760599614,-0.2001951029760524,0.21578045985233094,0.0022431673863804154
control,407,striatum,41,cohort_average,200,DMS,low_gamma,Expert,10,52,-0.11671846356453774,-0.07178840683739854,-0.26515881801616326,0.08273733236381994,-0.007056601019129553
control,407,striatum,41,cohort_average,200,DMS,high_gamma,All,200,52,-0.2664731390263477,0.118776091314891,-0.05761956216116083,0.34214230926411987,0.0007904283597903407
control,407,striatum,41,cohort_average,200,DMS,high_gamma,First 20,20,52,-0.03449559197130132,0.09804983650748005,-0.0563406145578174,0.2960217821499177,0.003543792168154646
control,407,striatum,41,cohort_average,200,DMS,high_gamma,Trials 4-10,7,52,-0.051227656191403764,-0.09867251733731898,-0.23214031633690832,0.0670252568827286,-0.005950218813424022
control,407,striatum,41,cohort_average,200,DMS,high_gamma,Intermediate,10,52,-0.028936859597339062,-0.10404341280383358,-0.2215958610519496,0.03789188128088969,-0.0022647518381695444
control,407,striatum,41,cohort_average,200,DMS,high_gamma,Expert,10,52,-0.12537055294431518,-0.08102203177655823,-0.1947223282215398,0.11695411310600949,-0.004106091582201075
control,407,striatum,41,cohort_average,200,DMS,total,All,200,52,-0.20951422748144244,0.2852752008055264,0.08194673378135067,0.34578335913633274,0.0009297194838874268
control,407,striatum,41,cohort_average,200,DMS,total,First 20,20,52,-0.19982653088037564,0.292491812889459,0.16076278534892913,0.3743170369749282,0.013367047263750305
control,407,striatum,41,cohort_average,200,DMS,total,Trials 4-10,7,52,-0.1922977907174321,0.26662215920616966,0.15821477960143449,0.40812231146266803,0.011925306815740298
control,407,striatum,41,cohort_average,200,DMS,total,Intermediate,10,52,-0.08834758318079006,0.03056886085377336,-0.16010211766572463,0.2104334338598488,0.0036972461060801086
control,407,striatum,41,cohort_average,200,DMS,total,Expert,10,52,-0.08187967027685908,-0.07105533538322978,-0.2807129182820588,0.06962190396360632,-0.008623533712228897
control,407,striatum,41,cohort_average,200,DLS,theta,All,200,112,-0.1405727947211494,0.3608544803034457,0.20401503689398237,0.4668388297532775,0.0017765681619962312
control,407,striatum,41,cohort_average,200,DLS,theta,First 20,20,112,-0.06644596730245783,0.019543073515383286,-0.06827516083197982,0.17964751517025968,0.000715195874664549
control,407,striatum,41,cohort_average,200,DLS,theta,Trials 4-10,7,112,0.1491491425815924,-0.04850112724583162,-0.2992852511359987,0.1478390902351271,-0.021868042504461727
control,407,striatum,41,cohort_average,200,DLS,theta,Intermediate,10,112,-0.08934609606543889,0.05424801586627773,-0.1229301766886971,0.17752202633697023,0.0010530099761027647
control,407,striatum,41,cohort_average,200,DLS,theta,Expert,10,112,0.13732637023618915,-0.011095558896708217,-0.27020928428492774,0.16209097133568962,-0.010045434152301882
control,407,striatum,41,cohort_average,200,DLS,beta,All,200,112,-0.31641017097557045,0.13562277864672137,-0.07068251710586568,0.2964594553494217,0.0008493669172655407
control,407,striatum,41,cohort_average,200,DLS,beta,First 20,20,112,-0.15582074503849275,-0.12521627855371237,-0.35339030379371517,0.04960798545113439,-0.0016711120859049583
control,407,striatum,41,cohort_average,200,DLS,beta,Trials 4-10,7,112,-0.2197095375483324,0.07094593706156911,-0.13070124060246802,0.21135007779139392,-0.0072145059880026376
control,407,striatum,41,cohort_average,200,DLS,beta,Intermediate,10,112,0.0697343116627985,-0.00939379432476577,-0.19150755110778397,0.19995729688662248,-0.0020657343234036286
control,407,striatum,41,cohort_average,200,DLS,beta,Expert,10,112,-0.06359835779175409,-0.014116115013881814,-0.2343432569078132,0.18883496109479483,-0.001247192277107026
control,407,striatum,41,cohort_average,200,DLS,low_gamma,All,200,112,-0.1820377172012194,0.059516769314660906,-0.049346284207910276,0.2130217277841132,-6.71346170326892e-05
control,407,striatum,41,cohort_average,200,DLS,low_gamma,First 20,20,112,-0.08589134316871705,0.025284004482438296,-0.15969745600807067,0.14907837718015432,0.002817687080533482
control,407,striatum,41,cohort_average,200,DLS,low_gamma,Trials 4-10,7,112,-0.21501405130706858,0.003049549565423491,-0.192969139795697,0.1961563329778217,0.0018816102364584172
control,407,striatum,41,cohort_average,200,DLS,low_gamma,Intermediate,10,112,0.008881466921446299,0.08920841583253794,-0.08554922708593234,0.1709236928420063,0.0009079970685193966
control,407,striatum,41,cohort_average,200,DLS,low_gamma,Expert,10,112,-0.03819906736893837,0.010443289617553038,-0.15426746803660454,0.1770579957218976,-0.002275693080487296
control,407,striatum,41,cohort_average,200,DLS,high_gamma,All,200,112,-0.244316936487333,0.2415027583662834,0.057133142602525985,0.3645705933110083,0.0008055289643025499
control,407,striatum,41,cohort_average,200,DLS,high_gamma,First 20,20,112,-0.1442574232394974,0.015296655770989959,-0.2042732743552374,0.1571648560270923,-0.00017364453517608458
control,407,striatum,41,cohort_average,200,DLS,high_gamma,Trials 4-10,7,112,-0.12093210602999901,-0.028668786741321298,-0.28005405408690265,0.1087298959913312,-0.006716542135268268
control,407,striatum,41,cohort_average,200,DLS,high_gamma,Intermediate,10,112,-0.08140391072003053,0.13526469817763628,-0.09280373991394852,0.28651335922111004,0.007463142187106607
control,407,striatum,41,cohort_average,200,DLS,high_gamma,Expert,10,112,-0.0995080298699149,0.11489772309962303,-0.13512715748724113,0.26766601090513154,0.001254162131673515
control,407,striatum,41,cohort_average,200,DLS,total,All,200,112,-0.48305548196685905,0.36283486304714685,0.18676487717072154,0.47784954838931665,0.001803434343755593
control,407,striatum,41,cohort_average,200,DLS,total,First 20,20,112,-0.2505584654161006,-0.06439808357596208,-0.2902250654175069,0.0755257186627357,-0.0036621073007873607
control,407,striatum,41,cohort_average,200,DLS,total,Trials 4-10,7,112,-0.1841495037043469,-0.015464533166465406,-0.22435138551801648,0.20140621028047517,-0.002334180255062153
control,407,striatum,41,cohort_average,200,DLS,total,Intermediate,10,112,-0.0665598593968837,0.13887858048283888,-0.05272473043389181,0.24941386041536856,0.009243874592669836
control,407,striatum,41,cohort_average,200,DLS,total,Expert,10,112,-0.18909090086648622,0.015624224686914424,-0.14121784741489696,0.1431366944623645,-0.0032952775762198723
control,513,striatum,41,cohort_average,109,DMS,theta,All,109,20,-0.1561925626735835,-0.17744023469439113,-0.294243518245877,-0.004238320787550463,0.0005725860117426776
control,513,striatum,41,cohort_average,109,DMS,theta,First 20,20,20,-0.042469942643258735,-0.013235133396187992,-0.1822380727053459,0.05355379418587068,0.007513180103394395
control,513,striatum,41,cohort_average,109,DMS,theta,Trials 4-10,7,20,-0.045302543487028224,-0.2788621058927985,-0.3806915576807312,-0.1399706416654949,-0.002781335764121969
control,513,striatum,41,cohort_average,109,DMS,theta,Intermediate,10,20,0.03990313589649633,0.10362437295285094,-0.051081858365572774,0.19249627878340397,-0.010569419166362738
control,513,striatum,41,cohort_average,109,DMS,theta,Expert,10,20,-0.12166764208376699,-0.15425087364507473,-0.27554785108002927,-0.07312047107345768,-0.006101776516274989
control,513,striatum,41,cohort_average,109,DMS,beta,All,109,20,-0.06458854488964169,0.03547278825415091,-0.07638298673475324,0.2834341703578953,-0.0011436849084604473
control,513,striatum,41,cohort_average,109,DMS,beta,First 20,20,20,-0.0615063168111499,-0.16478385478405766,-0.32709634583744074,-0.03711658536765676,-0.011060364950186308
control,513,striatum,41,cohort_average,109,DMS,beta,Trials 4-10,7,20,-0.10936690372565924,-0.030205172673890994,-0.13392552174163894,0.08655765731768945,0.0031902314736805774
control,513,striatum,41,cohort_average,109,DMS,beta,Intermediate,10,20,0.0004010622415443095,-0.22882425249834862,-0.45571270550595433,-0.12563615972996056,-0.004273259776811753
control,513,striatum,41,cohort_average,109,DMS,beta,Expert,10,20,0.002614432973144779,0.181515882175868,0.09620481991078307,0.31995612606960605,-0.007780162953940248
control,513,striatum,41,cohort_average,109,DMS,low_gamma,All,109,20,0.07503699885256637,-0.11686287823578807,-0.19625763854267153,0.053467698528355666,-0.0008315573643757112
control,513,striatum,41,cohort_average,109,DMS,low_gamma,First 20,20,20,-0.06756630093034002,-0.02167318250169748,-0.2408032012209968,0.07763200434609319,-0.006095318670326408
control,513,striatum,41,cohort_average,109,DMS,low_gamma,Trials 4-10,7,20,-0.2275864571210268,0.04954599851487581,-0.12116207950145262,0.24763954141614478,0.008772719206039965
control,513,striatum,41,cohort_average,109,DMS,low_gamma,Intermediate,10,20,-0.003702852234508088,-0.039548236048833674,-0.43561269649737644,0.08181500812414362,-0.0019233076843886935
control,513,striatum,41,cohort_average,109,DMS,low_gamma,Expert,10,20,0.06368280544252942,-0.5347001098325533,-0.8593838675050095,-0.3539159519257435,-0.01065274405798374
control,513,striatum,41,cohort_average,109,DMS,high_gamma,All,109,20,-0.25716244459166315,0.11102913023873681,-0.01919775129950102,0.24440855081379986,0.0009890669402523133
control,513,striatum,41,cohort_average,109,DMS,high_gamma,First 20,20,20,-0.20749922662565606,-0.12916090323682689,-0.3616638273082853,0.025503385403029724,-0.004600583861211595
control,513,striatum,41,cohort_average,109,DMS,high_gamma,Trials 4-10,7,20,0.04676993064645832,0.09360178884198926,-0.017072032458775244,0.2113030234900759,-0.00895269948202022
control,513,striatum,41,cohort_average,109,DMS,high_gamma,Intermediate,10,20,-0.0781989584393355,-0.18210230996121818,-0.4546491770623995,0.03301562466059494,-0.012842542413106279
control,513,striatum,41,cohort_average,109,DMS,high_gamma,Expert,10,20,-0.15462214195525878,0.055374938232957055,-0.03841790980533567,0.21620709932127208,-0.004028323095653726
control,513,striatum,41,cohort_average,109,DMS,total,All,109,20,-0.3389952335796765,0.5965357226572475,0.5414476119889872,0.7022392740468106,0.019133104998817076
control,513,striatum,41,cohort_average,109,DMS,total,First 20,20,20,-0.016919616561576596,0.3412913838131263,0.24637474803077444,0.48470543153412954,0.03764242781805937
control,513,striatum,41,cohort_average,109,DMS,total,Trials 4-10,7,20,-0.13692603790628916,0.026164718552284742,-0.0591018199457012,0.10293793557470071,0.028628570784158813
control,513,striatum,41,cohort_average,109,DMS,total,Intermediate,10,20,0.026990867003563075,0.17488809445776904,-0.11804617841115934,0.31346650779145585,0.0033115131004011183
control,513,striatum,41,cohort_average,109,DMS,total,Expert,10,20,0.052747473413231036,0.05696000945194595,-0.17440474174922682,0.33718924113355875,0.0031147933177841786
control,513,striatum,41,cohort_average,109,DLS,theta,All,109,132,0.04468728246109972,-0.2011981511937694,-0.36641643531504586,-0.037779180733700464,-0.00016297020696353373
control,513,striatum,41,cohort_average,109,DLS,theta,First 20,20,132,-0.007629367007408447,-0.34112336527289844,-0.8286066590383279,-0.1210219638816303,-0.010781578594240657
control,513,striatum,41,cohort_average,109,DLS,theta,Trials 4-10,7,132,-0.12445064896830868,-0.3176422169980751,-0.6377080352085733,0.07980288604429674,-0.02761825201807948
control,513,striatum,41,cohort_average,109,DLS,theta,Intermediate,10,132,0.007354109853635026,0.23224150260326076,0.03529847321164295,0.42725280141452465,-0.006248691374028869
control,513,striatum,41,cohort_average,109,DLS,theta,Expert,10,132,-0.027534651729620115,-0.04384913434148155,-0.22740918970375268,0.13691886064364445,-0.008040992613713986
control,513,striatum,41,cohort_average,109,DLS,beta,All,109,132,-0.20186533402800888,0.0028495981883239455,-0.14248313051230904,0.13022738100353634,-0.0003687958563615554
control,513,striatum,41,cohort_average,109,DLS,beta,First 20,20,132,-0.11292428100933255,0.050264772327847054,-0.1925522920852028,0.25390948690380166,0.0005093124133144283
control,513,striatum,41,cohort_average,109,DLS,beta,Trials 4-10,7,132,0.012075726960523104,0.011853152839631004,-0.19443526465607633,0.1966879678745364,-0.0011315664941441465
control,513,striatum,41,cohort_average,109,DLS,beta,Intermediate,10,132,-0.09598367698225026,-0.09323914327217797,-0.313881608755857,0.12114022743444412,-0.0003398916902217325
control,513,striatum,41,cohort_average,109,DLS,beta,Expert,10,132,-0.14020521690203194,0.04233888342746936,-0.144499221659178,0.17840216939518075,-0.000359391848127279
control,513,striatum,41,cohort_average,109,DLS,low_gamma,All,109,132,-0.05942182704903275,0.10855823574378395,-0.18000906055931887,0.2201885408344909,0.0008932272088225308
control,513,striatum,41,cohort_average,109,DLS,low_gamma,First 20,20,132,-0.043883824941348924,0.0035776834170323756,-0.19348890992829812,0.16038628193170426,-0.0012996880466686362
control,513,striatum,41,cohort_average,109,DLS,low_gamma,Trials 4-10,7,132,-0.01650649503786455,-0.056295129032594746,-0.22601940798923276,0.10619990046395372,-0.002443276786787878
control,513,striatum,41,cohort_average,109,DLS,low_gamma,Intermediate,10,132,-0.04777014309497442,0.05266798983931554,-0.12909538727659498,0.24382365918585874,0.007989155328029636
control,513,striatum,41,cohort_average,109,DLS,low_gamma,Expert,10,132,-0.1472828775181712,0.12695725926766777,-0.06479974940936781,0.2982306624424049,0.0091877422906312
control,513,striatum,41,cohort_average,109,DLS,high_gamma,All,109,132,-0.14905588884137222,0.14130995232380394,-0.030231343495695413,0.2731631903933615,0.0006748656658079784
control,513,striatum,41,cohort_average,109,DLS,high_gamma,First 20,20,132,-0.11553609766992946,0.08431514309504598,-0.13726734220890843,0.2512361797036473,0.0017100903245737755
control,513,striatum,41,cohort_average,109,DLS,high_gamma,Trials 4-10,7,132,-0.010242460581306526,0.041957302965637405,-0.17398975851658421,0.26721246692321676,0.008449652904517773
control,513,striatum,41,cohort_average,109,DLS,high_gamma,Intermediate,10,132,-0.13874818850188558,0.002764200738758656,-0.23401235480488047,0.15073674014046665,-0.0012700291117674891
control,513,striatum,41,cohort_average,109,DLS,high_gamma,Expert,10,132,-0.17668202036544073,0.0008806312287539352,-0.23474888832591434,0.1680102785968496,-0.005347889747322973
control,513,striatum,41,cohort_average,109,DLS,total,All,109,132,-0.1729523334379937,0.22381486273899692,0.05285855556123106,0.4697841235687363,0.0028300425267509975
control,513,striatum,41,cohort_average,109,DLS,total,First 20,20,132,0.008815882716949618,-0.4400701301456752,-0.7536310952603956,0.25896632399993536,-0.0030509305611999236
control,513,striatum,41,cohort_average,109,DLS,total,Trials 4-10,7,132,-0.04093501322399411,0.06161997413148819,-0.12777777856743516,0.24219141328711907,0.014139250745668259
control,513,striatum,41,cohort_average,109,DLS,total,Intermediate,10,132,-0.03024610140437233,0.2436616991667866,0.009411310535126994,0.40945951909280165,0.020969970425535465
control,513,striatum,41,cohort_average,109,DLS,total,Expert,10,132,-0.08602915642606754,0.07526135043886123,-0.08842347667210534,0.24794579801715436,0.005721856576644155
control,513,striatum,41,cohort_average,109,ACC,theta,All,109,62,-0.44421916969250885,0.2509461087277516,0.0097878538671906,0.49878987777755174,0.0036197457562767614
control,513,striatum,41,cohort_average,109,ACC,theta,First 20,20,62,-0.23054143228911828,0.1614229965304979,0.000435219302081805,0.28651082617840073,0.007059810936125421
control,513,striatum,41,cohort_average,109,ACC,theta,Trials 4-10,7,62,-0.39157822386083424,0.15415146911967037,0.012967434457100474,0.23487564346310322,0.0002678449317046102
control,513,striatum,41,cohort_average,109,ACC,theta,Intermediate,10,62,-0.1971159782440963,0.05483278066125498,-0.07769091525049783,0.16039991951540297,0.02456005131824808
control,513,striatum,41,cohort_average,109,ACC,theta,Expert,10,62,-0.1391318627432359,0.23336091067383513,0.058895705764231775,0.3317188796885011,0.01901648250665041
control,513,striatum,41,cohort_average,109,ACC,beta,All,109,62,-0.057244122459493056,0.17533400811018596,0.0772054327189591,0.3090570681692625,0.002835687565252668
control,513,striatum,41,cohort_average,109,ACC,beta,First 20,20,62,-0.07439447225154477,-0.14363005062467274,-0.24051984331863044,-0.012345629129754808,-0.002110412429031046
control,513,striatum,41,cohort_average,109,ACC,beta,Trials 4-10,7,62,-0.10745766824348343,-0.03809225890457486,-0.1756637826587031,0.08979228998477869,-0.009848382816624906
control,513,striatum,41,cohort_average,109,ACC,beta,Intermediate,10,62,-0.053856424940858856,-0.14775524774900056,-0.5901013768508415,0.05261322536426802,-0.013689965690057438
control,513,striatum,41,cohort_average,109,ACC,beta,Expert,10,62,-0.12992622454643676,0.05576875524314228,-0.16261890105876511,0.24265623854019935,0.005293959040564794
control,513,striatum,41,cohort_average,109,ACC,low_gamma,All,109,62,-0.08301542941007584,0.07850584785852942,-0.19115247605280994,0.17795393846719482,0.0008825878527995853
control,513,striatum,41,cohort_average,109,ACC,low_gamma,First 20,20,62,-0.021154651604868242,0.12480271347723457,0.032994245721641544,0.2169468661500249,0.008468033471728708
control,513,striatum,41,cohort_average,109,ACC,low_gamma,Trials 4-10,7,62,-0.2013649635510138,0.26085979045852214,0.20373422861266535,0.3075554370265102,0.013934261673404842
control,513,striatum,41,cohort_average,109,ACC,low_gamma,Intermediate,10,62,-0.08993693221980331,0.32932417271812814,0.25181957920088066,0.4292576328257368,0.017013134210660343
control,513,striatum,41,cohort_average,109,ACC,low_gamma,Expert,10,62,-0.03748823377866814,-0.4425906460166621,-0.7495100329940243,-0.29048039088377253,-0.02408735640746807
control,513,striatum,41,cohort_average,109,ACC,high_gamma,All,109,62,-0.18390629921514562,0.18750856575695407,0.07606916299714096,0.3096435237018641,0.001298596671302657
control,513,striatum,41,cohort_average,109,ACC,high_gamma,First 20,20,62,-0.06681346338352295,-0.1685772177981275,-0.30608540261825934,0.03788637969096445,-0.0005722452912897518
control,513,striatum,41,cohort_average,109,ACC,high_gamma,Trials 4-10,7,62,-0.0169440868622758,-0.10977531350367846,-0.24604138585692692,0.023909273856377502,-0.0015839929140868342
control,513,striatum,41,cohort_average,109,ACC,high_gamma,Intermediate,10,62,-0.2333256344685624,0.1602593797438316,0.022650048370144008,0.2825697931234331,0.012019808577195416
control,513,striatum,41,cohort_average,109,ACC,high_gamma,Expert,10,62,-0.038326708367816625,0.18280855938295124,0.06691288572600688,0.2665185566147762,0.014393827136863276
control,513,striatum,41,cohort_average,109,ACC,total,All,109,62,-0.44789536808676184,0.45921658216871397,0.010090169318179708,0.5839582442419514,0.010228084329438673
control,513,striatum,41,cohort_average,109,ACC,total,First 20,20,62,-0.15042740303222957,0.11241045214824955,-0.17521512470010187,0.3565058252435733,0.008198494846385952
control,513,striatum,41,cohort_average,109,ACC,total,Trials 4-10,7,62,-0.2937691706569294,0.11467001892542206,-0.015253546416430595,0.19293029395201544,0.015329079266382509
control,513,striatum,41,cohort_average,109,ACC,total,Intermediate,10,62,-0.18852678527249117,0.19376430578032533,0.08116219303155714,0.28355145223370415,0.020026307256879712
control,513,striatum,41,cohort_average,109,ACC,total,Expert,10,62,-0.17397741450012602,-0.15103532125908004,-0.29163521473412424,0.02504620748200447,-0.0008233572267922157
control,513,visual,41,cohort_average,109,V1,theta,All,109,122,-0.3294790184838129,0.007029056186518081,-0.046534504426334895,0.3626210019545685,0.004065459239507719
control,513,visual,41,cohort_average,109,V1,theta,First 20,20,122,-0.1855483593337281,-0.1055768401578947,-0.19405979606873133,-0.002660134450650744,0.01035448104288481
control,513,visual,41,cohort_average,109,V1,theta,Trials 4-10,7,122,-0.1793401338568939,0.015625924407395304,-0.09170464107972708,0.10204038796433956,-0.0031729538484417353
control,513,visual,41,cohort_average,109,V1,theta,Intermediate,10,122,0.027264355053391802,0.1791984947560277,0.13225583977892003,0.2462803562998957,0.011708152500374212
control,513,visual,41,cohort_average,109,V1,theta,Expert,10,122,-0.009342152047323485,-0.0384609847093806,-0.13642908595679704,0.025763148883909872,0.008567279387241812
control,513,visual,41,cohort_average,109,V1,beta,All,109,122,-0.2152360753097572,0.12016501481800568,0.012800188028208145,0.17445419213121852,0.0009373884211949956
control,513,visual,41,cohort_average,109,V1,beta,First 20,20,122,-0.014330106666069452,-0.021991902613346017,-0.22008311014850146,0.3649001276248023,0.0021994391960065175
control,513,visual,41,cohort_average,109,V1,beta,Trials 4-10,7,122,-0.13168261095659448,-0.1493115013663378,-0.21967621982447805,-0.09026917391878705,-0.010812196659511069
control,513,visual,41,cohort_average,109,V1,beta,Intermediate,10,122,-0.04359440661261739,0.22585465972641217,-0.02820107605035186,0.32131864812309413,0.019543558110374344
control,513,visual,41,cohort_average,109,V1,beta,Expert,10,122,-0.08616010100249671,-0.6072048045515934,-0.8217161977002072,-0.0661417761491552,-0.008511633166388243
control,513,visual,41,cohort_average,109,V1,low_gamma,All,109,122,-0.3011841978495372,0.16261508646546394,0.08479704847813768,0.1988784085434502,0.007717796928030684
control,513,visual,41,cohort_average,109,V1,low_gamma,First 20,20,122,-0.1650686639639302,-0.11378557597517447,-0.18403942328031792,-0.06402463142237808,-0.005979325964299935
control,513,visual,41,cohort_average,109,V1,low_gamma,Trials 4-10,7,122,-0.02908205714860479,-0.02208288885041964,-0.08081227060345597,0.06884596447706315,-0.041046699675844636
control,513,visual,41,cohort_average,109,V1,low_gamma,Intermediate,10,122,-0.03984486045582315,0.14839035546945264,0.01030391961258842,0.253396611960132,0.027305390676333502
control,513,visual,41,cohort_average,109,V1,low_gamma,Expert,10,122,0.054358004867166784,0.194738338827591,0.1243928842363334,0.28475934486489124,0.016110573203533714
control,513,visual,41,cohort_average,109,V1,high_gamma,All,109,122,-0.25800448818504207,0.29624125344842345,0.2087111645370882,0.3586998798696673,0.008425831831429764
control,513,visual,41,cohort_average,109,V1,high_gamma,First 20,20,122,-0.27734803027216737,-0.012168826243530412,-0.15092168343059176,0.18037098681848107,0.001966174769836769
control,513,visual,41,cohort_average,109,V1,high_gamma,Trials 4-10,7,122,0.017217264100647826,0.3186912727214807,0.2486239405060166,0.3731318131795171,0.02919777592469896
control,513,visual,41,cohort_average,109,V1,high_gamma,Intermediate,10,122,-0.05504969399173154,0.1849383488497399,0.11898798016407093,0.22395785373656288,0.025025325791128254
control,513,visual,41,cohort_average,109,V1,high_gamma,Expert,10,122,-0.07117549023795282,0.30153932657718474,0.2229427052642718,0.4250787662084908,0.04501922381546315
control,513,visual,41,cohort_average,109,V1,total,All,109,122,-0.2942959200816936,0.1401359712946773,0.0964808013935713,0.28081118499474755,0.00952324277162098
control,513,visual,41,cohort_average,109,V1,total,First 20,20,122,-0.15297456222187536,-0.006738838323023004,-0.06624940242497485,0.07361452630527202,0.009127433307902461
control,513,visual,41,cohort_average,109,V1,total,Trials 4-10,7,122,-0.04519354790600104,-0.24009184437323655,-0.38360887717504744,0.0856954052576785,-0.03952547264785429
control,513,visual,41,cohort_average,109,V1,total,Intermediate,10,122,0.07742217661621777,-0.03358875481503694,-0.10783338459870503,0.01789279620470049,0.010482317739933402
control,513,visual,41,cohort_average,109,V1,total,Expert,10,122,-0.05972727671615166,-0.19161131150152266,-0.2753456884797359,-0.02181678041217896,-0.005938499750674843
control,513,visual,41,cohort_average,109,CA1,theta,All,109,80,-0.23675464249454078,0.10826068952749368,-0.001831617115511806,0.2088403286598783,0.0010123011733941094
control,513,visual,41,cohort_average,109,CA1,theta,First 20,20,80,-0.04234359815892224,-0.3112880694729481,-0.35457461742623253,-0.10784680463190038,-0.0011069355005680556
control,513,visual,41,cohort_average,109,CA1,theta,Trials 4-10,7,80,-0.09118511540998875,-0.34672739699122146,-0.41392887604028517,-0.20991960388501002,-0.007675483922718787
control,513,visual,41,cohort_average,109,CA1,theta,Intermediate,10,80,0.054297838851684745,0.07019017180997326,0.012660227562800257,0.11598767788246885,0.0057067585926514255
control,513,visual,41,cohort_average,109,CA1,theta,Expert,10,80,-0.16602810278454355,0.30344785855797385,0.18295179170439604,0.3428419082277297,0.04919109623602954
control,513,visual,41,cohort_average,109,CA1,beta,All,109,80,-0.1331775668978346,-0.02951894805645329,-0.07737596953551776,0.10709799860621447,-0.00019547576053288983
control,513,visual,41,cohort_average,109,CA1,beta,First 20,20,80,-0.1575391306872425,-0.763651362161901,-0.9812033968428715,-0.6018274277088124,0.0004579987956109514
control,513,visual,41,cohort_average,109,CA1,beta,Trials 4-10,7,80,0.11398896440696892,-0.12985308617732122,-0.19144436200483955,-0.08612897149992305,0.00039452915239832043
control,513,visual,41,cohort_average,109,CA1,beta,Intermediate,10,80,-0.05464558349232382,0.30808553662986815,-0.027665833972185458,0.481899027124075,0.011397928994739653
control,513,visual,41,cohort_average,109,CA1,beta,Expert,10,80,0.023894903606843064,-0.3715168419532492,-0.639839123153959,-0.2577696960736447,-0.026468420957074273
control,513,visual,41,cohort_average,109,CA1,low_gamma,All,109,80,-0.17534709768080403,0.030929756527299748,-0.002615592374505102,0.05379121692403541,-0.002551236724733668
control,513,visual,41,cohort_average,109,CA1,low_gamma,First 20,20,80,0.08099847961333223,0.06253577543602723,-0.0017573787504714252,0.10740030310340276,-0.009309790958531246
control,513,visual,41,cohort_average,109,CA1,low_gamma,Trials 4-10,7,80,0.28640315285887247,-0.04666618434879534,-0.09363812531692535,0.043390505211699085,-0.02703056735498304
control,513,visual,41,cohort_average,109,CA1,low_gamma,Intermediate,10,80,0.01038096652021786,-0.04509955643927761,-0.15767149903972502,0.021595425201324354,0.006550709945815351
control,513,visual,41,cohort_average,109,CA1,low_gamma,Expert,10,80,0.23910098793464357,0.009432059834699755,-0.07953674679476917,0.09285300734182514,-0.027988310426476627
control,513,visual,41,cohort_average,109,CA1,high_gamma,All,109,80,-0.08128354878807068,0.2752637539156688,0.2449028595821343,0.3278367557284424,0.0007267567435874291
control,513,visual,41,cohort_average,109,CA1,high_gamma,First 20,20,80,-0.104821340922992,0.21839464787003837,0.19601607654649889,0.2377621114793022,0.016941233368515714
control,513,visual,41,cohort_average,109,CA1,high_gamma,Trials 4-10,7,80,0.14762574693758823,0.0855869818583637,0.03354445312162339,0.23463610249259514,0.004578348727110474
control,513,visual,41,cohort_average,109,CA1,high_gamma,Intermediate,10,80,0.06717092947584194,-0.3138485031287329,-0.36439334600730233,-0.28368761455434616,-0.02608359133897855
control,513,visual,41,cohort_average,109,CA1,high_gamma,Expert,10,80,0.10101105234062822,0.4913273761545749,0.3782692334651381,0.5313277322796974,0.038742793815141265
control,513,visual,41,cohort_average,109,CA1,total,All,109,80,-0.18379379330986984,0.2161820524508251,0.14464373933633146,0.2581731132378874,-2.425388544404696e-05
control,513,visual,41,cohort_average,109,CA1,total,First 20,20,80,-0.02125200076400443,-0.19707221402303454,-0.23333427912391447,-0.16582356775558238,-0.001446408386855235
control,513,visual,41,cohort_average,109,CA1,total,Trials 4-10,7,80,0.17442745778440644,0.08727573373738307,0.0700993415823792,0.10960384355368791,-0.017046654475059337
control,513,visual,41,cohort_average,109,CA1,total,Intermediate,10,80,0.11278518278610664,-0.20462727614055687,-0.5214384253462347,-0.04800210716870279,-0.014930176417737116
control,513,visual,41,cohort_average,109,CA1,total,Expert,10,80,-0.06424258047791317,0.19173241070744879,0.10959351291415462,0.2139706405651771,0.01849199186091731
control,513,visual,41,cohort_average,109,DG,theta,All,109,52,-0.11015422268199922,0.14556186760155482,0.029776986379545723,0.2242819983961554,8.779636738899497e-05
control,513,visual,41,cohort_average,109,DG,theta,First 20,20,52,0.022924231942834807,-0.11241703995937191,-0.24510738687787936,0.07761528979317314,0.005227951206894458
control,513,visual,41,cohort_average,109,DG,theta,Trials 4-10,7,52,-0.0716854915384631,-0.026626371318432592,-0.1759474056019375,0.15477715227015415,0.013773474938360019
control,513,visual,41,cohort_average,109,DG,theta,Intermediate,10,52,0.07617641213369475,0.22205114011320934,0.11167700876106046,0.41913317036927233,0.022874739018836417
control,513,visual,41,cohort_average,109,DG,theta,Expert,10,52,-0.25177401588664594,0.037312589259058726,0.005251559849864903,0.07344103103663334,0.029900510507899897
control,513,visual,41,cohort_average,109,DG,beta,All,109,52,-0.00029560820334526906,-0.05202556135467463,-0.09325281928758675,0.06906343089939454,0.0012800549593509772
control,513,visual,41,cohort_average,109,DG,beta,First 20,20,52,-0.27474986588820216,-0.4229295671529568,-1.0299452037151895,-0.09126511765504969,-0.005224232840555593
control,513,visual,41,cohort_average,109,DG,beta,Trials 4-10,7,52,0.04690816434196057,-0.20177541645626215,-0.3850923579548769,0.16048213914366788,-0.015077138368243665
control,513,visual,41,cohort_average,109,DG,beta,Intermediate,10,52,0.021636782593531446,-0.32131235221585663,-0.3609969593800495,-0.19153355965391278,-0.016120591207695267
control,513,visual,41,cohort_average,109,DG,beta,Expert,10,52,-0.08717949565115414,-0.04215715593763594,-0.21989574274061985,0.03418713348766822,-0.0004919923502546535
control,513,visual,41,cohort_average,109,DG,low_gamma,All,109,52,-0.08989626891200211,-0.20041865426542818,-0.24066313411998674,-0.14538198076002457,-0.0003265048651769352
control,513,visual,41,cohort_average,109,DG,low_gamma,First 20,20,52,0.027869617999387655,0.0828474145727,-0.027538152057583483,0.2929633870041173,-0.000931581763015762
control,513,visual,41,cohort_average,109,DG,low_gamma,Trials 4-10,7,52,0.3947682903079394,-0.08146330115875522,-0.1564390388458333,-0.022465226363235554,-0.03303457752411934
control,513,visual,41,cohort_average,109,DG,low_gamma,Intermediate,10,52,0.11039204925707186,0.1109581829652388,0.06634783185300952,0.19233083196216091,0.0007610833535623693
control,513,visual,41,cohort_average,109,DG,low_gamma,Expert,10,52,0.1709045863153589,0.26941380705005424,0.1326690284251485,0.3708494520583606,-0.018313129673510724
control,513,visual,41,cohort_average,109,DG,high_gamma,All,109,52,-0.08921456698231782,0.23936981369256405,0.2156026299086879,0.28289401532910163,-0.001854646388810746
control,513,visual,41,cohort_average,109,DG,high_gamma,First 20,20,52,-0.11958558855057622,-0.08532379559406414,-0.21620661008337203,0.08323687032115609,-0.0026656560767872916
control,513,visual,41,cohort_average,109,DG,high_gamma,Trials 4-10,7,52,0.08077137021502812,0.02872818381751354,-0.10768058116006451,0.2308984138947558,-0.015841363394568424
control,513,visual,41,cohort_average,109,DG,high_gamma,Intermediate,10,52,-0.047303412652424534,-0.31453529596760443,-0.4026798635188215,-0.26892953799599234,-0.013161067782810034
control,513,visual,41,cohort_average,109,DG,high_gamma,Expert,10,52,0.1296137236239845,0.22557458205890746,0.15049178274206168,0.3134125042928841,0.000762865789195607
control,513,visual,41,cohort_average,109,DG,total,All,109,52,-0.15740202540798337,0.019210193861671224,-0.3276371149824822,0.057973356720854144,-0.0007523538995114301
control,513,visual,41,cohort_average,109,DG,total,First 20,20,52,-0.03334431779383773,0.05982961550841898,-0.05899385657981124,0.19332907634858576,0.00727392205367181
control,513,visual,41,cohort_average,109,DG,total,Trials 4-10,7,52,0.13154701901814803,0.19991105075494836,0.16273811029363652,0.25383466090045625,-0.013764849007176411
control,513,visual,41,cohort_average,109,DG,total,Intermediate,10,52,0.033606991699457064,-0.137601022049466,-0.4368934314871876,-0.01741974713634129,-0.020711342759935494
control,513,visual,41,cohort_average,109,DG,total,Expert,10,52,-0.19524314279460314,-0.10411418195217757,-0.18345257786487262,-0.04747752339194802,-0.004816924957383276
control,515,striatum,41,cohort_average,132,DMS,theta,All,132,52,-0.7038233382304797,0.7614527202063655,0.7221121432852714,0.811192440698019,0.025922927018634884
control,515,striatum,41,cohort_average,132,DMS,theta,First 20,20,52,-0.3941599213135073,0.3022010277676893,0.17149026077368243,0.3690479174450072,0.02538997791892237
control,515,striatum,41,cohort_average,132,DMS,theta,Trials 4-10,7,52,-0.36006494726054405,0.1561688133030537,0.07251778275378892,0.27208962444998874,0.031397872647128074
control,515,striatum,41,cohort_average,132,DMS,theta,Intermediate,10,52,-0.33574118088698923,0.2898218609515939,0.23876194624211686,0.3568738818794004,0.05494976202456252
control,515,striatum,41,cohort_average,132,DMS,theta,Expert,10,52,-0.1388017523737941,0.46691888349134536,0.28483632286577654,0.5668705864778919,0.0825691948253926
control,515,striatum,41,cohort_average,132,DMS,beta,All,132,52,-0.09157082680658443,-0.03426755323315595,-0.3792999104197071,0.11652677622510837,5.731756046528522e-05
control,515,striatum,41,cohort_average,132,DMS,beta,First 20,20,52,0.06074595688070829,-0.1307849069522446,-0.3417028068246968,-0.0030608696779727378,-0.005113296269732443
control,515,striatum,41,cohort_average,132,DMS,beta,Trials 4-10,7,52,-0.06074854903037859,0.106954774467886,-0.10305199398850254,0.23347169775729004,0.009585101216285733
control,515,striatum,41,cohort_average,132,DMS,beta,Intermediate,10,52,-0.028604399594535167,0.10736986612941958,-0.10304364141576645,0.27252963165675304,0.00879680777223293
control,515,striatum,41,cohort_average,132,DMS,beta,Expert,10,52,0.04385561314141055,-0.21089451519924757,-0.503967094006339,0.017788705032143196,-0.01568135043059467
control,515,striatum,41,cohort_average,132,DMS,low_gamma,All,132,52,-0.06829901956287858,0.09104107222491364,-0.08376928286040025,0.2675652320644302,0.000917835377690494
control,515,striatum,41,cohort_average,132,DMS,low_gamma,First 20,20,52,-0.10748556350530661,0.19838416020337846,0.013854918444235444,0.28624149900489015,0.007464890490520683
control,515,striatum,41,cohort_average,132,DMS,low_gamma,Trials 4-10,7,52,-0.19713432312011492,0.18451717228119086,0.019556314206961155,0.27382282998226304,0.01389996617898016
control,515,striatum,41,cohort_average,132,DMS,low_gamma,Intermediate,10,52,-0.06997788753063021,-0.0727124785927713,-0.5547864572772285,0.19815097185231842,-0.004501889355706599
control,515,striatum,41,cohort_average,132,DMS,low_gamma,Expert,10,52,-0.1387995536525511,0.15530864136755745,0.042900340976708896,0.33920039724183226,0.003059654207871947
control,515,striatum,41,cohort_average,132,DMS,high_gamma,All,132,52,-0.21076457425351292,0.0857251067105052,-0.10232829692110122,0.25621519147692423,0.0010199845004364404
control,515,striatum,41,cohort_average,132,DMS,high_gamma,First 20,20,52,-0.17473555477590058,0.10514722566046286,-0.08435030398898626,0.2693672784652891,0.0038410191605005323
control,515,striatum,41,cohort_average,132,DMS,high_gamma,Trials 4-10,7,52,-0.07689864925315038,0.07427198122138301,-0.06386863187644218,0.2412471790334084,0.0013952882739012183
control,515,striatum,41,cohort_average,132,DMS,high_gamma,Intermediate,10,52,-0.024795899783906016,0.0359989370302571,-0.11998066281917452,0.24814337285236357,0.001320028055177282
control,515,striatum,41,cohort_average,132,DMS,high_gamma,Expert,10,52,-0.0499971823946765,0.0037427660020898485,-0.1925673997223682,0.21393691571190493,0.0011634127946111442
control,515,striatum,41,cohort_average,132,DMS,total,All,132,52,-0.46800181734114843,0.9033920133565507,0.8787425921699401,0.9192145544582622,0.05602385132200798
control,515,striatum,41,cohort_average,132,DMS,total,First 20,20,52,-0.29125331143509986,0.4620720583662894,0.33713185922746564,0.5320906265516356,0.04966240161697605
control,515,striatum,41,cohort_average,132,DMS,total,Trials 4-10,7,52,-0.2082621766075109,0.23838317722333285,0.13274588367203036,0.3685949690267616,0.07561461158444822
control,515,striatum,41,cohort_average,132,DMS,total,Intermediate,10,52,-0.10617882220703354,0.5253702178601163,0.4317623193661164,0.5746841424468621,0.1088094012425024
control,515,striatum,41,cohort_average,132,DMS,total,Expert,10,52,-0.17538739103384549,0.5920481277616889,0.4147650382450221,0.658789797939436,0.15678843898872596
control,515,striatum,41,cohort_average,132,DLS,theta,All,132,42,-0.5163992961992401,0.4426914476802808,0.3589939605929468,0.48815583905527365,0.005333406347110517
control,515,striatum,41,cohort_average,132,DLS,theta,First 20,20,42,-0.3303844001189327,0.005541879462352236,-0.0733735855906757,0.07921695642391054,0.01394702799498316
control,515,striatum,41,cohort_average,132,DLS,theta,Trials 4-10,7,42,-0.37474514782726775,-0.02349761877654593,-0.1276489934448948,0.15770234611711667,0.00016952006046237777
control,515,striatum,41,cohort_average,132,DLS,theta,Intermediate,10,42,-0.5690041214701438,0.5533408932539241,0.525838991072126,0.5737657505027588,0.08150176429696449
control,515,striatum,41,cohort_average,132,DLS,theta,Expert,10,42,-0.16074128282379452,0.08456315662411425,-0.03281494546929659,0.16277742072051168,0.01887484079428289
control,515,striatum,41,cohort_average,132,DLS,beta,All,132,42,-0.10412196801060378,-0.11332875472414834,-0.25275195547181645,0.0417825368985882,-0.00034111544855201694
control,515,striatum,41,cohort_average,132,DLS,beta,First 20,20,42,0.09797441645814578,-0.12470664941378305,-0.38475898459081886,-0.017807883101073153,-0.011411394506568803
control,515,striatum,41,cohort_average,132,DLS,beta,Trials 4-10,7,42,0.10950749702971904,-0.12093043460179811,-0.2635689719810569,0.10439226713738242,-0.015799284915252745
control,515,striatum,41,cohort_average,132,DLS,beta,Intermediate,10,42,-0.00669476424593987,0.03473907622087619,-0.11013077931256189,0.19691401724198843,0.023658199719046095
control,515,striatum,41,cohort_average,132,DLS,beta,Expert,10,42,-0.06071091278186039,-0.013230966764920563,-0.09778818593088072,0.11757366381812724,0.008198386633721771
control,515,striatum,41,cohort_average,132,DLS,low_gamma,All,132,42,0.011165008660136814,0.19777703318999096,0.05122358307698223,0.30941411001905067,0.0005571181220491516
control,515,striatum,41,cohort_average,132,DLS,low_gamma,First 20,20,42,-0.22180918355478213,0.025054957423689676,-0.0686433658827968,0.13282251860002647,0.011167803429439304
control,515,striatum,41,cohort_average,132,DLS,low_gamma,Trials 4-10,7,42,-0.04126867601747129,0.00877273325365481,-0.1828696227447062,0.15134235286738762,0.018194764577749774
control,515,striatum,41,cohort_average,132,DLS,low_gamma,Intermediate,10,42,0.1185645986254795,0.2688748924063321,0.1925684374739126,0.3325515748727667,0.03607236049171687
control,515,striatum,41,cohort_average,132,DLS,low_gamma,Expert,10,42,-0.06963709044704953,-0.020528528106941755,-0.2733845223040171,0.1552353977233384,-0.00516540048554775
control,515,striatum,41,cohort_average,132,DLS,high_gamma,All,132,42,-0.10824794265765397,-0.00722653310393913,-0.15914395327031022,0.11933339661529879,-0.0007722113162719216
control,515,striatum,41,cohort_average,132,DLS,high_gamma,First 20,20,42,-0.163872658753498,0.01831782849009997,-0.16737662710510431,0.12935773525274696,-0.0026327603973967184
control,515,striatum,41,cohort_average,132,DLS,high_gamma,Trials 4-10,7,42,-0.05289014530805801,-0.08920107940052337,-0.3066734844816619,0.10355108874645369,-0.027073985628694813
control,515,striatum,41,cohort_average,132,DLS,high_gamma,Intermediate,10,42,0.05493967250503581,0.13156584086561346,-0.024276952117254676,0.2505301750455213,0.016103469287483334
control,515,striatum,41,cohort_average,132,DLS,high_gamma,Expert,10,42,-0.17758350173100138,0.004938532103720696,-0.13831764719128214,0.17774525839066715,-0.003863501331372059
control,515,striatum,41,cohort_average,132,DLS,total,All,132,42,-0.19150296810934003,0.030775906682318232,-0.14764390943676237,0.2661922203956546,0.0003498449269159837
control,515,striatum,41,cohort_average,132,DLS,total,First 20,20,42,-0.022893070540729546,0.42063951027254953,0.3450292393431507,0.481345036791489,0.013175399762523476
control,515,striatum,41,cohort_average,132,DLS,total,Trials 4-10,7,42,0.03843525393416424,0.1381118090610506,0.03196576421366691,0.20154258723268512,0.014434494323857525
control,515,striatum,41,cohort_average,132,DLS,total,Intermediate,10,42,-0.09050423776724828,0.42803402296171056,0.34718956955907426,0.47850388853221215,0.037174365804166914
control,515,striatum,41,cohort_average,132,DLS,total,Expert,10,42,-0.21652746750710927,0.11501842844227209,-0.09691957044147237,0.1792483841768928,0.011237012760768352
control,515,striatum,41,cohort_average,132,ACC,theta,All,132,82,-0.5930317842010433,0.7349756198818569,0.6340717925707309,0.8419751730664575,0.021248170513397877
control,515,striatum,41,cohort_average,132,ACC,theta,First 20,20,82,-0.3419446472096137,0.19948002222673558,0.0791002358086659,0.28181050249450845,0.02642447267123083
control,515,striatum,41,cohort_average,132,ACC,theta,Trials 4-10,7,82,-0.15222146697306627,0.08838440064087967,-0.07014481043484416,0.33995622164583394,0.031094011933251828
control,515,striatum,41,cohort_average,132,ACC,theta,Intermediate,10,82,-0.1024065757581577,0.4248573518766603,0.32007708611061386,0.5974290521144556,0.05248010889168462
control,515,striatum,41,cohort_average,132,ACC,theta,Expert,10,82,-0.1429909871546442,0.3038857510708016,-0.04771768095911247,0.5374327084871877,0.04656051510707502
control,515,striatum,41,cohort_average,132,ACC,beta,All,132,82,-0.322955013690465,0.2570228441611804,-0.11583763176607303,0.48982861430361657,0.0028039945575834752
control,515,striatum,41,cohort_average,132,ACC,beta,First 20,20,82,-0.045459173955569185,0.26436424243338164,0.04407974959310684,0.39713060232830466,0.01635344911896785
control,515,striatum,41,cohort_average,132,ACC,beta,Trials 4-10,7,82,0.04241823745305943,0.22680597211458048,-0.09852594031724528,0.352614365363517,0.018321929290032145
control,515,striatum,41,cohort_average,132,ACC,beta,Intermediate,10,82,-0.03748873026118046,0.13461794776751035,-0.02866283561659748,0.23894251012367074,0.009467229769150397
control,515,striatum,41,cohort_average,132,ACC,beta,Expert,10,82,-0.070491423455191,0.3444089195014792,0.16779425916873186,0.5714798762226969,0.00802032582291629
control,515,striatum,41,cohort_average,132,ACC,low_gamma,All,132,82,0.12344251116128772,0.1276976886865021,0.04908889998083572,0.21491008983422036,0.001251705605857775
control,515,striatum,41,cohort_average,132,ACC,low_gamma,First 20,20,82,0.0042108445738480976,0.2063134801126549,0.1095026286911185,0.35711124626664675,0.005334626353387441
control,515,striatum,41,cohort_average,132,ACC,low_gamma,Trials 4-10,7,82,-0.042713891669879246,0.17308626037684688,0.0841256633942469,0.29720395629503227,0.03822562697551235
control,515,striatum,41,cohort_average,132,ACC,low_gamma,Intermediate,10,82,0.09451494054253773,-0.16368160765020368,-0.428960911653721,0.032221222027683,0.008147496030368677
control,515,striatum,41,cohort_average,132,ACC,low_gamma,Expert,10,82,-0.007336410126041953,0.00515488274997845,-0.2161140140216255,0.20676170678251055,-0.0030122643274686136
control,515,striatum,41,cohort_average,132,ACC,high_gamma,All,132,82,-0.1472232367812525,0.17589421551468265,-0.057630818360925075,0.44532317783829467,0.0014755995804149767
control,515,striatum,41,cohort_average,132,ACC,high_gamma,First 20,20,82,0.024354507238189257,-0.06698685692544926,-0.16134288174770084,0.10276208673554571,0.005209678485319879
control,515,striatum,41,cohort_average,132,ACC,high_gamma,Trials 4-10,7,82,0.015232283488655143,0.04803149362653884,-0.08945079764746085,0.13636789130442267,0.0061738077827525216
control,515,striatum,41,cohort_average,132,ACC,high_gamma,Intermediate,10,82,-0.06782921539470371,0.07104077498499575,-0.048250162810160285,0.18445958009007632,0.0022492210225460423
control,515,striatum,41,cohort_average,132,ACC,high_gamma,Expert,10,82,-0.013045396455573668,-4.040834559265098e-05,-0.16334649008700036,0.09459355328391136,0.002846110968626619
control,515,striatum,41,cohort_average,132,ACC,total,All,132,82,-0.4841243585330608,0.9110454710359541,0.7165343012688573,0.9388910469051124,0.06972268221599884
control,515,striatum,41,cohort_average,132,ACC,total,First 20,20,82,-0.21156881222117513,0.5048518469728859,0.2972507950228681,0.6547356718620599,0.04290455692167348
control,515,striatum,41,cohort_average,132,ACC,total,Trials 4-10,7,82,-0.09823251742422623,0.33644533446160674,0.23192434566786368,0.41946705398541656,0.06363368017298779
control,515,striatum,41,cohort_average,132,ACC,total,Intermediate,10,82,-0.12161074685836258,0.6375688079646737,0.10433121397710912,0.6843977172783762,0.09013941334296208
control,515,striatum,41,cohort_average,132,ACC,total,Expert,10,82,-0.14686634793619668,0.5161363726856367,0.296492318395111,0.7723389178085894,0.11233769852861218
control,515,visual,41,cohort_average,132,V1,theta,All,132,80,-0.6438823387107906,0.9307740096081027,0.8852658273532421,0.9479510463973875,0.11837380654558613
control,515,visual,41,cohort_average,132,V1,theta,First 20,20,80,-0.25342906535549553,0.7512516797657871,0.3765355880071035,0.8142137075221958,0.11665198472735985
control,515,visual,41,cohort_average,132,V1,theta,Trials 4-10,7,80,-0.25599138935985877,0.3571371448544644,-0.10359990315025142,0.5203760617115527,0.06969673681552661
control,515,visual,41,cohort_average,132,V1,theta,Intermediate,10,80,-0.18478751821824663,0.6727631878959515,0.6017794646409917,0.6860532658772052,0.1492909265551959
control,515,visual,41,cohort_average,132,V1,theta,Expert,10,80,-0.19399467274506535,0.6270977429705642,0.5139971431806201,0.6458536102206082,0.1527591718370291
control,515,visual,41,cohort_average,132,V1,beta,All,132,80,-0.4917816691171601,0.9509232244083001,0.8724224043949881,0.9551647574798643,0.1229711712120867
control,515,visual,41,cohort_average,132,V1,beta,First 20,20,80,-0.30976226809297036,0.6489642810367453,0.3406731872441602,0.7134919170190508,0.07215834489799533
control,515,visual,41,cohort_average,132,V1,beta,Trials 4-10,7,80,-0.17892562809002444,0.36735515050668066,-0.022505194107561202,0.41882783645271826,0.06349838382055945
control,515,visual,41,cohort_average,132,V1,beta,Intermediate,10,80,-0.03798896170574669,0.6126629412289706,0.444165422863361,0.6505207888031878,0.11749079044324878
control,515,visual,41,cohort_average,132,V1,beta,Expert,10,80,-0.30634353619924193,0.680067905447708,0.47005289280640766,0.695287084424657,0.14561154909649882
control,515,visual,41,cohort_average,132,V1,low_gamma,All,132,80,-0.6329931129459387,0.7854826494214351,0.7583427455488672,0.8003015008595247,0.025948474055631617
control,515,visual,41,cohort_average,132,V1,low_gamma,First 20,20,80,-0.2485421951782777,0.1559610938084351,0.13158872445961686,0.1951849868362846,0.00966078452214783
control,515,visual,41,cohort_average,132,V1,low_gamma,Trials 4-10,7,80,-0.01849722244526726,-0.39573609096137685,-0.5880898580141274,-0.2696323690196397,-0.045781162615804866
control,515,visual,41,cohort_average,132,V1,low_gamma,Intermediate,10,80,-0.2545493637774021,0.18434118950695633,0.09683623838391898,0.23478574894161094,0.034388463555260235
control,515,visual,41,cohort_average,132,V1,low_gamma,Expert,10,80,-0.23932327435849887,0.3166605829832588,0.2787214068836281,0.351135913653145,0.014105432658535765
control,515,visual,41,cohort_average,132,V1,high_gamma,All,132,80,-0.5879219039895597,0.6020368254396711,0.5868370455819336,0.6193156526050083,0.016187952692867567
control,515,visual,41,cohort_average,132,V1,high_gamma,First 20,20,80,-0.3516009666777594,0.5187428748553292,0.4939079166660136,0.5401045484309805,0.033709489516246784
control,515,visual,41,cohort_average,132,V1,high_gamma,Trials 4-10,7,80,0.045370234887207664,0.20231189107732317,0.18453223830586843,0.22880240874732433,0.0031347994297102515
control,515,visual,41,cohort_average,132,V1,high_gamma,Intermediate,10,80,0.0061840632899594055,0.21593599609510575,0.1860738887435261,0.24944456006174145,0.016694206702962393
control,515,visual,41,cohort_average,132,V1,high_gamma,Expert,10,80,-0.06595635913948183,0.3667800226498156,0.3249811394412358,0.49074461478877984,0.01663872251504228
control,515,visual,41,cohort_average,132,V1,total,All,132,80,-0.608781796593727,0.9643370912252491,0.9391548396855924,0.9771474226720012,0.17828946866747206
control,515,visual,41,cohort_average,132,V1,total,First 20,20,80,-0.225635617924263,0.8080154921241306,0.5792707941164902,0.8437461634598413,0.16184222890720285
control,515,visual,41,cohort_average,132,V1,total,Trials 4-10,7,80,-0.1825739293705841,0.5490282667597212,0.35271122083869766,0.6725173362053558,0.12885397847984248
control,515,visual,41,cohort_average,132,V1,total,Intermediate,10,80,-0.22944243129663927,0.6078103848581293,0.49825864495379446,0.6972225157782398,0.13538644960389837
control,515,visual,41,cohort_average,132,V1,total,Expert,10,80,-0.26346552199310724,0.7590625034703089,0.6960586172262573,0.7672178461340641,0.20387889503550605
control,515,visual,41,cohort_average,132,CA1,theta,All,132,56,-0.5313608219527993,0.5372889685558011,0.3820184529680942,0.6605420406399976,0.007533100708263893
control,515,visual,41,cohort_average,132,CA1,theta,First 20,20,56,-0.30062332558533583,0.204099619152778,0.12691299481361512,0.47490088362151406,0.019218939069196805
control,515,visual,41,cohort_average,132,CA1,theta,Trials 4-10,7,56,-0.22391339328555748,0.4402618069403924,0.028973828443576218,0.5279167616468559,0.03945181754648372
control,515,visual,41,cohort_average,132,CA1,theta,Intermediate,10,56,-0.3406343719603261,0.3455025526460008,0.01653728397356276,0.52386154415419,0.01782994409300547
control,515,visual,41,cohort_average,132,CA1,theta,Expert,10,56,-0.11859498978995908,0.06169145748584004,0.016230634488843907,0.18485072750527617,0.014371221608138206
control,515,visual,41,cohort_average,132,CA1,beta,All,132,56,-0.3930569872948497,0.3746736426723569,0.12124166435401615,0.42266001398125597,0.006286996702250134
control,515,visual,41,cohort_average,132,CA1,beta,First 20,20,56,-0.1212152763240496,-0.33417604682564495,-0.5249407942388515,-0.19145052440350396,-0.008502160660100629
control,515,visual,41,cohort_average,132,CA1,beta,Trials 4-10,7,56,-0.0838845630584605,-0.0444967774970912,-0.16479108884772892,0.07245431458829847,-0.009310190728664826
control,515,visual,41,cohort_average,132,CA1,beta,Intermediate,10,56,0.1210049158866468,0.15734617284884866,-0.07638333758821349,0.23521605072300192,0.0005747803903701765
control,515,visual,41,cohort_average,132,CA1,beta,Expert,10,56,-0.2988293214491763,-0.1232756685033064,-0.17960073538726218,0.005030475595076014,-0.013214361853266174
control,515,visual,41,cohort_average,132,CA1,low_gamma,All,132,56,-0.6057297852086367,0.7178137261805702,0.7039309355474781,0.7264405379805369,0.018106646925547525
control,515,visual,41,cohort_average,132,CA1,low_gamma,First 20,20,56,-0.171359222763161,0.0737555968696956,0.0235809346647802,0.15680236005622922,0.005881243472421643
control,515,visual,41,cohort_average,132,CA1,low_gamma,Trials 4-10,7,56,-0.002874097622717211,-0.2030048147809791,-0.3243038904352122,-0.07432578520583373,-0.03206966779509711
control,515,visual,41,cohort_average,132,CA1,low_gamma,Intermediate,10,56,-0.23615250700877652,0.1407564978246452,-0.01831463188402534,0.30215275947410475,0.019005846842814405
control,515,visual,41,cohort_average,132,CA1,low_gamma,Expert,10,56,-0.3037484504941851,0.2570047034559094,0.213280474189602,0.31831136989708964,0.003445283209226679
control,515,visual,41,cohort_average,132,CA1,high_gamma,All,132,56,-0.4834972228076164,0.5217491141465661,0.4751364555716844,0.5576276936753151,0.009203669673859992
control,515,visual,41,cohort_average,132,CA1,high_gamma,First 20,20,56,-0.22430084669545156,0.31768191226564335,0.2672694343970672,0.38508100673604295,0.021980195100703877
control,515,visual,41,cohort_average,132,CA1,high_gamma,Trials 4-10,7,56,0.0999219788323231,0.014115512489639388,-0.0243991045941543,0.0992540419215341,0.00223977719035686
control,515,visual,41,cohort_average,132,CA1,high_gamma,Intermediate,10,56,0.14400707694365927,0.08980347518387273,-0.030665693543613273,0.3112865230963611,0.014440249979552677
control,515,visual,41,cohort_average,132,CA1,high_gamma,Expert,10,56,0.047773761144095706,0.3547273394014806,0.27751109182091477,0.5086589959892804,0.027626530813495823
control,515,visual,41,cohort_average,132,CA1,total,All,132,56,-0.5285876888781323,0.7518213245129177,0.6131196659936172,0.7855573605364342,0.027180460856275852
control,515,visual,41,cohort_average,132,CA1,total,First 20,20,56,-0.1403405463205758,0.3560800505461997,0.32253428328038125,0.3949190861009276,0.0237785322169815
control,515,visual,41,cohort_average,132,CA1,total,Trials 4-10,7,56,-0.10214060290213259,0.3568758647835787,-0.30511921651901464,0.44232384527140567,0.030950640532195234
control,515,visual,41,cohort_average,132,CA1,total,Intermediate,10,56,-0.14234682545313992,-0.17134686650670528,-0.37105682056992273,-0.06705140516117833,-0.007902083420174184
control,515,visual,41,cohort_average,132,CA1,total,Expert,10,56,-0.26410511036318784,0.2943204517912434,0.061565876366400055,0.44893135006687396,0.009864627930306333
control,515,visual,41,cohort_average,132,DG,theta,All,132,26,-0.1430843900374604,0.10789404196798198,0.03386798247796318,0.46498744746404863,0.0018336415555169228
control,515,visual,41,cohort_average,132,DG,theta,First 20,20,26,-0.0693513745661315,0.26708519882295156,0.13701653855488255,0.35821161984934485,0.025754214630957478
control,515,visual,41,cohort_average,132,DG,theta,Trials 4-10,7,26,-0.03431848803761294,0.056533816938076104,0.014109834985657231,0.17043818169627073,0.025379249382164237
control,515,visual,41,cohort_average,132,DG,theta,Intermediate,10,26,-0.1522794122494587,0.24868979567283578,-0.26820840061625423,0.382085854965513,0.006569676208641104
control,515,visual,41,cohort_average,132,DG,theta,Expert,10,26,0.08785137401392151,0.12568764055953735,-0.01748972861934429,0.20782822197083,0.0066768606223700025
control,515,visual,41,cohort_average,132,DG,beta,All,132,26,0.041929233231144586,0.30804772219528354,-0.027506651779653127,0.41124128773688096,0.0008770692462214394
control,515,visual,41,cohort_average,132,DG,beta,First 20,20,26,-0.1329890083931229,0.18535972856674537,0.11409087725460812,0.4270776581579876,0.010517644293522973
control,515,visual,41,cohort_average,132,DG,beta,Trials 4-10,7,26,0.12178712905378611,0.05496134415197802,-0.12111436239983538,0.1781719717243286,-0.010271017833978355
control,515,visual,41,cohort_average,132,DG,beta,Intermediate,10,26,0.13471873122812722,-0.12736050988706582,-0.21023986669681244,-0.05798898960741279,-0.013206813083973534
control,515,visual,41,cohort_average,132,DG,beta,Expert,10,26,0.02339069144972273,0.09110503847616275,0.046925110182577445,0.2631647805085864,0.007394914975880377
control,515,visual,41,cohort_average,132,DG,low_gamma,All,132,26,0.1470580359504024,0.329528954210595,0.2959395292106133,0.3593652967196931,0.0013816243394668525
control,515,visual,41,cohort_average,132,DG,low_gamma,First 20,20,26,-0.18033892736791116,0.1939467939801091,0.08617911343261422,0.2733801043495804,0.0013646475803404537
control,515,visual,41,cohort_average,132,DG,low_gamma,Trials 4-10,7,26,0.05141489677574365,0.4021623054114809,0.19805917083298896,0.4239373624915095,0.051691037336215176
control,515,visual,41,cohort_average,132,DG,low_gamma,Intermediate,10,26,0.07817078349198231,0.2522363451597448,0.18448352639185628,0.29667572113385704,0.02762886684027599
control,515,visual,41,cohort_average,132,DG,low_gamma,Expert,10,26,0.11259599277549884,0.11817185798769897,0.09625432705270355,0.13922118481877838,0.0075982835935028145
control,515,visual,41,cohort_average,132,DG,high_gamma,All,132,26,-0.020009673922251545,-0.8412663454512617,-1.1055039270117952,-0.20389301878008417,-0.0008281767246857254
control,515,visual,41,cohort_average,132,DG,high_gamma,First 20,20,26,-0.2802330025884555,0.06672090043291662,0.014883343897835397,0.1710389802582885,0.006587175204411832
control,515,visual,41,cohort_average,132,DG,high_gamma,Trials 4-10,7,26,0.04418216009019674,-0.09676905545430345,-0.1799744001682211,0.1500961455515301,-0.0011031452221466392
control,515,visual,41,cohort_average,132,DG,high_gamma,Intermediate,10,26,0.16189280715165486,0.2448067161077234,0.09284460847001705,0.39087546124963873,0.017166627163759995
control,515,visual,41,cohort_average,132,DG,high_gamma,Expert,10,26,0.2693756030816453,0.04316835123671903,0.013421698400905489,0.058149613389499394,0.003107088133357095
control,515,visual,41,cohort_average,132,DG,total,All,132,26,0.11080724389252744,-0.07365827698519206,-0.29926229859691533,0.16557172711498874,0.0006341966994459228
control,515,visual,41,cohort_average,132,DG,total,First 20,20,26,0.06727435650368016,-0.11939870923268121,-0.200270592105603,-0.05185802777379918,-0.0008077069402020428
control,515,visual,41,cohort_average,132,DG,total,Trials 4-10,7,26,0.09161849581186891,-0.01376861410614507,-0.05551874640380644,0.15503362375811053,0.008951164901615493
control,515,visual,41,cohort_average,132,DG,total,Intermediate,10,26,0.10719096775824638,0.21705533847952996,0.08414497056411789,0.34988560607985675,0.013144739603975612
control,515,visual,41,cohort_average,132,DG,total,Expert,10,26,0.3454879092867258,-0.10846775691674221,-0.39619114684330714,0.14395705920124582,-0.005832767409609918
control,817,striatum,41,cohort_average,137,DMS,theta,All,137,62,-0.06846584987182147,0.2671246142661622,0.048891081176003166,0.38969222976614176,0.0035788016831411334
control,817,striatum,41,cohort_average,137,DMS,theta,First 20,20,62,-0.13876838082742873,-0.15019749964976015,-0.21916984248958374,0.0015745784247573023,0.002757244928507459
control,817,striatum,41,cohort_average,137,DMS,theta,Trials 4-10,7,62,-0.12112685868852649,-0.0621202519822564,-0.2267060062892484,0.08424472863912105,-0.0041519302197376515
control,817,striatum,41,cohort_average,137,DMS,theta,Intermediate,10,62,0.0427624845191699,0.046834326144924054,-0.2541052649718275,0.18710675805548707,-0.0019126818144598518
control,817,striatum,41,cohort_average,137,DMS,theta,Expert,10,62,-0.01944611985020781,0.42330461647053264,0.2195825346227039,0.4802687404004273,0.004931498376309422
control,817,striatum,41,cohort_average,137,DMS,beta,All,137,62,-0.21164461448777838,0.0408056104785022,-0.2569164461927118,0.21920541192934345,-0.00015218261061340703
control,817,striatum,41,cohort_average,137,DMS,beta,First 20,20,62,-0.04456580605746008,-0.007293500710581469,-0.19486622068838183,0.2246345208797223,0.0007380270989808012
control,817,striatum,41,cohort_average,137,DMS,beta,Trials 4-10,7,62,-0.011421023279735359,0.2381881631921035,-0.07873951754317941,0.3355845234720991,0.021025110375043704
control,817,striatum,41,cohort_average,137,DMS,beta,Intermediate,10,62,-0.0840824706846175,0.08656845558388712,-0.1000951229488867,0.16824620857155245,-0.006148244852914833
control,817,striatum,41,cohort_average,137,DMS,beta,Expert,10,62,-0.08555088247613138,-0.2598989107800313,-0.3834351551422884,-0.02782275894422149,-0.0097750755899575
control,817,striatum,41,cohort_average,137,DMS,low_gamma,All,137,62,-0.12825174058779545,-0.044566824392514165,-0.16642930427135094,0.16530659270047557,-8.505466583024377e-05
control,817,striatum,41,cohort_average,137,DMS,low_gamma,First 20,20,62,0.06545019354496368,-0.016087038267390726,-0.28657897919351905,0.09327143003873442,-0.0027252499019325715
control,817,striatum,41,cohort_average,137,DMS,low_gamma,Trials 4-10,7,62,-0.1053329878486525,0.10711638762294941,-0.15365561909810693,0.24468760396540962,-0.0066875639893036595
control,817,striatum,41,cohort_average,137,DMS,low_gamma,Intermediate,10,62,-0.1608379464041936,-0.06315503407280282,-0.3299372630977385,0.12890932356773802,-0.004392820331159045
control,817,striatum,41,cohort_average,137,DMS,low_gamma,Expert,10,62,-0.07422784292647672,-0.04788688100579071,-0.24240222400272549,0.08969316914424301,-0.021737632979651058
control,817,striatum,41,cohort_average,137,DMS,high_gamma,All,137,62,-0.21179334676137274,0.07700081734917416,-0.03570187229180461,0.25813559320311685,0.0007595154662413486
control,817,striatum,41,cohort_average,137,DMS,high_gamma,First 20,20,62,-0.10039563534779788,0.033783583896257886,-0.10067498731008928,0.19782439480571623,0.0032650960492625804
control,817,striatum,41,cohort_average,137,DMS,high_gamma,Trials 4-10,7,62,-0.016870836832588457,0.044285359988935985,-0.2602879298416963,0.24002974626056228,-0.0010414359610508895
control,817,striatum,41,cohort_average,137,DMS,high_gamma,Intermediate,10,62,-0.09696839360803511,0.05992275086834403,-0.046359386310599486,0.20988161821020018,0.0145562070912669
control,817,striatum,41,cohort_average,137,DMS,high_gamma,Expert,10,62,0.009788647126660603,0.11512840649845858,-0.04096898568737442,0.24422524040997556,-0.000576183532386377
control,817,striatum,41,cohort_average,137,DMS,total,All,137,62,-0.29423348874172217,0.4075859097309428,0.07310129805995523,0.497626964170166,0.006277042096912273
control,817,striatum,41,cohort_average,137,DMS,total,First 20,20,62,-0.03608240496557738,0.254570639968366,0.13623704349456064,0.37697753597061745,0.02002013873165996
control,817,striatum,41,cohort_average,137,DMS,total,Trials 4-10,7,62,-0.07265868431023034,0.2251918819521468,0.08309747412723806,0.3322315833401483,0.04933117640980436
control,817,striatum,41,cohort_average,137,DMS,total,Intermediate,10,62,0.010750745521614789,0.14187644387478543,-0.2128334885981447,0.24932749440943833,0.011794558119795911
control,817,striatum,41,cohort_average,137,DMS,total,Expert,10,62,0.018691884145715765,0.19955948387892952,0.08280998533612281,0.2502611964776682,0.01469342182120343
control,817,striatum,41,cohort_average,137,DLS,theta,All,137,52,-0.09089576879963229,0.2916994211863987,0.21864363322347824,0.36338654361167216,0.002312283252166046
control,817,striatum,41,cohort_average,137,DLS,theta,First 20,20,52,-0.1125318542320358,-0.09859143299100576,-0.26091947290568124,0.0960515553910544,0.00535248743811268
control,817,striatum,41,cohort_average,137,DLS,theta,Trials 4-10,7,52,-0.09925605331028373,-0.07716410606850496,-0.16591089135048076,0.004715221488116513,-0.0010885743907490292
control,817,striatum,41,cohort_average,137,DLS,theta,Intermediate,10,52,0.23759310184382582,-0.20469222644928475,-0.3132502190268961,-0.09332519790186422,-0.03849657505271455
control,817,striatum,41,cohort_average,137,DLS,theta,Expert,10,52,-0.0847125761545175,0.3584271344125705,0.29191253885583623,0.4005026573863666,0.02059723211097645
control,817,striatum,41,cohort_average,137,DLS,beta,All,137,52,-0.12218746703891817,0.3588610441395762,0.1804140642926697,0.5137169846241064,0.0009605648459003241
control,817,striatum,41,cohort_average,137,DLS,beta,First 20,20,52,-0.12456586565828566,0.021547784530294656,-0.13498512369287002,0.14492953234888342,0.0036229721707969316
control,817,striatum,41,cohort_average,137,DLS,beta,Trials 4-10,7,52,-0.11976395264522675,0.18035865585526822,0.11162071784495087,0.27078166829113715,0.03137882365073097
control,817,striatum,41,cohort_average,137,DLS,beta,Intermediate,10,52,-0.0840774801582592,0.005086564246193617,-0.23958396136230162,0.09114367261111833,0.010110566328303637
control,817,striatum,41,cohort_average,137,DLS,beta,Expert,10,52,0.02939423869664924,0.13675907215221184,-0.04632458397165988,0.24619160244553165,0.021817129504414452
control,817,striatum,41,cohort_average,137,DLS,low_gamma,All,137,52,-0.08675264130708396,0.0017417727289632157,-0.22129255753614693,0.12481749520370194,-0.000471198397077264
control,817,striatum,41,cohort_average,137,DLS,low_gamma,First 20,20,52,-0.005543698064943889,-0.17514178020483548,-0.2653183562081487,-0.0250248232223145,0.002289070980184932
control,817,striatum,41,cohort_average,137,DLS,low_gamma,Trials 4-10,7,52,0.06851816339607686,-0.11728319536415736,-0.22720744007271776,0.012395030066981925,-0.0045983382088126325
control,817,striatum,41,cohort_average,137,DLS,low_gamma,Intermediate,10,52,-0.09555122222057441,0.26208315392469095,0.059670372504041176,0.3532892079507712,0.02556504722799154
control,817,striatum,41,cohort_average,137,DLS,low_gamma,Expert,10,52,0.0327655031599134,0.14133005201053256,-0.0659371164613467,0.31457851285170835,0.0033813464667597163
control,817,striatum,41,cohort_average,137,DLS,high_gamma,All,137,52,-0.3015183231943618,0.2521392352349634,0.09814165389595447,0.39451807762872004,0.0029314812050748474
control,817,striatum,41,cohort_average,137,DLS,high_gamma,First 20,20,52,-0.06910529187991712,0.1367675884912285,-0.03722815309207912,0.32018822849420747,0.001289767339059147
control,817,striatum,41,cohort_average,137,DLS,high_gamma,Trials 4-10,7,52,-0.08049773388924869,0.0739911475274306,-0.15728805290609993,0.22312515351309756,0.007456819446492954
control,817,striatum,41,cohort_average,137,DLS,high_gamma,Intermediate,10,52,-0.1297791827765989,0.23117345233161224,0.043303458481794344,0.3510473777630636,0.01781559171652041
control,817,striatum,41,cohort_average,137,DLS,high_gamma,Expert,10,52,-0.19696860445560466,0.0937322776359685,-0.12484284958309577,0.2874438642597899,0.0054101941473297666
control,817,striatum,41,cohort_average,137,DLS,total,All,137,52,-0.09614303678658934,0.25268911743891614,0.1298016658563326,0.32015483809598266,0.0013701685221186842
control,817,striatum,41,cohort_average,137,DLS,total,First 20,20,52,-0.08578213021683062,-0.27553485294368074,-0.37238422255592746,-0.15522530350685107,-0.0009467499986070094
control,817,striatum,41,cohort_average,137,DLS,total,Trials 4-10,7,52,-0.06920029893544224,0.11494239675224135,-0.012259005867744564,0.2326566054037568,0.02435594029993615
control,817,striatum,41,cohort_average,137,DLS,total,Intermediate,10,52,-0.05755008137163181,0.1566456644904711,0.04129653816773767,0.23977945926873465,0.0006627125850825529
control,817,striatum,41,cohort_average,137,DLS,total,Expert,10,52,-0.09939327579538218,-0.0507956768569718,-0.1312255304470215,0.07826992024675565,-0.009894102258677068
control,817,striatum,41,cohort_average,137,ACC,theta,All,137,42,-0.1410801265829712,0.40912752168814026,0.13837694393077649,0.47739967670981365,0.0018568197902351364
control,817,striatum,41,cohort_average,137,ACC,theta,First 20,20,42,-0.14358091912554927,0.18152883580063686,0.03523200035277768,0.2531009371098358,0.00513022960421184
control,817,striatum,41,cohort_average,137,ACC,theta,Trials 4-10,7,42,-0.04972439055795356,-0.18425822524867905,-0.3646768956238851,-0.025595308494259755,-0.023777917710140012
control,817,striatum,41,cohort_average,137,ACC,theta,Intermediate,10,42,-0.030676481969494185,-0.2688176561647278,-0.324962340699052,-0.17838750992248362,-0.017201915563597986
control,817,striatum,41,cohort_average,137,ACC,theta,Expert,10,42,0.021137338132385698,0.37485946687364846,0.2984500246015279,0.44451493858816943,0.039868874687834385
control,817,striatum,41,cohort_average,137,ACC,beta,All,137,42,-0.17733664236865448,-0.0378357982177836,-0.09194333803360717,0.02065932978257909,-0.0005856479520267948
control,817,striatum,41,cohort_average,137,ACC,beta,First 20,20,42,0.05608590840979752,0.07945195746189493,-0.3865326859876639,0.1739022398407577,-0.008151925056849467
control,817,striatum,41,cohort_average,137,ACC,beta,Trials 4-10,7,42,-0.20492733692268764,0.2953764734035951,-0.06271963810621112,0.37634397800558533,0.04753089108695337
control,817,striatum,41,cohort_average,137,ACC,beta,Intermediate,10,42,-0.10075859179764647,0.10136829642574899,-0.0954130547800181,0.2610652291890927,0.0010148700711068693
control,817,striatum,41,cohort_average,137,ACC,beta,Expert,10,42,-0.082964840229836,-0.12826007438820164,-0.18557795790010545,-0.06684793227925692,-0.015391767394159895
control,817,striatum,41,cohort_average,137,ACC,low_gamma,All,137,42,-0.06004751853930937,-0.16071524460005338,-0.39577726324758394,0.08568416747634923,0.0006737640303489283
control,817,striatum,41,cohort_average,137,ACC,low_gamma,First 20,20,42,-0.05147789609116475,-0.054629471034122634,-0.15179379162691212,0.17043949110278467,-0.004272549533466136
control,817,striatum,41,cohort_average,137,ACC,low_gamma,Trials 4-10,7,42,-0.22807902430702065,-0.3140037022741468,-0.3811689685947144,-0.2270791703071242,-0.021910992090684502
control,817,striatum,41,cohort_average,137,ACC,low_gamma,Intermediate,10,42,-0.4132239543731103,0.1649336100748322,0.03217603883949364,0.28297518791934145,0.007781209513619566
control,817,striatum,41,cohort_average,137,ACC,low_gamma,Expert,10,42,-0.04482403210055014,0.08865826169166592,-0.03239856361023491,0.18059524379318076,-0.002141673982855548
control,817,striatum,41,cohort_average,137,ACC,high_gamma,All,137,42,-0.05127834548115172,0.23747317240599203,0.17818075601629818,0.32190431673023334,0.0006818937025466515
control,817,striatum,41,cohort_average,137,ACC,high_gamma,First 20,20,42,-0.20957941953971693,-0.06574129142134741,-0.22428434031582345,0.0006037595431083449,-0.008430745359252128
control,817,striatum,41,cohort_average,137,ACC,high_gamma,Trials 4-10,7,42,-0.02781118793901339,-0.1136231446547322,-0.22779940824973127,0.0699725641225839,-0.016214151688316428
control,817,striatum,41,cohort_average,137,ACC,high_gamma,Intermediate,10,42,-0.16290183550859577,0.2552807996883453,0.17590207026268462,0.356983438048609,0.019127384503076612
control,817,striatum,41,cohort_average,137,ACC,high_gamma,Expert,10,42,0.04108042396677537,0.09786161213472112,-0.08708598042344298,0.1452685858063411,-0.00395336142088457
control,817,striatum,41,cohort_average,137,ACC,total,All,137,42,-0.3017575348062883,0.30236633340381197,0.2659985828482946,0.3538019928488872,0.0030641341568928117
control,817,striatum,41,cohort_average,137,ACC,total,First 20,20,42,-0.09734596706343254,0.32086817933292827,0.23049832433443634,0.383083533578935,0.016127326854126905
control,817,striatum,41,cohort_average,137,ACC,total,Trials 4-10,7,42,-0.09815010660090462,-0.0038474659648056395,-0.09233062652406798,0.12036544485846924,0.010207194862581242
control,817,striatum,41,cohort_average,137,ACC,total,Intermediate,10,42,-0.12334621461902007,0.04916228602146224,-0.029596702770418915,0.13959963592812333,0.020762290488230854
control,817,striatum,41,cohort_average,137,ACC,total,Expert,10,42,0.007778893854021196,-0.08152949321547066,-0.25274832751854526,0.14675873059508288,-0.008869605066781226
control,817,visual,41,cohort_average,137,V1,theta,All,137,86,-0.2545024444977412,0.554896914243407,0.49945011988799387,0.7975145968555832,0.00934764201126009
control,817,visual,41,cohort_average,137,V1,theta,First 20,20,86,-0.24404817276266488,-0.5080703311621209,-0.6265841050959503,-0.2530681267134362,-0.009074821697348308
control,817,visual,41,cohort_average,137,V1,theta,Trials 4-10,7,86,-0.05565843581992176,0.17747851556032646,-0.26312940437894483,0.264934361088878,0.006874760354049883
control,817,visual,41,cohort_average,137,V1,theta,Intermediate,10,86,0.12230390840665324,0.39896270368348596,0.34770888137214284,0.47217960679282606,0.02301509151645511
control,817,visual,41,cohort_average,137,V1,theta,Expert,10,86,-0.032823731705887885,0.07892317532757484,-0.12376649741785599,0.37483258052796775,-0.009498054403985079
control,817,visual,41,cohort_average,137,V1,beta,All,137,86,-0.5721342060631254,0.8798312057951697,0.4859222973898842,0.9324378737799124,0.04413645194858007
control,817,visual,41,cohort_average,137,V1,beta,First 20,20,86,-0.3323298028814699,0.25047138966392823,0.08939664217250529,0.6161768051611304,0.015795699616035937
control,817,visual,41,cohort_average,137,V1,beta,Trials 4-10,7,86,-0.10828827431956659,-0.14842314704345916,-0.20724320331425836,0.003613849976831779,0.004200126823021998
control,817,visual,41,cohort_average,137,V1,beta,Intermediate,10,86,-0.09657113374472082,0.16917996729154977,0.04718771892534755,0.5622221328545179,0.04675481450730189
control,817,visual,41,cohort_average,137,V1,beta,Expert,10,86,-0.24576998566534008,0.32231590355083656,0.17759282436871038,0.44857662149880323,0.0721469475214023
control,817,visual,41,cohort_average,137,V1,low_gamma,All,137,86,-0.3442362407267501,0.6373997970814707,0.3947643341909654,0.7684645999419046,0.007167754419994439
control,817,visual,41,cohort_average,137,V1,low_gamma,First 20,20,86,-0.07017784531259474,0.09404831915540027,0.03137421888385256,0.21714611795048175,0.0020624907033945936
control,817,visual,41,cohort_average,137,V1,low_gamma,Trials 4-10,7,86,-0.042423705961941595,0.12350436407678482,0.03216594845638779,0.20957999446950315,0.007146747679297108
control,817,visual,41,cohort_average,137,V1,low_gamma,Intermediate,10,86,-0.07600033979713133,-0.06103224984681657,-0.477990380700958,0.30977657557281235,0.0032003749022367378
control,817,visual,41,cohort_average,137,V1,low_gamma,Expert,10,86,-0.09023229954990619,0.4753468437263805,0.09784981355128101,0.5437087994323636,0.004464101007995147
control,817,visual,41,cohort_average,137,V1,high_gamma,All,137,86,-0.5443495325830191,0.748692728304548,0.5132323175522564,0.8021838632662368,0.020830389966689906
control,817,visual,41,cohort_average,137,V1,high_gamma,First 20,20,86,-0.1596431445626098,0.4881218888559101,0.3427337825546638,0.5499455115398965,0.044501067783565926
control,817,visual,41,cohort_average,137,V1,high_gamma,Trials 4-10,7,86,-0.017293048215062633,0.33594417497536405,0.2552678918212231,0.4093847433831402,0.02535711691455708
control,817,visual,41,cohort_average,137,V1,high_gamma,Intermediate,10,86,-0.18078291102271354,0.1373280789824196,-0.2191873866748917,0.30877497397830406,0.033668270750753175
control,817,visual,41,cohort_average,137,V1,high_gamma,Expert,10,86,0.07773089931668276,0.08361183429672397,-0.1772824344819147,0.21148527590606953,0.02444920649308589
control,817,visual,41,cohort_average,137,V1,total,All,137,86,-0.4749145208985531,0.8712036356169549,0.7831983425546005,0.9160229158701982,0.039800737545782436
control,817,visual,41,cohort_average,137,V1,total,First 20,20,86,-0.2990596954863591,0.47535001617067063,0.33263201091083405,0.5315822226915837,0.029458544263514012
control,817,visual,41,cohort_average,137,V1,total,Trials 4-10,7,86,-0.019520524227806816,0.289295741349405,0.08536050052954411,0.3763847162033429,0.040957037514181005
control,817,visual,41,cohort_average,137,V1,total,Intermediate,10,86,-0.05071986570497726,0.49071646232918364,0.4280389804674052,0.5345723322790589,0.06828783524963991
control,817,visual,41,cohort_average,137,V1,total,Expert,10,86,-0.01074540000487112,0.2852049717527224,0.22481335584803058,0.44794388908588934,0.0193516171497925
control,817,visual,41,cohort_average,137,CA1,theta,All,137,72,-0.2742577065553732,0.410693432132328,0.3467295894765306,0.5317007965909131,0.007534095570177113
control,817,visual,41,cohort_average,137,CA1,theta,First 20,20,72,-0.13278408099813144,0.10117032217347056,-0.32642354785878125,0.2370098582252846,0.00400902456071875
control,817,visual,41,cohort_average,137,CA1,theta,Trials 4-10,7,72,-0.1592830261101637,-0.09627796179727902,-0.4051927326758603,0.05792515102775469,-0.010803186811169818
control,817,visual,41,cohort_average,137,CA1,theta,Intermediate,10,72,-0.021776927819546883,0.03139510746209319,-0.3523808348248947,0.1996715013799983,0.017573977238403933
control,817,visual,41,cohort_average,137,CA1,theta,Expert,10,72,-0.09492161168091076,0.20066827991321895,0.14173752810819223,0.3626387346919512,0.0018519507935562003
control,817,visual,41,cohort_average,137,CA1,beta,All,137,72,-0.158050203202592,0.38578689200175725,0.12484268131773252,0.45500102088768124,0.0040208507401770215
control,817,visual,41,cohort_average,137,CA1,beta,First 20,20,72,-0.2572037334652751,-0.08273642507458885,-0.2759624018121304,0.06382300884444891,-0.0038421822807442364
control,817,visual,41,cohort_average,137,CA1,beta,Trials 4-10,7,72,-0.08611450990787922,-0.35914324552864446,-0.4664466003551999,-0.24091045472829292,-0.03716249346442045
control,817,visual,41,cohort_average,137,CA1,beta,Intermediate,10,72,-0.06890133298495876,0.04024954297286426,-0.09168398462522778,0.11157075193911312,0.014305822705719604
control,817,visual,41,cohort_average,137,CA1,beta,Expert,10,72,-0.15018110975059862,0.2303945538979682,0.0704885036193835,0.29425742782134606,0.0013478901774068971
control,817,visual,41,cohort_average,137,CA1,low_gamma,All,137,72,0.09866758113989114,0.26176514384633787,0.17107990070691612,0.37318839633175765,0.0040990709134685385
control,817,visual,41,cohort_average,137,CA1,low_gamma,First 20,20,72,0.041900799977262426,0.04082859362346038,-0.35094111588489507,0.17925447799047645,-0.0021022277812696977
control,817,visual,41,cohort_average,137,CA1,low_gamma,Trials 4-10,7,72,-0.08678664432550717,0.11193984580446864,-0.43450286156906115,0.26621507163388625,-0.011936219394806928
control,817,visual,41,cohort_average,137,CA1,low_gamma,Intermediate,10,72,0.04263977601510546,0.029552573118621066,-0.3507445935158504,0.1860115569591044,0.005688283620265371
control,817,visual,41,cohort_average,137,CA1,low_gamma,Expert,10,72,-0.033747060001562315,0.11941372554052065,0.03108770796214439,0.2698684623805982,0.012138535660473182
control,817,visual,41,cohort_average,137,CA1,high_gamma,All,137,72,-0.24828099683939886,0.324528265711815,0.2567568033564881,0.4911549965876691,0.0040894798720966415
control,817,visual,41,cohort_average,137,CA1,high_gamma,First 20,20,72,-0.22969623593200672,0.20659195727957824,0.07724890867661471,0.32868028425230544,0.012229190762181924
control,817,visual,41,cohort_average,137,CA1,high_gamma,Trials 4-10,7,72,-0.08859802323133506,0.17512887905059055,-0.0070363506738864556,0.31707599066597325,-0.01878143478561986
control,817,visual,41,cohort_average,137,CA1,high_gamma,Intermediate,10,72,0.024191927186918146,-0.5620175690841718,-0.8811521529152304,-0.32104845112207836,-0.027478624139034888
control,817,visual,41,cohort_average,137,CA1,high_gamma,Expert,10,72,0.11753838207747182,0.012878499711321156,-0.22078138275749318,0.17872429723032401,0.009744149398692385
control,817,visual,41,cohort_average,137,CA1,total,All,137,72,-0.30429999339916947,0.5594501048712303,0.4911387545255761,0.584276798520413,0.00792855663555593
control,817,visual,41,cohort_average,137,CA1,total,First 20,20,72,-0.14149849217143287,0.10683011568807342,0.0024483047732430808,0.24316487811321263,0.0070281135064595
control,817,visual,41,cohort_average,137,CA1,total,Trials 4-10,7,72,-0.04916212311769896,-0.0828739218077929,-0.16190204411136477,0.06938480746387811,-0.020268657806550995
control,817,visual,41,cohort_average,137,CA1,total,Intermediate,10,72,-0.07007369163728724,0.06524522272911361,-0.2936936230922238,0.31245199569758364,0.014795007747630314
control,817,visual,41,cohort_average,137,CA1,total,Expert,10,72,-0.0316256589413838,0.20548173239720316,0.146536984721703,0.2556116060128286,0.01631030991441152
control,817,visual,41,cohort_average,137,DG,theta,All,137,56,-0.3666731216639099,0.6295973545555129,0.3365773989764028,0.6751994921067251,0.013276920159457209
control,817,visual,41,cohort_average,137,DG,theta,First 20,20,56,-0.14816756839360673,0.0511205365976546,-0.02374144586233413,0.11459159778656525,0.013088665474645909
control,817,visual,41,cohort_average,137,DG,theta,Trials 4-10,7,56,-0.08230192015889651,-0.4421170515396212,-0.6225518811034958,-0.35195199369171654,-0.019742795466338135
control,817,visual,41,cohort_average,137,DG,theta,Intermediate,10,56,-0.11600450357530992,0.4129350058720308,0.3844718001747873,0.4315605656113683,0.0704818873676548
control,817,visual,41,cohort_average,137,DG,theta,Expert,10,56,-0.11995537245853573,0.01048220310391849,-0.06537956861662984,0.04233854549350547,-0.004780307007990667
control,817,visual,41,cohort_average,137,DG,beta,All,137,56,-0.1292374014477051,0.31405997267163493,0.21475778773196533,0.32901024645588256,0.0032034549427685617
control,817,visual,41,cohort_average,137,DG,beta,First 20,20,56,-0.1082580113330863,-0.3680014165773539,-0.47839896654513275,-0.2084157810096961,-0.016134041259895423
control,817,visual,41,cohort_average,137,DG,beta,Trials 4-10,7,56,0.025419316366256453,-0.14083477527032906,-0.18841633452168918,-0.09638381703300548,-0.018641041633201388
control,817,visual,41,cohort_average,137,DG,beta,Intermediate,10,56,-0.0653613316076388,-0.17153506777787264,-0.24537602500908876,-0.07731656284698395,-0.006690725307729605
control,817,visual,41,cohort_average,137,DG,beta,Expert,10,56,-0.3105618983793915,0.034338849455705284,-0.04592462090028774,0.18876341616104572,0.019616335840222203
control,817,visual,41,cohort_average,137,DG,low_gamma,All,137,56,-0.003790358024583467,0.2938458617378967,0.1980398604810968,0.34277413279087965,0.001694402349672369
control,817,visual,41,cohort_average,137,DG,low_gamma,First 20,20,56,-0.2687851492878669,-0.09858530562149673,-0.35915390576208917,-0.03933035158628756,-0.007714095869452552
control,817,visual,41,cohort_average,137,DG,low_gamma,Trials 4-10,7,56,-0.2344007643444148,-0.07456349471666221,-0.1815745018133019,0.005232896930087624,-0.010418032917069622
control,817,visual,41,cohort_average,137,DG,low_gamma,Intermediate,10,56,-0.14437814021977713,0.12035695328701719,-0.2061834145959594,0.2265933427820217,-0.010511452224989521
control,817,visual,41,cohort_average,137,DG,low_gamma,Expert,10,56,-0.11066976378606427,0.4417810787381502,0.2382096130963384,0.5009534017724369,0.05039259739003406
control,817,visual,41,cohort_average,137,DG,high_gamma,All,137,56,-0.38519155497065544,0.3465759767585275,0.30437391431257216,0.3854433509135934,0.0016362288412095564
control,817,visual,41,cohort_average,137,DG,high_gamma,First 20,20,56,-0.244213291096186,0.050742735497660424,-0.02983291870943878,0.07456448964581043,-0.00582200353632925
control,817,visual,41,cohort_average,137,DG,high_gamma,Trials 4-10,7,56,-0.14212660328722093,-0.16501811963648588,-0.19546238978371072,-0.11647266365384978,-0.020669822717409123
control,817,visual,41,cohort_average,137,DG,high_gamma,Intermediate,10,56,-0.17985347760122966,0.04918851100094081,0.01698387168571665,0.09372724598639685,-0.002004152088457776
control,817,visual,41,cohort_average,137,DG,high_gamma,Expert,10,56,-0.025678619900799525,-0.09290058956232163,-0.13464334491899776,-0.0573319124655705,-0.01635306515258678
control,817,visual,41,cohort_average,137,DG,total,All,137,56,-0.31183533486931425,0.5972604481047172,0.472264326592026,0.6244873976639704,0.011459364294771943
control,817,visual,41,cohort_average,137,DG,total,First 20,20,56,-0.21018481391167293,0.3421814883355989,0.23581818230008317,0.3800080675028654,0.021689364258766202
control,817,visual,41,cohort_average,137,DG,total,Trials 4-10,7,56,-0.11131988536059746,-0.029257653875213334,-0.06632540682973911,-0.004615331723139382,-0.019429776886531448
control,817,visual,41,cohort_average,137,DG,total,Intermediate,10,56,-0.12261741584169855,0.26598160404031385,-0.003966933823316391,0.3059184419452752,0.04416837412602817
control,817,visual,41,cohort_average,137,DG,total,Expert,10,56,-0.03561877866841255,-0.4898489380214335,-0.5775137963837529,-0.10515057933191688,-0.022734558663571193
